Sample	Queue Length	Avg Waiting Time
1018	6		11.370224868075638
2101	55		121.23203544690568
3109	59		129.98536619745119
4155	104		188.65381147486278
5226	162		322.5738207863578
6251	173		366.43755383568714
7297	188		360.5901509456435
8371	241		452.01119124754587
9375	205		404.9500920505816
10337	146		282.3293247579786
11373	146		280.47841945750406
12419	150		299.75781107672447
13430	142		323.7981289055824
14466	169		326.61126602271906
15531	194		420.40071600500596
16546	195		414.4756661425272
17575	203		416.9694287655584
18660	256		522.5483784425596
19744	321		614.3104169594008
20785	353		689.9330283241943
21871	404		763.8234367231853
22885	372		734.8177088511293
23943	390		785.3505474318154
24960	354		677.1381241462877
25908	286		554.2625576911378
26928	289		564.3340660111498
27894	240		480.715647824647
28949	277		516.1662612192085
29998	281		552.1157720146148
31054	282		571.1164966873839
32009	202		440.44279181212914
33015	188		363.17756084403663
34091	239		476.24389449163573
35149	280		529.0918615432311
36129	256		518.6129964568827
37209	285		566.1673744836735
38252	302		630.5086470907845
39314	352		658.8461589543731
40389	408		799.817295240151
41352	351		744.9358714794653
42378	324		636.6743850135535
43460	391		757.2754512691463
44553	436		858.5883067095565
45750	601		1090.3349002836476
46812	618		1213.6406243462698
47867	643		1226.7017220589041
48892	641		1311.6743223973172
49879	623		1301.240046163599
50897	633		1310.3573152016615
51857	564		1156.9009613684611
52912	594		1184.6438086369599
53957	626		1244.0862011162535
55009	653		1329.9416512846074
56047	647		1315.0688100349944
57042	626		1292.0913055277051
58055	614		1274.1974619371613
59064	621		1223.5460684015852
59997	554		1113.6058593861962
61036	577		1116.5096836349549
62044	552		1095.339546200339
63054	555		1070.3956486258394
64132	597		1145.4172350390581
65135	581		1107.5766415782127
66165	590		1199.581877798395
67292	681		1376.7704183864698
68258	609		1247.4783049158577
69259	564		1143.2694632158673
70325	595		1161.637550842046
71297	516		1051.8786944114836
72375	571		1115.7870417243394
73341	516		1034.1893176232115
74457	615		1144.4680410588626
75520	632		1229.082256278518
76595	691		1355.002707353211
77548	642		1252.500626391091
78604	672		1359.938710159884
79635	666		1323.4592915272806
80696	712		1426.5857517180266
81687	693		1419.0081732762628
82631	624		1332.8435572939052
83645	598		1224.737718086195
84663	577		1137.726756418182
85608	522		1029.4528603742947
86633	539		1002.4741824215744
87627	489		1064.0258025956864
88651	472		984.0872330355633
89705	514		1024.1149409842328
90804	579		1181.9248996513197
91848	577		1106.8609428151976
92950	637		1184.0941034552816
93928	610		1239.307041068183
94950	597		1111.5444198687037
95944	542		1090.4686285969801
96883	478		1034.0547367260442
97866	406		903.7719618805568
98910	397		810.3130679982714
99962	416		781.2526262177562
101016	441		866.1665714069386
102091	462		910.6710227658623
103102	448		971.1148765050748
104173	512		1047.3979800254747
105256	595		1210.7314465219679
106247	558		1160.2407932086207
107273	561		1130.7276933626272
108325	562		1201.5430652317882
109409	646		1166.6534466092126
110376	564		1178.5940105498594
111394	559		1125.0877195890644
112402	522		1033.8422056442942
113499	595		1146.1116845595825
114555	643		1319.067892344261
115573	622		1270.891055923974
116692	687		1345.5456224528898
117670	659		1305.2303803509858
118787	728		1430.2820387110696
119785	682		1381.0052812525537
120865	723		1412.6095161655685
121860	684		1364.2223957129172
122919	737		1358.404556707712
123982	776		1573.991103794251
125047	831		1663.9317583970842
126066	815		1667.2371341218532
127094	841		1723.4069400709704
128110	826		1655.504123053921
129135	820		1704.841147657804
130133	797		1631.9197545147908
131237	861		1655.312401125353
132254	847		1724.6150038230116
133296	884		1783.4022168816882
134309	896		1840.6895425516414
135301	872		1855.830183168233
136314	869		1785.6678448896273
137318	824		1716.2491432880634
138394	874		1723.7112182232668
139436	912		1804.0500368608627
140421	860		1725.0798032928724
141475	892		1807.737772579887
142491	901		1779.4800504735904
143509	882		1719.6027086607064
144525	866		1764.7615235017147
145572	907		1806.0710609983653
146622	928		1867.87876436871
147614	920		1840.1215318257455
148584	855		1762.6154052204802
149591	822		1628.729251918965
150593	819		1690.0784370163456
151659	865		1716.22559470142
152692	890		1698.2289901077747
153692	877		1773.3419827982434
154737	875		1772.7817441757652
155795	902		1708.2498273949604
156819	923		1802.3302599134622
157780	871		1803.9830472380272
158795	844		1664.5409555598744
159817	840		1636.0727343733888
160798	797		1600.8325483090593
161778	774		1585.8325812122785
162760	755		1532.3535098601133
163780	764		1565.5514269960113
164787	734		1515.6010922399
165782	724		1410.3663684893982
166844	775		1507.9369248710573
167818	705		1440.0253780278726
168786	667		1345.33532130596
169768	649		1277.9352302135085
170835	713		1409.1738324526232
171961	818		1544.7134310065885
172943	779		1583.4967584618134
173984	808		1507.7424585392
175039	859		1716.8085951034445
176063	846		1745.7020842388156
177151	897		1747.5493811950437
178203	915		1826.5540008557145
179231	931		1926.542497563234
180292	974		1924.7450504235458
181345	1002		1997.5406578234397
182382	1018		2048.0026782885543
183475	1083		2180.8337401722674
184534	1121		2135.483540377987
185543	1118		2301.8012051086407
186693	1235		2336.605312440719
187767	1277		2525.887412048294
188731	1233		2498.462770969025
189739	1226		2464.8633409311296
190749	1226		2458.5930799787748
191753	1197		2400.386262996297
192723	1156		2369.690309176047
193775	1157		2440.228071638907
194767	1113		2306.172238225001
195729	1075		2246.6265243139933
196779	1114		2154.2695484071155
197862	1152		2203.4000894356286
198828	1073		2223.7948922906653
199773	1014		2035.9893989851116
200848	1069		2090.253629139799
201923	1088		2125.8823044868186
203006	1128		2191.5438621300855
204014	1103		2297.144178210583
205007	1056		2119.361618822557
206057	1092		2192.140808356693
207078	1100		2196.0905655996175
208041	1009		2074.8422097670846
209124	1039		2002.7437671545194
210175	1063		2142.356127786974
211223	1095		2079.347280369897
212174	1043		2047.7916285374667
213201	1061		2055.0879529630765
214287	1138		2206.939593911695
215328	1174		2262.3385649352567
216363	1198		2317.866950627824
217458	1249		2403.2514806013205
218537	1311		2568.19885073544
219580	1336		2682.5770891490392
220572	1286		2611.650537948357
221604	1291		2528.669269557169
222640	1297		2603.9395729773096
223652	1275		2659.2060721405433
224681	1302		2629.6333266200963
225615	1234		2651.371454334643
226664	1227		2484.7510654779035
227750	1260		2515.806397893466
228765	1236		2554.6893516576383
229854	1309		2491.488448757562
230769	1196		2537.648991274298
231776	1175		2473.9924701236887
232920	1293		2535.86942230328
233925	1252		2453.896763239056
234889	1201		2506.973252081021
235995	1300		2463.0120685217553
237034	1310		2520.486293715716
238108	1352		2669.1031258715666
239088	1308		2611.682350565796
240160	1361		2649.882596339972
241179	1366		2789.0235758544295
242219	1396		2801.7191495984443
243298	1447		2817.592881567136
244396	1511		3023.60605908063
245397	1484		3112.027796202514
246447	1504		3094.656160252809
247396	1420		2948.528213447309
248403	1406		2800.2393306907034
249416	1406		2768.2053181100637
250405	1365		2780.0606139589217
251448	1381		2798.929626514029
252426	1355		2781.618076275103
253446	1360		2771.60967689089
254437	1330		2751.163672967523
255414	1296		2655.4179583176738
256406	1286		2584.486777656828
257355	1222		2563.807041589287
258409	1259		2435.8143137354637
259432	1245		2508.401669359242
260497	1284		2515.0010161515092
261498	1253		2468.5350426599034
262607	1333		2557.997820521239
263674	1355		2630.844648201135
264620	1300		2550.7758455883013
265601	1280		2602.6606657638913
266711	1371		2647.843301514513
267650	1310		2554.8421560635325
268640	1261		2630.396593036363
269662	1254		2612.194509976427
270599	1130		2420.7941450478975
271560	1069		2200.099050899269
272470	974		2044.366295685526
273502	984		1992.352267293958
274512	967		1996.372201695107
275489	935		1927.8598702348536
276511	921		1932.185790943331
277576	928		1806.643866015249
278610	921		1880.0684778799769
279649	919		1784.615242763306
280706	963		1812.8465576639865
281765	979		1967.932278354303
282731	934		1820.009633682901
283751	910		1872.7241363266949
284861	979		1963.004070515628
285863	940		1976.1895095037762
286901	967		1833.8269878344145
287910	963		1911.9513630534057
288971	1002		1974.4553294235375
289959	971		1968.6607955651125
290953	914		1925.8105118711246
292036	984		1890.3254389038775
293123	1021		1965.9488543156767
294129	994		1970.9196197255515
295051	873		1867.5994924253318
296070	884		1751.54698408267
297059	871		1731.3429351231316
298041	844		1729.4466178027214
299035	838		1682.0695096401032
300039	824		1631.0121217947453
301032	758		1494.0160033322172
301958	668		1456.6176518009743
302992	651		1276.629179823096
304009	638		1268.3076631360454
305040	625		1216.6834083948052
306015	592		1245.7165954334196
307027	586		1203.7280895229196
308027	563		1210.181604515994
309105	608		1244.3460937140044
310096	578		1183.9478046594886
311138	603		1107.2377732832683
312190	640		1210.5777812602464
313199	618		1270.8795030834153
314148	562		1114.25429532805
315243	623		1229.7403545805719
316335	679		1396.2430494885193
317279	618		1284.5168582575861
318312	630		1249.8381763530197
319276	565		1161.7731375837466
320245	523		1117.168957390706
321265	499		995.8918900412973
322237	470		917.3571184104076
323291	476		971.1742446551798
324266	443		880.9277021884918
325319	438		895.5969689849298
326393	486		917.0073935637483
327430	518		1005.3019172862405
328350	428		843.6173034663079
329348	401		763.0495963337598
330396	428		831.178717807401
331434	452		826.125273456797
332414	412		795.8675102416892
333441	417		862.4891823605867
334420	351		730.458877831581
335478	404		802.2826813926222
336475	375		773.6605689172866
337466	321		653.0173154094955
338512	355		697.842375237029
339528	333		646.4165745115606
340587	352		722.9944109782809
341618	367		732.9323173535522
342592	335		728.4054594452027
343636	370		783.1417260741582
344673	387		726.4438663452165
345670	377		736.4942607869161
346624	324		670.3729174634209
347742	394		814.7369122783421
348800	401		770.4349123057909
349900	491		932.2397448326228
350989	550		1178.9823577204952
352030	571		1109.3402538020164
353081	598		1146.2272138232365
354055	538		1092.0648483224213
355046	497		987.8252642527223
356001	451		925.5975523827365
357039	470		955.9022664934164
357969	369		826.8130904686404
358965	340		689.9943162827985
360059	417		800.0285332455533
361107	463		884.6689494218444
362106	433		945.6408846655395
363155	462		832.103602462681
364177	441		920.7318573771045
365243	469		907.6134298084071
366321	529		1051.3920294319978
367374	553		1139.906534739188
368338	486		1003.8973031275673
369393	500		941.8750566737726
370467	522		976.9427710360615
371487	480		980.1755337187788
372567	526		1069.3317729631672
373606	550		972.3201519779395
374602	532		1132.1903370881919
375577	477		977.8709191443631
376576	420		836.6475547594018
377616	415		865.6674886744004
378589	374		782.8856118336553
379608	388		816.573229667847
380665	412		766.9488323031692
381651	371		766.4817080077482
382720	413		735.1599411047064
383841	496		975.7534494035644
384874	495		1014.3996736172121
385928	539		1036.835043179337
386822	433		848.8853361014044
387857	456		854.3577015110059
388875	472		962.9425143101253
389825	412		815.5173184098676
390879	414		881.2970289640361
391873	383		831.8455234686844
392990	485		943.2886987893144
394026	500		978.1997057783883
395092	548		1087.1118204387603
396080	519		1096.8972021820955
397079	494		950.9934169258922
398128	520		978.1907991884509
399135	504		1027.7957893308485
400150	515		988.8769731582142
401162	510		1010.9401572373463
402292	613		1197.8498497774126
403325	638		1281.63730043557
404333	629		1213.5963972865138
405369	635		1298.480793200666
406409	636		1310.4884464843199
407442	659		1293.3803802224575
408418	635		1218.0632466610987
409503	697		1342.6797815789469
410557	717		1420.4678067058558
411541	701		1374.188239461393
412609	714		1513.3363738124026
413651	723		1473.4264918431873
414660	684		1448.9611842783634
415744	749		1441.211409642361
416840	797		1513.0687030148692
417796	748		1537.2410962643335
418841	792		1501.0317497032229
419844	762		1539.4096304804552
420829	724		1395.3601619809633
421847	735		1438.4338579437463
422856	728		1430.3206309239613
423913	784		1521.405727675883
424922	790		1616.8049477116438
426005	862		1651.130453230464
427074	913		1805.309335811995
428087	916		1825.069654724095
429122	942		1889.2511558765545
430113	929		1874.4824187972117
431188	966		1898.2321947573218
432248	990		1857.325552195427
433261	949		1960.842357848771
434288	971		1874.5216848333366
435340	973		1833.771587230498
436331	924		1839.7199484984158
437331	886		1770.9189364335034
438400	916		1807.1888715900714
439460	919		1802.7112815862056
440542	956		1899.4244453789433
441628	1000		1951.5279354898958
442623	980		1976.98273818905
443605	939		1908.451752394787
444580	897		1849.4598594272975
445599	900		1843.410349957645
446583	882		1762.2511944791768
447677	939		1795.8900103990454
448750	998		1941.2111195520265
449814	1030		2044.8172362576006
450926	1113		2201.4213223176776
451880	1044		2204.769382803235
452921	1046		2110.2043531388044
453979	1094		2165.236303740414
455075	1177		2243.6545514883474
456154	1211		2355.461575646419
457105	1159		2318.0948896910995
458185	1209		2357.3392227534205
459255	1264		2378.7146803024225
460316	1301		2495.993082489702
461296	1272		2640.29880915815
462336	1264		2524.5954353587003
463324	1213		2430.1436233839486
464381	1234		2449.005999496556
465452	1263		2478.47867142444
466440	1239		2543.217772386968
467460	1246		2571.09278195363
468557	1292		2467.5915450758766
469570	1253		2552.5970097916434
470706	1352		2655.2290867343545
471665	1304		2646.6608213590225
472705	1296		2623.5144281192916
473699	1279		2557.2705758550437
474743	1310		2534.9764760372927
475792	1312		2641.863242565305
476889	1376		2749.9693208459066
477908	1386		2692.5281611415558
478939	1374		2618.319856313872
480007	1392		2754.539001828991
481030	1407		2824.547870270675
481972	1336		2820.23564737814
483074	1395		2734.3140913896495
484044	1349		2632.530861477717
485086	1386		2628.1735490836436
486192	1479		2828.4502270887606
487178	1450		2845.6394809812773
488218	1472		2881.5803380183643
489227	1461		2865.5876370876795
490363	1578		3064.39826948836
491357	1568		3089.2283017234877
492427	1596		3164.8496718321694
493406	1565		3143.3476950369077
494460	1582		3171.7297248193063
495432	1537		3121.659016350517
496494	1574		3153.6058712829836
497476	1541		3043.6598663943587
498485	1500		3142.5751711097546
499525	1504		3045.6762418781873
500532	1507		3008.346183931455
501561	1482		2922.6713446604554
502615	1497		2989.6892421329394
503673	1521		3017.734057237627
504738	1548		3014.9788286538096
505742	1530		3100.325242129853
506681	1463		3059.8782154269284
507725	1470		3016.0492390751606
508721	1452		2856.530151030631
509686	1379		2822.7050494014984
510760	1418		2788.9452773481607
511765	1382		2827.9567885850556
512824	1409		2845.747907690122
513897	1453		2857.6336236367933
514988	1520		2922.2105733657954
516030	1550		3002.6309297848493
517053	1547		2991.9786888037343
518155	1601		3105.294756561867
519136	1537		3015.8050855627516
520123	1515		3119.693160288385
521058	1417		3041.9583169521065
522075	1416		2858.3847486063605
523101	1432		2775.4893413243117
524140	1450		2900.05875104398
525082	1379		2880.1897129530553
526213	1469		2901.6631145178108
527301	1527		2932.6391393877566
528345	1524		3063.8199568458367
529403	1553		3107.0546338984277
530376	1504		3172.319824555423
531448	1542		3248.9386227508076
532517	1590		3154.4871388117317
533574	1600		3139.9629740910605
534664	1670		3311.833685359452
535702	1665		3295.783265348058
536742	1684		3311.317278676899
537794	1730		3418.382022402715
538820	1712		3362.5194114099722
539819	1697		3375.1859679799527
540870	1739		3437.693462432362
541868	1704		3391.184256549226
542871	1671		3315.514520384604
543971	1741		3488.122031881707
544979	1711		3519.8603733177297
545982	1690		3448.549659563927
547016	1679		3411.8989598064218
548065	1722		3499.2437740962487
549082	1716		3399.284846290946
550130	1752		3472.977646715939
551195	1789		3561.508076772094
552233	1815		3588.143203436397
553249	1783		3667.2393008316867
554321	1817		3650.399042083882
555319	1791		3550.4165682913736
556350	1792		3628.3852950928267
557352	1793		3621.954242676962
558426	1859		3699.9139938724693
559468	1892		3762.59169626981
560464	1882		3828.980204010615
561528	1924		3849.492833455559
562480	1857		3787.582274435088
563515	1885		3787.1793616625946
564552	1892		3773.9663840460125
565550	1868		3784.0634353561327
566545	1838		3681.361085675657
567615	1899		3742.482841728488
568554	1816		3744.7098198856693
569625	1837		3700.437803295674
570609	1797		3584.2247621966526
571660	1799		3607.5538810596336
572699	1827		3714.1184822104406
573732	1839		3596.998779409565
574811	1891		3632.402440560283
575860	1910		3690.4154204484075
576963	1983		3792.3584031716455
578049	2065		3980.991395093035
579136	2146		4145.237061303109
580227	2200		4242.344366706442
581319	2267		4457.8522427971475
582309	2235		4535.909012718825
583329	2244		4602.054789717309
584438	2323		4565.857635103865
585465	2337		4556.652083231602
586457	2282		4700.057609767187
587458	2265		4626.113624684745
588540	2316		4579.074900987092
589454	2195		4438.742156869499
590463	2171		4343.060314014321
591482	2142		4254.484755330253
592502	2117		4157.590797986602
593572	2147		4221.682581223082
594580	2153		4250.665725875879
595580	2125		4198.693787882803
596629	2142		4300.216515666107
597611	2115		4281.717601303011
598603	2067		4272.904474128503
599596	2029		4186.034561283421
600563	1989		4077.2974820011295
601511	1920		4010.1764684140217
602554	1925		3836.0064853925724
603637	1949		3887.2476375740953
604646	1937		3885.6660507326014
605687	1953		3830.25541393389
606724	1950		3753.4084503266495
607769	1963		3889.19269254501
608806	1959		3838.744957129471
609829	1957		3828.0137480699923
610840	1957		3845.2763378084637
611815	1915		3856.622642958071
612731	1774		3767.20348690683
613802	1845		3770.3377766506746
614852	1863		3648.2038261943962
615841	1845		3681.660512176808
616764	1749		3671.36551016476
617765	1737		3603.026778383879
618803	1775		3591.1407300212886
619858	1788		3617.221775091253
620919	1826		3613.76482193172
621995	1877		3722.111783770146
622982	1853		3598.8484444573987
624090	1956		3740.8438528066035
625076	1921		3837.891711592907
626206	1994		4057.7742266247515
627207	1964		3975.6594414163847
628313	2032		4163.942170278635
629509	2191		4197.458585696295
630576	2239		4253.008787513012
631641	2294		4498.337301012361
632608	2252		4514.5621853962075
633608	2231		4549.323534048861
634614	2196		4403.5913662891835
635613	2186		4464.980316589354
636717	2238		4469.121018382721
637801	2275		4483.384729159065
638897	2334		4565.298922746908
639967	2351		4667.65994814178
641004	2363		4657.700956082204
642012	2315		4639.364621866727
643005	2265		4648.512876166496
644112	2323		4576.078683743486
645106	2300		4526.064780635061
646084	2268		4487.501707128016
647113	2260		4504.308872791706
648085	2215		4587.922207809519
649115	2234		4705.26976176654
650132	2242		4493.10045462125
651219	2290		4538.943367932923
652265	2297		4605.022037502611
653222	2222		4698.445832097437
654221	2211		4630.283748613903
655229	2217		4437.971555432072
656270	2216		4316.166763422079
657253	2169		4267.486599393422
658161	2069		4239.925305717392
659145	2019		4144.606606791727
660108	1953		4008.5726224670652
661144	1952		3983.6832775291987
662171	1951		3872.3888959975448
663167	1919		3911.677750141127
664100	1833		3775.7882782942615
665132	1845		3764.2922630971298
666118	1830		3739.0647115120664
667164	1853		3713.26379326405
668137	1817		3625.9890988753177
669108	1781		3532.0805937612895
670216	1864		3619.632338974625
671235	1836		3549.395426999312
672220	1792		3637.7899751570076
673149	1713		3604.4239458166994
674133	1693		3551.872976037208
675223	1750		3464.7798701922875
676250	1748		3408.6497415811755
677278	1774		3641.5714409784414
678332	1802		3634.5864920155145
679356	1788		3574.5713892697822
680376	1779		3563.027455188334
681420	1806		3603.571717216866
682398	1781		3443.8080792138353
683396	1756		3434.3342147544026
684405	1741		3475.2497051327955
685305	1630		3352.892429000465
686321	1605		3293.1242340477183
687317	1569		3191.7745789415203
688428	1642		3301.8388890642673
689416	1624		3234.540051317541
690499	1664		3250.3552507809363
691523	1688		3409.7085390267894
692520	1657		3342.132310213987
693590	1698		3335.4240073142573
694568	1653		3326.588623210555
695618	1689		3318.4789898551535
696627	1663		3231.684288986493
697573	1573		3221.794775545597
698514	1507		3082.951648958493
699437	1417		2848.5910507843364
700519	1460		2938.7971112111118
701548	1473		2889.663273954531
702464	1379		2739.518203845015
703467	1365		2733.72879668884
704507	1391		2655.6942039353307
705516	1386		2706.0791173609905
706540	1371		2676.9145306304563
707506	1332		2645.541239558719
708565	1374		2629.376501260791
709591	1376		2698.6943416437134
710520	1288		2720.4646990254987
711525	1263		2553.840744838817
712558	1260		2584.613792282762
713545	1219		2456.392241475871
714562	1224		2491.7493644512724
715572	1215		2416.7509390218183
716525	1162		2298.7429537326097
717528	1133		2273.069524011342
718558	1134		2192.551865254529
719618	1148		2259.807634564815
720705	1214		2349.583848092938
721683	1156		2325.3426567274146
722710	1173		2344.172923951177
723754	1215		2310.556894129142
724736	1145		2308.3169880995993
725735	1092		2168.945071916096
726709	1065		2163.2291929454077
727760	1089		2104.7790912277997
728721	1050		2146.5319332792424
729827	1114		2112.4628213548567
730852	1113		2154.160457324004
731826	1059		2154.0484839531127
732859	1083		2193.1616036484484
733861	1068		2110.6294371173717
734897	1093		2109.876085688127
735973	1167		2260.8886217577383
736989	1147		2257.6424559198786
738039	1192		2372.029500812292
739039	1180		2371.4185058567673
740001	1125		2294.426974035334
741047	1127		2276.9900695914403
742050	1111		2207.7512802435085
743086	1143		2296.9516803908627
744208	1234		2435.8551970245317
745224	1233		2497.4706646681298
746231	1224		2460.8543311266694
747207	1166		2352.428537754575
748298	1239		2399.2572203769814
749277	1215		2426.0463941157795
750325	1255		2511.6056154908147
751360	1287		2515.107601879863
752425	1303		2535.603903183248
753576	1424		2716.5552678962704
754533	1353		2742.2165594014805
755491	1311		2769.524902094621
756520	1323		2746.934978811303
757547	1346		2769.7436516596936
758566	1364		2712.620524334954
759579	1335		2703.634897780372
760662	1391		2739.433291133959
761701	1402		2828.86662285286
762667	1364		2770.4949354107957
763690	1367		2709.2458708847407
764611	1284		2606.3944066253025
765666	1301		2672.7796509519685
766683	1310		2597.9694585162215
767772	1394		2774.028718714835
768870	1450		2855.842376858229
769895	1437		2807.3686451639514
770953	1468		2897.8904092868324
771939	1422		2838.2165683759376
772994	1437		2926.719516802812
774017	1440		2919.3427829176653
775117	1484		2877.2776453054976
776178	1487		2910.8401889980305
777221	1475		2935.2131214761175
778200	1443		2929.584205776453
779160	1357		2778.750404165592
780089	1277		2674.128957088571
781227	1361		2649.4892492000945
782295	1384		2693.8648174544796
783340	1399		2831.9573068786412
784310	1336		2765.869945146609
785360	1384		2793.179162236629
786474	1467		2786.791281994898
787483	1448		2761.850558847422
788526	1432		2864.1486938630696
789631	1511		2944.9915862285998
790732	1603		3060.104082980193
791750	1621		3140.0018134452403
792726	1597		3094.356931025628
793781	1650		3258.9175309324637
794859	1691		3337.7858991280664
795882	1672		3423.924214884173
796892	1679		3341.5102609759197
797863	1633		3305.2315892225597
798978	1728		3364.582530264277
800013	1757		3397.6814209069125
801039	1775		3449.461316810688
802139	1838		3530.203459971817
803148	1843		3582.6181881108787
804189	1815		3643.5529378473293
805163	1785		3538.860473975772
806253	1838		3516.833374437876
807265	1814		3669.499877666356
808324	1839		3754.0326664664317
809384	1885		3680.3021703998093
810490	1932		3741.765586226713
811521	1928		3831.3891270023305
812541	1932		3963.873260837514
813552	1906		3868.6167911945377
814654	1973		3821.713154845638
815633	1913		3751.192409879528
816671	1937		3939.3143248432316
817743	1977		3952.400546500925
818827	2028		3988.3835236092564
819873	2059		3968.0538647850044
820930	2106		4105.8448521934915
822002	2143		4231.040468527703
823031	2140		4277.213608366903
824066	2131		4332.718726140913
825154	2168		4393.697117354721
826094	2092		4324.938132045558
827077	2037		4370.993656456936
828141	2069		4235.976300890325
829197	2093		4139.248186805751
830258	2135		4233.815580098424
831234	2096		4219.87632257049
832222	2071		4210.387152894167
833299	2126		4233.541982443072
834307	2103		4233.990896980278
835319	2103		4287.845388377784
836302	2048		4108.203926187241
837361	2095		4236.980245256331
838428	2112		4181.431184384273
839455	2110		4226.357112812577
840492	2147		4277.802250836976
841452	2105		4112.816406812286
842551	2158		4187.826844941359
843576	2175		4287.628584026825
844650	2217		4423.510735819815
845705	2229		4400.750135806156
846679	2190		4406.330588067183
847713	2182		4374.5894811328035
848714	2151		4271.897040998563
849801	2206		4345.5566699968185
850778	2182		4343.210336026503
851875	2240		4547.41847166582
852834	2186		4466.208309238544
853834	2150		4407.023114816053
854848	2151		4360.794061427703
855904	2187		4399.11654676171
856925	2162		4345.243414717494
857958	2162		4422.908860805677
858941	2104		4257.071001362987
859971	2122		4318.811514825793
860963	2091		4319.732322093565
861925	2040		4237.087936693104
862977	2086		4356.8244294314645
863978	2064		4217.7915194174275
864921	2002		4046.0733620056417
865915	1981		3977.9886363716796
866893	1934		3916.7753588524647
867845	1878		3819.0792738844175
868942	1948		3776.4363117646426
870025	1993		3811.6504710100126
871095	2020		3942.8919418610167
872074	1971		4030.03438123432
873084	1976		4063.2916302413214
874099	1981		3915.7091944904532
875053	1922		3902.6959761809558
876149	2004		3982.5956428118516
877170	1998		3962.812067528488
878178	1992		3934.687077785842
879188	2001		3863.2053299390245
880144	1954		3877.355427702423
881174	1952		3916.5988696468994
882202	1949		3897.9738322827034
883183	1923		3820.277315422194
884184	1906		3768.581688643666
885188	1876		3643.016401981702
886222	1901		3723.1150630859192
887258	1915		3815.3588186600246
888305	1942		3806.588422058616
889279	1881		3725.705574973952
890354	1943		3779.2926041905303
891358	1927		3708.1581227576826
892418	1940		3860.6019367959816
893412	1903		3863.340588405961
894463	1922		3975.918484422611
895467	1886		3749.289178018691
896451	1870		3789.349088383373
897589	1967		3835.3657650405075
898596	1941		3699.7558658169582
899656	2000		3961.9231484944467
900702	2034		4071.46438114834
901775	2090		4144.934083984699
902855	2164		4218.859159156913
903818	2093		4189.280647585401
904775	2017		4200.520081215538
905907	2108		4136.635167944711
906932	2090		3950.8306265349966
908062	2166		4115.993205549894
908998	2070		4114.799316284945
909962	2017		4119.511261584237
910958	2004		3979.234784239903
911988	2013		3978.7745658133645
912975	1987		3938.09934065328
914015	2010		3975.0414696042426
915093	2061		3974.8075204000343
916114	2057		4100.225664724363
917119	2042		4232.728382668691
918110	2022		4156.9049284039065
919198	2065		4064.9833062044345
920278	2099		4074.7738521862775
921230	2022		4090.1963135027327
922234	1989		4059.5275076124817
923238	1963		3892.721316561103
924282	1971		3939.969036839204
925282	1941		3884.1257727658376
926256	1909		3870.1701961092185
927249	1886		3944.5230924021453
928286	1904		3897.8940401868895
929317	1907		3857.3499811938964
930290	1873		3797.3866960497107
931308	1873		3764.1589501220733
932286	1842		3688.2903951674234
933308	1862		3768.8240910845343
934322	1869		3608.4588099936955
935361	1905		3718.1136591287795
936372	1880		3853.8868315352593
937328	1833		3725.269012647681
938354	1829		3673.587955144001
939400	1816		3596.84640286793
940406	1818		3580.3897734167986
941496	1879		3729.5152494283393
942520	1874		3637.4494662592188
943528	1849		3698.8644039228093
944477	1782		3640.4533901566174
945470	1769		3568.3714004955254
946522	1814		3642.3018309164327
947573	1854		3694.974507630104
948664	1927		3787.174389559077
949679	1929		3877.396611158736
950627	1862		3910.646378501551
951700	1929		3869.400390803814
952704	1885		3697.1168531060684
953817	1958		3872.0319883646443
954721	1862		3771.877327439841
955819	1956		3989.3560924120247
956833	1947		4001.7212626722176
957833	1931		4019.0428114412352
958850	1912		4001.3285429985262
959889	1905		3896.061473308131
960852	1824		3778.5583919771016
961819	1779		3679.2321906182915
962951	1897		3658.5408885246143
963973	1887		3715.440935361432
965065	1976		3910.175130267162
966038	1927		3826.721539033111
967025	1904		3772.158414109843
968029	1891		3726.4054166644346
969021	1876		3848.6108707510866
970007	1823		3888.0004328691866
970958	1759		3713.8899207457434
972038	1828		3666.3668831277173
973024	1794		3626.7335875318386
974083	1840		3706.0366173316725
975159	1889		3717.450847394066
976206	1893		3763.7261293113697
977201	1870		3785.728678267915
978159	1800		3688.3910059283953
979244	1857		3712.435731587
980313	1880		3711.7534293199424
981318	1861		3681.814449103549
982326	1843		3688.311085911002
983376	1885		3720.609896532027
984425	1913		3829.8202402149327
985450	1909		3873.4027349448297
986468	1912		3803.6424333280884
987511	1910		3787.0321291449945
988578	1975		3942.1733273856808
989519	1890		3744.2347471227404
990596	1918		3816.048080298584
991652	1938		3829.4952609771863
992698	1975		3835.365836048033
993800	2052		3942.4672786195297
994878	2110		4064.200862988364
995909	2104		4087.050042303512
996988	2142		4178.645037267823
998015	2148		4278.266849068692
999047	2161		4292.379640061641
1000107	2220		4338.24627384427
1001132	2214		4348.31218227651
1002107	2181		4387.371915122727
1003103	2147		4425.781204484403
1004057	2056		4336.969666611636
1005116	2069		4203.665626164759
1006081	2028		4103.114061807981
1007087	2003		4156.69387162989
1008146	2035		4104.801064544823
1009130	1981		3982.671082694549
1010159	1998		4064.875904063694
1011210	2004		4035.3150533593725
1012268	2018		3920.08420275175
1013309	2045		4012.8359711365774
1014330	2041		4061.588955971878
1015344	2038		4013.3578336166684
1016270	1957		3940.2403896881733
1017269	1914		3877.7237807565834
1018288	1899		3743.6259928173386
1019291	1894		3752.4826076012105
1020257	1860		3694.619766207179
1021417	1961		3793.8430769839324
1022380	1901		3721.048002145253
1023334	1854		3834.6959339408204
1024391	1897		3884.5845402679406
1025462	1925		3889.54686301481
1026479	1926		3876.9247430216055
1027508	1924		3730.5558568907436
1028510	1895		3752.5277798855677
1029499	1850		3737.857978528831
1030553	1870		3662.7803351036273
1031549	1853		3641.1477334531955
1032566	1842		3645.5079216668382
1033556	1813		3598.0175469648093
1034477	1733		3499.4094884404913
1035517	1763		3488.1759279831313
1036522	1733		3399.0481799668632
1037606	1805		3552.6868094808888
1038606	1785		3449.696253988426
1039612	1788		3539.3627134305425
1040554	1710		3431.276814036537
1041543	1666		3329.823570598848
1042489	1584		3236.120646070689
1043559	1645		3335.0038948783185
1044565	1616		3241.5986798352096
1045517	1563		3156.045533988625
1046496	1512		3162.017975152936
1047536	1504		3005.0836518642027
1048595	1536		2972.1055059991777
1049567	1504		3054.4084046254866
1050531	1441		2967.941341179423
1051632	1524		2982.853940876201
1052680	1563		3122.7158282515593
1053732	1576		3018.9305827263743
1054769	1584		3111.960193499457
1055898	1682		3285.4831526256166
1056953	1699		3376.9114216137677
1058048	1754		3514.582688607741
1059023	1716		3489.9232006408274
1060073	1733		3488.5955736613832
1061039	1652		3398.807019864209
1062036	1609		3322.688147282228
1063081	1640		3315.0556590640917
1064172	1704		3324.7552895746194
1065205	1718		3411.562844382599
1066208	1705		3411.6877995645627
1067271	1734		3453.5380273046903
1068217	1632		3338.474138739053
1069152	1562		3211.6580915404484
1070138	1542		3057.5211598970927
1071119	1504		3061.9513686215505
1072128	1512		3033.2041571075097
1073088	1471		2873.190970191732
1074047	1411		2937.284604640212
1075138	1466		2860.181621888187
1076225	1519		2905.567157338839
1077246	1534		3015.7997258258983
1078244	1487		2985.561904117465
1079215	1452		2960.584551306907
1080219	1440		2971.2305084536783
1081261	1451		2741.631010966841
1082298	1475		2772.747374139726
1083235	1396		2825.9320572344586
1084275	1408		2827.6318746288307
1085251	1345		2827.5446970136836
1086240	1313		2748.755279173609
1087277	1319		2540.9198431586847
1088316	1346		2661.6369425235316
1089342	1352		2652.245881769806
1090333	1341		2655.874909256585
1091351	1306		2636.235138339456
1092455	1385		2678.5847469661385
1093438	1313		2607.3225209666416
1094456	1326		2654.3721123407595
1095428	1296		2639.701901108492
1096479	1333		2705.8668662835844
1097507	1336		2630.0699199386872
1098521	1310		2613.9519184222445
1099603	1350		2760.4261593390256
1100578	1297		2692.9675575410947
1101647	1324		2641.579724054318
1102631	1301		2623.013923659455
1103624	1265		2512.9594714702107
1104720	1315		2543.7544939885847
1105741	1299		2695.2940553892404
1106736	1262		2546.7414486980997
1107750	1232		2551.73301228974
1108796	1250		2365.1712526381016
1109755	1194		2313.284233890008
1110811	1241		2480.3151573301293
1111829	1246		2569.9928309004754
1112846	1237		2473.49822430918
1113907	1261		2481.6045926869847
1114982	1289		2514.7807108475827
1115992	1268		2491.95180231845
1117045	1267		2503.7718138704076
1118122	1336		2580.0612477227114
1119054	1241		2609.3763000392355
1120145	1282		2638.0054592215456
1121214	1313		2687.029635584913
1122244	1332		2589.6247198623605
1123214	1265		2622.0401401752606
1124304	1309		2575.3712744731456
1125344	1301		2589.0867278692313
1126366	1279		2393.483071395196
1127409	1294		2536.4495836053975
1128462	1323		2636.208592508454
1129455	1316		2650.3953837058507
1130514	1347		2706.083053987939
1131631	1434		2832.0560399740934
1132685	1450		2735.0098032387905
1133725	1464		2881.242037198972
1134778	1498		3011.9651207313873
1135763	1474		2952.314191661775
1136800	1495		2967.0502468217164
1137870	1538		3093.7195524438284
1138863	1519		3034.189879872836
1139852	1507		3103.1413685292937
1140784	1414		3023.673353276681
1141816	1408		2837.398525435943
1142797	1377		2784.3388426727615
1143867	1447		2897.3029867662117
1144863	1405		2777.6842509713024
1145834	1336		2723.905843187589
1146800	1302		2681.5338359312154
1147878	1339		2586.4052695585415
1148831	1284		2617.843447178602
1149911	1334		2597.610192724038
1150889	1279		2619.791648247745
1151890	1279		2578.477316097822
1152975	1352		2656.750919053331
1153948	1300		2589.585922587663
1154989	1307		2603.8600587272085
1156025	1307		2655.605359538924
1157051	1305		2610.9824864775874
1158095	1295		2578.5323661020957
1159142	1312		2516.458334040828
1160164	1285		2627.5886940611526
1161254	1350		2708.0617696633562
1162259	1318		2763.197038498707
1163265	1287		2679.9238918297924
1164330	1324		2662.9530299552716
1165283	1274		2619.0329662580043
1166380	1332		2692.282249913551
1167408	1354		2623.432616273407
1168516	1423		2741.272803763859
1169573	1430		2806.126854437869
1170508	1346		2829.033478759695
1171514	1352		2693.0525435321033
1172529	1352		2684.091904636938
1173604	1398		2810.9292934881523
1174661	1422		2817.353838545736
1175729	1466		2947.781628130004
1176750	1460		2893.854521265719
1177737	1432		2870.1287460429594
1178797	1473		2831.064321776852
1179801	1452		2826.6242763567716
1180835	1454		2784.587231878657
1181789	1406		2899.3662021281198
1182815	1397		2799.2112131183967
1183785	1361		2807.7202593716793
1184860	1412		2722.1721347081475
1185810	1362		2646.1423533824272
1186826	1370		2718.112327263225
1187807	1327		2702.356311372947
1188743	1255		2582.1415411392227
1189747	1242		2578.9595733578317
1190721	1180		2451.6789404414594
1191717	1140		2303.3713999912143
1192781	1204		2409.848986568395
1193738	1158		2423.804546859581
1194778	1169		2423.694504582323
1195867	1237		2383.815252278
1196940	1286		2496.4250683025457
1197963	1291		2615.3658865289763
1199031	1317		2658.998960801866
1200074	1302		2590.414226151537
1200998	1216		2635.1500259111635
1202142	1321		2635.1628866107203
1203198	1376		2681.4886847189628
1204218	1385		2844.535629973747
1205291	1432		2813.7072067102417
1206311	1446		2884.0462606432848
1207285	1401		2904.2138252747245
1208295	1393		2821.154792468995
1209294	1352		2816.364668746013
1210293	1326		2727.4680400770158
1211371	1384		2726.1703563956544
1212370	1376		2720.1024587829597
1213432	1409		2780.6449731034227
1214538	1456		2802.021583099384
1215588	1469		2871.5473357173614
1216611	1487		2949.337757846806
1217591	1455		2893.019839033019
1218636	1486		2937.5469793626107
1219599	1418		2865.7886146935634
1220648	1450		2923.284821192734
1221660	1441		2818.091195757501
1222655	1426		2866.2107190606184
1223633	1369		2921.3629559637047
1224614	1331		2770.554208868183
1225593	1305		2662.4563365820795
1226564	1273		2652.435202034656
1227616	1294		2575.679570688866
1228606	1246		2550.6440531900153
1229610	1216		2561.1083917673677
1230573	1165		2422.592603068333
1231600	1148		2390.000792370178
1232596	1121		2270.966827490367
1233666	1135		2210.6427555517294
1234652	1109		2222.890424184967
1235716	1165		2324.3271986474283
1236703	1126		2391.3943107775412
1237686	1070		2211.1410439070314
1238704	1065		2086.2439221143723
1239692	1012		2043.591556077823
1240693	1002		2001.8003113418818
1241716	993		2050.6930900472216
1242805	1040		2107.323691972997
1243758	948		1985.547746761702
1244687	853		1849.3361339787953
1245849	978		1844.2527217324823
1246913	1012		1991.470419850666
1247991	1046		2012.067371675279
1249049	1058		2201.924170970451
1250075	1044		2130.282284577843
1251156	1088		2115.1817993354052
1252113	1017		2102.166392791085
1253134	1025		2009.1951365941204
1254223	1101		2227.035967573989
1255284	1122		2235.7150810216554
1256340	1128		2235.5152841606177
1257385	1142		2212.0045385225676
1258418	1138		2293.7836113814265
1259559	1241		2410.4651260143146
1260589	1267		2557.277992754709
1261579	1248		2540.0802798760124
1262613	1230		2483.654654189013
1263609	1226		2442.039848729968
1264534	1140		2306.291146205738
1265554	1119		2238.3031786000356
1266657	1194		2389.581094432622
1267708	1195		2435.572964349296
1268752	1214		2479.849049582146
1269865	1295		2501.3818601374514
1270905	1310		2605.3141017314047
1271947	1323		2679.0081478166394
1272913	1278		2621.8547280170023
1273990	1334		2600.4421914909035
1275121	1448		2682.842731846962
1276128	1422		2764.4612783072516
1277172	1454		2816.292779410258
1278130	1405		2859.587068448309
1279114	1366		2803.3861294672824
1280037	1282		2719.44973295182
1281101	1293		2570.5406232322566
1282145	1328		2737.5721163540147
1283107	1263		2609.2223510211334
1284164	1283		2435.789640687406
1285191	1258		2565.1171546885744
1286221	1235		2562.9078581724316
1287217	1213		2470.9595705438405
1288233	1186		2353.7825891673565
1289190	1134		2412.0429891897365
1290227	1128		2171.6385205294937
1291276	1133		2255.236088896636
1292277	1111		2314.3992968327366
1293286	1118		2233.718870046083
1294306	1077		2119.8751611905172
1295348	1113		2254.742763194721
1296312	1057		2191.958452549763
1297204	933		1973.1258181454614
1298233	938		1938.6296515590511
1299279	954		1795.2828481858596
1300327	960		1933.9316265075468
1301369	984		1889.9021907346323
1302330	933		1934.6999284336343
1303292	868		1897.2049497235566
1304305	831		1610.3653007494286
1305318	824		1666.9268161254004
1306350	806		1639.98309441749
1307285	734		1555.2479737410322
1308355	764		1523.1019469141029
1309425	798		1642.6958076916635
1310448	785		1594.8283754559234
1311554	876		1748.9944779421203
1312598	878		1715.6755935149267
1313598	863		1788.8672706237994
1314635	847		1738.4368239133619
1315690	864		1688.383338519372
1316718	887		1698.1992048537359
1317730	883		1750.7842908347957
1318783	906		1828.0176963913254
1319828	909		1852.4765182696283
1320864	884		1720.1193613354117
1321901	875		1786.008552675601
1322859	833		1725.2984221056104
1323829	788		1604.778342146892
1324920	858		1740.09405120695
1325940	842		1749.4423358910717
1326958	826		1734.3873498565517
1327955	810		1615.443093804177
1329005	852		1734.545453236904
1330049	846		1610.4486540937796
1331103	856		1684.8058833037503
1332088	812		1603.2271981928498
1333140	857		1642.0522267185152
1334133	821		1638.202914273832
1335145	818		1571.266694386024
1336098	753		1598.504877768457
1337059	714		1433.140166270081
1338103	726		1445.77683842415
1339114	702		1408.6392727037892
1340113	679		1344.8895432576537
1341055	618		1316.4731765231118
1342028	588		1101.5641596959904
1343038	551		1110.81280758325
1344021	528		1125.4494279753417
1345061	552		1082.3444903478958
1346084	550		1083.9409166551195
1347137	582		1159.9593462701887
1348200	634		1366.1581276208162
1349210	638		1249.7435597665608
1350274	683		1312.0239078630693
1351210	615		1277.1267174589448
1352155	536		1106.5614016260952
1353220	560		1142.9658871861175
1354220	513		1009.360003891401
1355211	476		987.7173486230895
1356299	521		986.7601059833542
1357413	604		1149.800210069865
1358405	570		1097.5195764894597
1359445	569		1139.6895314655267
1360381	495		1080.5392219182104
1361435	503		970.059763441328
1362464	493		1011.6911644381471
1363523	515		1043.161221936345
1364582	522		998.0033717746846
1365577	516		1110.1477440805174
1366608	532		1018.6821000380442
1367645	552		1077.6165470085107
1368702	599		1247.0262451241724
1369707	592		1248.4143384140916
1370773	647		1213.778071372304
1371767	640		1245.4825481898151
1372774	636		1308.9655998740345
1373869	685		1310.6580987735651
1374879	683		1345.8323084474541
1375972	729		1392.0797841954045
1376996	748		1454.9573164982721
1378056	787		1552.8250219123438
1379077	808		1571.1852554576471
1380115	837		1607.0575554450043
1381076	792		1619.1988864461891
1382081	735		1473.9747463292442
1383109	743		1490.7355066454038
1384195	810		1565.8150527947582
1385257	824		1670.4023168184794
1386286	823		1656.2762138713151
1387388	889		1687.761956166476
1388397	883		1789.397091222927
1389439	904		1727.4468992324546
1390529	948		1914.820149326697
1391592	979		1920.2419248744845
1392676	1030		1989.169216261711
1393775	1123		2158.378994780127
1394685	995		2059.3374532368034
1395729	1016		2029.1138646900654
1396759	1046		2028.7602168577723
1397803	1059		2128.0782988811843
1398874	1089		2151.8403776134364
1399911	1107		2216.495368645061
1401038	1176		2313.1707063252106
1401988	1103		2276.215528111439
1402930	1016		2074.370660625398
1403979	1017		2032.4710969505832
1405006	1028		2003.9957783608697
1406048	1033		2077.672807511408
1407119	1063		2079.1022523641586
1408145	1087		2204.661792939063
1409255	1181		2272.8006593664177
1410267	1155		2367.388846291695
1411272	1113		2352.916559724137
1412263	1088		2193.0990499281324
1413264	1080		2163.767126762774
1414329	1125		2230.3126552645117
1415336	1092		2199.9663981059566
1416302	1053		2182.2322402019054
1417295	1031		2081.84806375904
1418277	992		2039.4052120731212
1419230	928		1945.8247908730991
1420238	932		1846.5582154807635
1421261	932		1935.5423557753675
1422285	917		1783.6025803321972
1423325	908		1729.8404182251543
1424376	957		1892.3301973827183
1425408	973		1970.2009322494268
1426513	1075		2048.6427062950097
1427498	1020		2058.2145155081525
1428496	1011		2035.9442163901404
1429495	974		1943.023605773691
1430499	963		1891.986598085612
1431394	852		1795.1466695852578
1432425	824		1713.8755697426386
1433435	800		1563.76445211377
1434490	817		1568.6416490599513
1435515	794		1581.5267827971838
1436527	754		1470.3484655357897
1437645	832		1539.822166308295
1438694	837		1665.3040295778774
1439702	808		1670.9588300795294
1440701	778		1616.7814969969913
1441734	784		1577.1583944801241
1442746	762		1556.1443927907385
1443749	761		1537.9551266687922
1444744	709		1427.5449202712625
1445785	720		1405.1308375177905
1446771	692		1353.7145641613752
1447832	715		1396.8621418485418
1448916	769		1437.288170434069
1450023	839		1626.7284050355665
1451011	823		1769.1671459102072
1452035	846		1607.6793400961906
1453104	893		1779.6858937772922
1454108	861		1763.0856749322265
1455151	856		1725.0655983034521
1456223	875		1787.2422597114928
1457227	875		1747.657622025814
1458289	919		1802.7392335846089
1459292	895		1770.1439851205796
1460332	889		1717.661613485776
1461385	907		1810.5667069465853
1462408	898		1724.5156821236014
1463410	889		1761.2426914041862
1464465	902		1788.9402908291668
1465458	868		1717.7509585358202
1466453	818		1625.3077280535363
1467444	796		1611.2130134748295
1468481	803		1632.9258430879563
1469521	810		1550.6856708275154
1470554	836		1598.3529713163152
1471522	798		1635.200876431074
1472501	760		1472.3418418387882
1473606	858		1707.2067326749675
1474614	837		1719.7349867164157
1475612	802		1634.7578500080854
1476635	774		1570.806647927966
1477648	756		1515.5803580554202
1478718	814		1590.6804687031545
1479652	738		1509.9210260692053
1480737	794		1603.5780077814125
1481774	799		1626.349362152163
1482787	760		1552.68220530916
1483878	815		1539.1397860608995
1484926	815		1564.6256817691028
1485928	799		1681.7675763387233
1486942	793		1553.7814524117857
1487901	736		1538.3246707995422
1488979	807		1513.3416815032251
1490047	834		1639.1660123979673
1491094	850		1622.7443060399964
1492117	827		1581.946809373796
1493227	910		1795.9930104035884
1494191	864		1795.2481863177381
1495232	856		1732.5848089670762
1496173	795		1595.1601408366114
1497109	724		1563.5984674012288
1498275	848		1580.9424171820283
1499319	886		1794.1943152141757
1500311	847		1719.166447520256
1501252	757		1604.3859153180383
1502210	710		1460.0708456989378
1503326	819		1548.9552101064473
1504367	826		1670.9509752946906
1505379	825		1617.484155325219
1506379	809		1618.0370389018208
1507356	733		1464.6625855187885
1508339	675		1359.687495415099
1509341	660		1316.7972037047148
1510368	674		1351.4689249116927
1511337	616		1197.292012989521
1512403	637		1330.449337020982
1513426	625		1171.2876385063864
1514535	698		1324.430223884061
1515497	652		1252.1997155980207
1516579	733		1424.6986479000188
1517587	700		1397.524155427236
1518579	665		1334.0678836419247
1519650	699		1389.3356703594327
1520752	748		1508.7080386308953
1521809	767		1535.0043259239756
1522892	820		1646.1433133902028
1523959	869		1621.3671712763608
1524954	843		1697.8925831834786
1525966	816		1614.6535918354057
1527033	869		1744.9400199055672
1528104	927		1833.1090524778701
1529141	937		1801.009750592988
1530181	953		1826.5385956098326
1531133	901		1884.8844678760506
1532072	824		1761.2615005890839
1533097	822		1720.8350564106368
1534066	777		1605.248577658087
1535083	753		1514.978537271265
1536168	821		1616.1753860963508
1537222	851		1605.1682068170048
1538237	840		1640.8720124219544
1539279	848		1692.2084165345877
1540305	854		1632.472248791717
1541256	797		1689.713421688415
1542338	843		1688.1216614088044
1543298	784		1635.1770321936347
1544341	792		1617.724129117094
1545413	817		1599.9400694668293
1546469	869		1740.8424497307278
1547483	883		1714.127344973851
1548524	883		1763.998535927385
1549515	842		1741.7977232318372
1550508	801		1603.7868103645742
1551550	802		1586.723386424128
1552606	847		1679.5317949759774
1553668	889		1721.36519782478
1554677	860		1672.8399820169434
1555795	974		1797.9423420736566
1556860	1034		2023.1648739310913
1557989	1126		2187.2639038204215
1559007	1104		2161.425276636146
1560044	1113		2246.408895880915
1560989	1030		2185.214493062347
1562028	1022		2070.2803798806854
1562997	960		1986.218076130841
1564018	951		1857.8748680432327
1565108	1038		2007.0820365720429
1566164	1062		2117.5540038454346
1567164	1053		2206.094261456281
1568212	1045		2089.3342062663287
1569301	1103		2127.988902545534
1570346	1135		2178.248895480763
1571394	1180		2374.36873012688
1572415	1179		2328.36430859752
1573459	1195		2427.866784566082
1574517	1234		2448.961524152197
1575561	1219		2422.151117179543
1576654	1289		2581.0849633635953
1577647	1268		2515.6023333165795
1578681	1284		2566.472397253383
1579708	1305		2577.8319926694967
1580748	1291		2620.079610519577
1581778	1282		2548.4230130207725
1582792	1286		2677.852218386717
1583751	1235		2595.9542842479423
1584774	1215		2498.83284964785
1585749	1157		2367.58241889067
1586692	1067		2340.0586528736167
1587720	1087		2134.2992554483935
1588680	1035		2040.7480557118542
1589748	1053		2166.7179919001646
1590758	1040		2070.9594557164237
1591724	983		2042.7462859973311
1592705	944		1913.3467249502428
1593709	937		1889.1426800582558
1594757	974		1872.4816621076316
1595685	899		1945.7140810429119
1596760	958		1895.8719624248333
1597817	964		1930.4583549275994
1598820	957		1898.3083812277764
1599840	931		1813.3938026400283
1600850	892		1941.1124017462134
1601847	864		1735.3291061278433
1602946	906		1702.736717631109
1603958	898		1757.9437746843323
1605009	907		1805.0819135066122
1606028	918		1900.5022927229293
1607045	932		1860.7436769860797
1608003	841		1747.5185595690273
1609042	863		1771.8173161386512
1610022	790		1607.720670194365
1610986	724		1532.5965088200755
1612043	780		1475.417059774045
1613135	821		1569.4019180899486
1614107	746		1523.0392951737158
1615031	645		1318.1843009949662
1616167	743		1476.7287117470987
1617232	773		1515.4275497607887
1618321	838		1626.4739952073433
1619325	789		1648.4414163529873
1620303	727		1592.4350335039198
1621369	779		1491.890500525944
1622338	740		1464.6050533531234
1623433	780		1505.1326084737666
1624450	794		1573.2297550630756
1625514	842		1694.888084860053
1626510	799		1561.8988168672659
1627563	813		1600.7551760827191
1628599	824		1627.2149866474792
1629699	911		1837.5980129623786
1630719	885		1805.188778701704
1631788	935		1764.7863068669103
1632824	940		1887.9769675587304
1633858	931		1791.3530179024674
1634893	940		1816.5938757206313
1635916	951		1924.4614609214477
1636964	983		1839.114151511807
1637993	1009		2049.3648430658504
1638973	962		1958.498945989646
1639876	860		1795.1233178437687
1640894	840		1610.876094811596
1641933	879		1743.9927924824879
1642926	870		1773.6567375282757
1644042	944		1768.4474742054008
1645142	1017		1951.7156165032648
1646135	1006		2023.7152268961072
1647149	1008		1986.9190643387847
1648156	1000		1984.4547801092267
1649217	1034		2029.152106164489
1650188	945		1948.6651039342396
1651211	939		1841.992086603772
1652273	962		1966.7050568647683
1653263	917		1841.0709075168706
1654220	858		1702.7118525025435
1655268	861		1732.868750916794
1656328	909		1723.1908389450982
1657347	913		1872.7397679188289
1658297	847		1775.9855173178948
1659386	896		1701.6471294309013
1660477	969		1855.2483953940682
1661473	948		1890.4270032062195
1662549	1003		1944.2278966195881
1663625	1058		2046.498449654784
1664625	1030		2161.8868613322265
1665635	1027		2125.9920336441137
1666687	1033		2061.968733708374
1667626	966		2049.298233638052
1668624	917		1923.8806300493889
1669681	962		1917.9466220000759
1670645	877		1856.7198201576248
1671662	863		1689.5673677688465
1672658	859		1736.2872380157933
1673676	871		1695.409724372439
1674749	926		1805.3871520250104
1675768	889		1752.4168523168191
1676881	963		1886.433456871193
1677847	905		1885.0181402610615
1678789	846		1802.4346546353772
1679771	785		1608.7985984357074
1680803	803		1664.1110479268245
1681880	849		1647.2273121904582
1682900	844		1636.327563028317
1683928	863		1672.4375300165266
1685018	913		1747.4305670452304
1686083	942		1856.1176901906729
1687119	961		1868.5118514914066
1688265	1054		2020.6527888011187
1689305	1080		2174.4352716840804
1690321	1069		2219.6094862893224
1691389	1104		2173.2518149144016
1692365	1057		2154.5565366824158
1693329	989		2047.0501557704993
1694380	996		2014.8631996465847
1695375	984		1971.5862374370918
1696436	1033		2044.8769907979295
1697475	1028		1977.619929278735
1698610	1115		2155.5227301493287
1699593	1071		2147.3788587800227
1700652	1121		2098.414463774767
1701654	1118		2205.4188136528246
1702682	1134		2187.4012066065334
1703603	1052		2155.832056449726
1704639	1040		2000.2567280591466
1705750	1114		2109.000113240909
1706682	1006		2142.0931141772307
1707671	941		1914.2688239789568
1708723	927		1837.5472770486958
1709645	836		1723.2569335009903
1710691	844		1716.4364793398418
1711717	832		1701.7373186298646
1712772	832		1683.527162429411
1713834	894		1734.052692423109
1714880	904		1827.7353436709382
1715874	894		1776.1987548139878
1716916	899		1829.9895739448257
1717980	935		1843.3233071048744
1719003	909		1768.3069003992714
1720019	917		1828.2488439781591
1720954	843		1675.1848952216096
1722039	887		1754.616937675979
1722978	821		1658.1800943976268
1723977	789		1552.828818494454
1725006	786		1554.512902571354
1726048	808		1623.4391507171094
1727096	830		1623.890031425748
1728158	851		1702.3603933663107
1729015	707		1485.7717937873676
1730040	709		1355.1839247616008
1731076	710		1411.4736075852998
1731998	628		1296.5084980432875
1732968	589		1205.1060620448552
1733986	575		1214.1887440350838
1735009	555		1124.132286616601
1736002	535		1109.6996820382774
1736995	519		1028.3572059734724
1738046	565		1090.5997970090248
1739016	525		1130.8890438508242
1740057	561		1055.0327544356696
1741095	553		1053.9629693999887
1742076	516		988.7679717182182
1743126	565		1056.6131361466832
1744132	528		1130.331997051835
1745134	521		1032.5912743257359
1746085	428		882.9269049717113
1747150	488		965.73708039755
1748204	514		995.8941325880587
1749298	569		1029.514377753716
1750248	509		1085.4510073978454
1751290	537		1034.8506884668022
1752314	536		1091.1933461781591
1753338	510		979.3238880224526
1754420	579		1086.1940170992166
1755403	543		1106.0336680081673
1756371	510		1024.517923815176
1757413	513		1005.71984757483
1758391	466		961.8991751885042
1759384	445		864.8227124442346
1760372	409		826.9907763488591
1761344	359		725.740880150348
1762419	417		818.413360342849
1763382	363		759.0925581604242
1764467	415		803.8660837640055
1765501	449		837.6741913584992
1766523	440		840.0901856846176
1767535	419		902.284144373145
1768569	428		875.2855000863783
1769608	444		815.8820725665428
1770657	449		881.2914906213991
1771804	563		1139.9829413634725
1772833	568		1097.4140508808196
1773743	476		978.6152431690134
1774727	429		888.0624859188683
1775834	511		945.0014163269661
1776925	601		1165.7416687249206
1777933	587		1171.7880786997266
1778922	550		1121.8200651449151
1779950	564		1157.2550895796157
1780907	515		988.7213869350962
1782023	601		1188.7170103201643
1783023	561		1145.0866542872973
1784040	539		1126.2102868109941
1785105	598		1137.1785849351436
1786111	596		1172.8676082440652
1787167	625		1210.137005412951
1788182	634		1278.7796579534188
1789249	667		1346.6645655697212
1790273	657		1401.8734742258675
1791290	653		1372.259169248864
1792248	592		1276.696546819061
1793337	678		1260.2482234686613
1794340	677		1329.652427842375
1795397	697		1406.3895614189096
1796428	681		1359.3227184046991
1797515	750		1503.4789164192043
1798553	774		1511.0948479259387
1799532	753		1542.5167788085528
1800574	779		1530.6200887337327
1801581	747		1513.3352210619487
1802603	719		1395.3802507929504
1803653	732		1453.9912075134926
1804592	668		1368.5444605201483
1805597	657		1268.782802877482
1806634	668		1387.6871763141826
1807728	705		1444.1756384246983
1808754	695		1380.131663038861
1809769	690		1400.6618488449603
1810733	645		1408.6072960072197
1811787	674		1365.565811845474
1812818	663		1330.8111263900064
1813855	664		1273.8221138580702
1814900	690		1403.1404040148482
1815937	695		1374.9829125325195
1816924	641		1372.4703637375496
1817899	598		1223.7663498087786
1818908	602		1143.8747747577727
1819886	542		1102.1095349858515
1820874	524		1057.205469144974
1821868	518		1030.7395176067948
1822890	538		1105.6720117377117
1824045	669		1247.6861977968365
1825120	729		1324.1394012966193
1826124	702		1471.08611559961
1827086	641		1336.4335412192158
1828072	601		1239.2128247339278
1829025	534		1115.3100443407893
1830031	526		1030.7838891767897
1831088	562		1083.5489982916042
1832122	558		1151.9897699584253
1833178	573		1123.95672426885
1834209	568		1182.8446965874173
1835171	524		1059.198119838722
1836314	604		1143.5041494513862
1837453	720		1368.4852936994284
1838582	798		1500.8773745927028
1839655	841		1706.039117286913
1840735	881		1723.7292760172859
1841764	874		1732.2550610499457
1842815	906		1825.3314996082336
1843830	915		1777.372920660302
1844858	915		1878.2485900302418
1845927	959		1920.327153524384
1846949	955		1858.2165045426227
1848034	1004		1937.7770089851692
1849083	1022		1940.6978604905307
1850085	986		2063.70347680524
1851064	965		1950.7285433127545
1852105	984		1974.3393287141807
1853184	1039		2020.0970274833962
1854233	1079		2171.3803273113444
1855294	1093		2150.8638346930966
1856332	1081		2191.915683607571
1857257	995		2030.1538379942067
1858273	1010		1986.956267430447
1859238	973		2021.8923938996159
1860267	954		1858.7782947705127
1861362	1048		2014.6218209853396
1862413	1084		2162.3429662766866
1863425	1087		2120.4516568989493
1864374	996		2138.853392317891
1865372	954		2005.0756099643186
1866352	909		1887.0718218372203
1867325	862		1795.8832969265059
1868342	868		1728.4537767237052
1869290	788		1645.0759321111254
1870389	846		1646.7382662282325
1871479	912		1754.7574314470403
1872516	927		1890.0006684157997
1873618	1004		1897.4523985153064
1874702	1054		2041.0998854637146
1875676	1010		2065.563362308778
1876650	957		1963.54822941171
1877675	948		1939.9398430911824
1878725	951		2030.882609947119
1879768	968		1969.356802974362
1880714	894		1804.7345612002537
1881813	968		1826.1106939809397
1882885	995		1916.704856615048
1883877	941		1891.3165978998877
1884928	992		1898.2861796589568
1885959	1015		2072.506240398623
1886976	1014		1995.5873419265263
1888002	1005		2064.4826624118723
1889058	1018		2123.6048135068268
1890167	1094		2079.8539446820505
1891181	1091		2222.1259767608717
1892257	1144		2246.811491921544
1893349	1202		2322.1730760289356
1894422	1225		2385.9981437399983
1895427	1195		2417.9591715727
1896419	1184		2416.1398784625344
1897380	1110		2288.9103508172557
1898391	1097		2283.916948937811
1899435	1111		2262.6896778414957
1900444	1099		2191.785994781181
1901535	1153		2193.907463507727
1902522	1138		2312.8581332270987
1903487	1102		2207.7107503674924
1904462	1067		2183.69001044007
1905539	1141		2219.612847751938
1906595	1158		2216.1830429658294
1907633	1156		2209.2410799269564
1908592	1069		2188.2479216079228
1909636	1071		2145.47651977418
1910601	1028		2128.549669198226
1911681	1081		1996.9942963588983
1912718	1102		2215.5567735452205
1913750	1099		2237.330602486618
1914762	1103		2203.3748326618224
1915795	1135		2207.618486207444
1916855	1149		2412.057152270805
1917856	1111		2328.9961022483185
1918826	1041		2145.4562401841395
1919872	1084		2198.8361085737124
1920887	1049		2167.2862834413536
1921963	1103		2157.418985420838
1922987	1127		2177.913230381906
1923936	1054		2198.687714779284
1924953	1054		2171.1665538516827
1925998	1073		2158.705883652903
1927116	1144		2260.1413754355162
1928170	1198		2360.330910134129
1929219	1204		2390.874197928235
1930329	1276		2518.3446387192234
1931436	1361		2723.561820826493
1932468	1385		2703.8035554345697
1933523	1406		2768.3277092566714
1934562	1396		2788.2622222523205
1935557	1380		2913.6283314782195
1936610	1424		2855.8274910198525
1937608	1419		2862.589505783282
1938610	1373		2875.3741416526027
1939667	1399		2849.152837212663
1940619	1328		2729.8809253964573
1941629	1332		2691.3466431065463
1942721	1374		2688.8888791962527
1943717	1344		2666.9173475801945
1944889	1466		2893.2238511778414
1945932	1451		3025.991938316729
1946909	1400		2887.1312650772743
1947900	1355		2740.0550567838363
1948903	1354		2753.9550189734437
1949901	1305		2719.0015553995036
1950956	1328		2562.688230447937
1951962	1290		2573.532693259418
1952956	1241		2458.0194277339615
1953942	1207		2443.4742730930448
1954947	1203		2390.654586442746
1956030	1267		2438.171230482403
1956991	1200		2433.6701550097205
1957981	1189		2412.512133897748
1958925	1125		2377.9707658840343
1959949	1109		2185.13136630971
1960950	1104		2179.6802317928523
1961980	1092		2220.1527005010284
1963021	1112		2154.527075033635
1964062	1122		2149.0203003496863
1965074	1096		2054.37580608204
1966138	1132		2213.985887417104
1967059	1045		2258.9358556950465
1968072	1018		2109.764948231168
1969056	987		2002.458133159671
1970111	1035		2063.2208167901263
1971026	942		1952.5210702950135
1972077	972		1948.406443999149
1973116	970		1967.1357888705097
1974109	931		1862.2196289100684
1975217	1009		1905.6001582616009
1976231	1019		2007.7637488041073
1977283	1055		2102.63523379853
1978290	1062		1999.827774822712
1979239	965		2031.3043072945438
1980288	996		1877.6238517742604
1981309	981		1910.2813427695073
1982309	953		1913.4677386274561
1983342	968		1888.1067966320552
1984351	931		1920.9511428112164
1985372	934		1821.9504269151948
1986401	927		1831.8612131914124
1987430	904		1778.9613688420504
1988432	900		1916.543856645003
1989522	961		1888.7544458406046
1990563	983		1998.400288802106
1991476	893		1856.543088644743
1992455	842		1624.0874243229628
1993469	835		1692.477579056751
1994478	812		1657.1211585169658
1995476	790		1487.8280779491179
1996515	823		1630.4251018138602
1997561	835		1693.8635491714813
1998659	914		1761.1809781896882
1999710	940		1870.8710556551814
2000854	1040		1992.4242288419046
2001961	1100		2083.923292566091
2002937	1046		2125.584231584333
2003979	1076		2075.165889228694
2005057	1107		2282.304078416899
2006129	1155		2264.9279484837316
2007149	1171		2298.290819963906
2008183	1153		2349.133499862626
2009118	1079		2275.691754430067
2010235	1154		2174.254681433551
2011306	1181		2380.001881185919
2012345	1179		2363.856634412892
2013475	1263		2511.795407914091
2014454	1205		2537.3610543874092
2015494	1217		2420.9198309257627
2016529	1207		2452.600729272701
2017584	1240		2358.4747103461996
2018583	1227		2576.947824063245
2019625	1262		2434.2274737535045
2020642	1275		2596.065088630654
2021650	1247		2483.0326762180775
2022667	1264		2481.313224416226
2023617	1207		2401.245218133088
2024698	1244		2423.1576398643665
2025796	1302		2473.848077431321
2026843	1297		2581.9042180189863
2027845	1282		2546.8743524975143
2028879	1296		2525.5546424086206
2029911	1306		2625.9099036287516
2030932	1324		2616.5308484248817
2031914	1271		2569.6642180918716
2032956	1271		2572.760182319209
2033893	1186		2412.1425970154814
2034934	1190		2394.317448706832
2035955	1194		2465.2302807248197
2037006	1225		2458.792407005094
2037997	1186		2409.1758725289255
2039111	1257		2511.9102575718425
2040139	1238		2507.0231662322767
2041218	1280		2485.897031985689
2042208	1264		2520.7559806723148
2043321	1358		2544.0844118362293
2044368	1368		2577.9194443840533
2045436	1409		2755.73190461006
2046471	1430		2791.0781610454433
2047510	1429		2833.6758258244954
2048490	1365		2875.6508732787333
2049508	1373		2756.7337029683404
2050472	1330		2665.067228121683
2051522	1367		2781.639302176889
2052607	1406		2755.405545602087
2053691	1449		2918.9844022681937
2054758	1470		2954.794968661852
2055819	1521		3098.8595744525082
2056805	1477		2906.0223960066214
2057777	1446		2966.1872061076574
2058854	1497		2945.4199168067425
2059844	1448		2871.4637178345583
2060930	1494		2940.2434166255407
2062038	1601		3178.2868407852948
2063122	1641		3207.2901031277142
2064144	1661		3255.26246661786
2065151	1647		3350.188660062384
2066177	1639		3314.1680574994534
2067125	1550		3081.8052509739064
2068211	1618		3181.9701051972806
2069338	1703		3175.198020865675
2070325	1648		3188.8538681678474
2071346	1640		3370.4591936678626
2072427	1691		3399.8892314941622
2073445	1687		3334.1992888571694
2074419	1650		3247.827697821427
2075484	1666		3344.943831848912
2076499	1661		3389.8176115849055
2077539	1674		3271.493638277985
2078618	1715		3395.671060874127
2079595	1685		3527.273011477664
2080652	1717		3524.8521028603427
2081607	1665		3426.4728167187423
2082651	1678		3440.1940673068166
2083655	1678		3333.7753455298953
2084646	1666		3272.6705873049796
2085663	1642		3224.7035156702623
2086795	1759		3450.81399067631
2087869	1807		3500.2241333904676
2088919	1832		3532.2182105206884
2089923	1808		3539.380379884038
2091022	1882		3669.249792753253
2091974	1794		3629.542993150186
2092950	1736		3499.773385751061
2093963	1721		3459.6414647623897
2094933	1687		3489.6157932775095
2096009	1750		3420.6421438916586
2097085	1789		3413.5666502909735
2098153	1834		3618.3528996570967
2099207	1839		3615.8545757136308
2100234	1847		3738.1677049435675
2101282	1883		3798.0085517773405
2102272	1864		3763.5739880325273
2103295	1864		3770.604095045477
2104334	1874		3799.337526860647
2105327	1858		3754.9932478284463
2106311	1832		3713.5381818190217
2107274	1760		3625.219116937369
2108258	1734		3561.6602836381644
2109211	1679		3488.507883815095
2110230	1698		3557.3375261258334
2111229	1663		3377.5875327717513
2112329	1715		3320.44144778233
2113405	1769		3412.4141092151403
2114427	1758		3550.87576557789
2115388	1719		3453.859878182411
2116428	1752		3550.7124232044443
2117509	1829		3544.5164609393105
2118474	1787		3502.5850730417296
2119511	1811		3713.7382896728814
2120539	1797		3523.689989038743
2121515	1748		3522.955690640956
2122629	1824		3668.934712692164
2123621	1791		3620.1460596183315
2124684	1822		3647.9747808678076
2125812	1906		3710.5011697001755
2126803	1871		3731.888794994913
2127768	1800		3667.593375539407
2128803	1799		3693.800859808922
2129775	1758		3631.0146358851343
2130745	1693		3613.5910997642204
2131811	1725		3527.519365258515
2132841	1741		3383.1929934527725
2133849	1736		3517.0800067242235
2134910	1773		3553.646382057108
2135896	1754		3633.5246112225577
2136965	1811		3705.3732223669067
2137983	1797		3511.462276097387
2138942	1735		3419.7699411353096
2139922	1697		3385.3088450497016
2140910	1665		3499.8929626410827
2141871	1625		3327.250928532332
2142932	1643		3252.0721373157576
2143954	1630		3340.065148394555
2144999	1642		3380.732123091817
2146059	1692		3375.5569482203573
2147057	1671		3333.6522822082043
2148073	1658		3310.1028619026765
2149044	1614		3153.8019632790238
2150063	1624		3154.118790300563
2150991	1529		3159.823120608926
2151993	1490		3106.5311643602327
2153014	1510		2941.6808955129236
2154053	1500		2946.4058611541986
2155042	1462		2939.425001437776
2156118	1515		2957.8034173613414
2157127	1502		3077.0448024524376
2158297	1636		3255.182843510993
2159252	1573		3119.8361727353185
2160222	1542		3077.0870528900996
2161295	1601		3207.8195132296532
2162347	1618		3184.380134453997
2163339	1581		3165.4311694540083
2164359	1568		3218.456989744678
2165388	1583		3255.340947431512
2166481	1640		3308.995758009143
2167553	1707		3230.229736802168
2168565	1687		3274.7162440232933
2169544	1630		3286.156927912496
2170607	1674		3350.8125710114837
2171530	1554		3250.78435951937
2172550	1560		3048.920996597968
2173529	1514		3038.7298670662567
2174502	1478		3074.8487937934697
2175485	1436		2961.653019147925
2176474	1398		2926.006309499964
2177479	1377		2783.615678860806
2178556	1415		2702.7221167720854
2179637	1465		2826.313046417199
2180626	1445		2990.4293086081743
2181722	1481		2875.0381558192894
2182777	1484		2912.2822257932276
2183817	1494		3010.7815906535834
2184793	1458		2987.8439146643505
2185859	1494		2992.2454643780366
2186911	1522		3012.7382540954277
2187954	1523		3057.045372089371
2188948	1499		3028.5480052204803
2190029	1537		3086.8107640603557
2191035	1529		3055.5545429419726
2192048	1518		3006.7979065235704
2192990	1444		3008.2408415125683
2193969	1405		2965.8730641007423
2195036	1447		2868.786773459986
2195984	1394		2882.3132154727355
2196955	1337		2786.467279947363
2198048	1381		2609.0981665998697
2199075	1382		2727.103537212126
2200154	1426		2818.0878852047026
2201194	1436		2786.4899329692125
2202330	1545		3005.8397142197937
2203365	1555		3156.450694484636
2204368	1547		3072.777581276372
2205377	1508		3132.7264158623293
2206290	1416		2905.1049269083887
2207397	1504		2989.0521717574447
2208400	1500		3007.7184551330283
2209460	1550		3078.5485622910783
2210515	1600		3067.6012894054875
2211471	1519		3065.5561845190823
2212380	1425		2987.141427106224
2213447	1488		3030.561612410471
2214476	1484		3016.9336892003193
2215409	1386		2959.1616912335157
2216479	1427		2858.1863760724664
2217528	1465		2963.6476251771674
2218533	1441		2887.350260268897
2219559	1414		2902.3802568484098
2220624	1447		2860.582397479564
2221663	1460		2980.6137007148936
2222728	1491		2929.190269493498
2223740	1491		2920.7786359032616
2224773	1510		3052.136916710064
2225846	1566		3122.5986866103485
2226901	1591		3135.254602503963
2227899	1571		3090.7496410729364
2228917	1553		3032.0471467310563
2229862	1447		2961.717598536983
2230878	1454		2953.2722379583865
2231898	1455		2910.9449083255604
2232908	1432		2831.608808387071
2234026	1514		2871.5435438724235
2235045	1510		3003.3857430722564
2236174	1608		3186.0325036644936
2237076	1477		3104.5001302296296
2238070	1446		3021.6232581781223
2239095	1443		2829.9152129767463
2240064	1410		2811.7466528834775
2241116	1435		2864.220140551217
2242133	1412		2919.7903706254438
2243142	1401		2790.4472597278655
2244181	1380		2734.843976265751
2245184	1349		2718.85548058711
2246195	1319		2604.693991416134
2247293	1367		2605.012349567376
2248327	1386		2780.7416496733204
2249371	1391		2741.304951348342
2250343	1361		2827.763709630817
2251371	1338		2757.173621240072
2252371	1313		2653.5789587944746
2253356	1255		2549.7701670117676
2254416	1266		2548.060575186275
2255430	1254		2522.6074347244576
2256477	1249		2505.910141066648
2257476	1239		2471.7652974016964
2258497	1207		2495.797309859656
2259502	1178		2341.7202462395653
2260570	1192		2338.521294686012
2261570	1169		2418.558381882496
2262579	1150		2287.4278744468465
2263586	1115		2307.055337904021
2264731	1252		2433.8922784281895
2265723	1206		2396.505601226352
2266723	1200		2399.7035252535716
2267789	1246		2462.553313246928
2268747	1196		2501.3800215357915
2269807	1224		2460.793936402537
2270790	1182		2505.272479550913
2271716	1087		2371.277405353263
2272731	1067		2215.6728300685063
2273752	1068		2088.3768941592425
2274813	1097		2169.769338809885
2275952	1208		2324.777933935635
2277020	1250		2449.39793760702
2277990	1215		2474.9925074409693
2278975	1162		2360.3036623159423
2279921	1081		2235.2387877358124
2280889	1023		2122.779905088246
2281982	1105		2117.561514928937
2283041	1138		2245.698822239414
2284123	1218		2349.3324095383286
2285131	1185		2383.4466760903597
2286158	1191		2297.1986559787765
2287088	1120		2390.276582808234
2288197	1203		2400.2832749653608
2289230	1181		2414.384921929799
2290211	1141		2333.7349782809615
2291237	1150		2359.2953777434304
2292275	1162		2317.3224846338853
2293334	1220		2306.7280325023457
2294324	1188		2347.1174504598603
2295497	1315		2501.9677090290934
2296478	1294		2550.7393333762884
2297459	1266		2640.659405985847
2298536	1313		2687.3884343504906
2299459	1214		2459.6517187543213
2300502	1244		2393.614535818808
2301528	1254		2440.1937926951796
2302511	1210		2417.3619663259014
2303558	1217		2464.7724535884336
2304620	1239		2351.446339691989
2305674	1253		2372.000645313412
2306831	1397		2658.9101014705375
2307841	1394		2781.239160804078
2308932	1440		2817.188977166079
2309964	1430		2800.6438303515315
2310987	1453		2806.8659095568582
2311996	1417		2891.810702379793
2313092	1462		2827.569317067042
2314077	1432		2935.120246531442
2315098	1435		2944.268282431178
2316141	1463		2800.633755912073
2317165	1471		2871.111929968931
2318101	1380		2859.5140982950106
2319120	1369		2859.4966558190063
2320156	1388		2718.8241247450933
2321121	1338		2642.8605236727744
2322144	1319		2683.241666114889
2323186	1344		2708.8394217016175
2324201	1330		2588.5036779753864
2325201	1309		2592.7924599042162
2326258	1364		2658.6198017522693
2327270	1344		2699.796544022858
2328264	1303		2624.16437027324
2329308	1344		2573.8547771861777
2330265	1300		2650.0053266501054
2331307	1313		2637.6663846764714
2332392	1381		2734.9264853158966
2333376	1338		2705.591207064688
2334313	1232		2540.0094495126978
2335386	1258		2439.6138003468513
2336354	1201		2453.4128745999187
2337326	1170		2302.1874834904447
2338326	1166		2347.110765571706
2339404	1220		2393.540442727506
2340463	1233		2516.5282251881436
2341481	1193		2431.0353294005617
2342556	1227		2408.219590147026
2343554	1178		2340.5709168054163
2344617	1222		2468.7134723328054
2345692	1254		2372.0000726804137
2346735	1245		2535.0234899269417
2347738	1225		2465.9390315618366
2348806	1268		2507.896166187711
2349808	1270		2528.711912428029
2350810	1247		2585.858796116896
2351840	1273		2486.1747731789947
2352843	1260		2593.6074553737417
2353893	1273		2602.4001811081544
2354980	1352		2687.616958924569
2356013	1353		2741.45059540309
2357034	1337		2719.3472073804587
2358122	1414		2781.507490094751
2359139	1425		2778.39197431691
2360203	1447		2968.4822575245053
2361213	1449		3007.91488866508
2362287	1471		2857.3313954835758
2363297	1463		2858.518062277697
2364339	1473		2940.056868880987
2365321	1422		2926.8702401416376
2366294	1390		2898.333371223882
2367312	1386		2789.953348327428
2368445	1492		2849.612902957946
2369459	1492		2974.7785517862067
2370553	1563		3110.9308352917433
2371659	1633		3194.904928076081
2372611	1537		3207.552714632824
2373614	1527		3233.7165454076603
2374593	1491		3058.250586521812
2375640	1488		3018.4166556047276
2376566	1412		2874.2898223660886
2377564	1390		2815.477186959237
2378531	1321		2798.06867050007
2379551	1324		2760.6797314202413
2380636	1393		2730.7266243146732
2381670	1378		2732.4183165868744
2382684	1378		2808.3523464361206
2383810	1489		2855.6406173193827
2384879	1520		2957.9217677870765
2385880	1497		3091.968736422248
2386919	1513		3001.043110351078
2388046	1633		3176.143862279132
2389074	1659		3283.800050678663
2390193	1748		3474.9350098362193
2391196	1735		3395.735763195902
2392249	1765		3567.197839880362
2393212	1701		3491.8905871305615
2394130	1619		3315.8125909008086
2395088	1545		3252.5787268318236
2396076	1527		3190.2293199878186
2397057	1504		3031.8924358151853
2398068	1497		2917.7222262155265
2399131	1509		3079.274982361123
2400053	1402		3014.755315036513
2400972	1320		2811.508872005157
2401969	1314		2728.309929160401
2403078	1406		2670.4845068026334
2404167	1477		2838.2285689832643
2405186	1461		2870.7118755374104
2406302	1540		2976.006713259965
2407314	1542		2917.6808324912563
2408284	1503		3001.962682357058
2409261	1420		2861.0416783560067
2410270	1399		2896.3204869516194
2411289	1406		2761.713254152797
2412297	1392		2749.0623712511733
2413329	1400		2838.6918299989775
2414299	1368		2658.850840218365
2415282	1345		2558.446942491457
2416328	1390		2606.741147599183
2417390	1442		2743.8286214992404
2418384	1430		2823.574715906754
2419422	1460		2831.5918751349673
2420375	1393		2836.8819642867893
2421453	1445		2863.908665536903
2422443	1434		2874.3753163693473
2423482	1447		2965.8449328448623
2424525	1490		2910.169203224592
2425558	1517		3036.6649744343013
2426581	1508		3101.7089187102392
2427584	1489		2956.8542815856636
2428517	1403		2865.3898927178234
2429599	1433		2798.6613894766197
2430536	1366		2776.9384841341525
2431613	1396		2789.26440278627
2432613	1392		2765.5890676528215
2433618	1382		2769.3341934466735
2434704	1456		2855.8166915336624
2435728	1445		2883.975857703015
2436745	1442		2977.27070408687
2437912	1563		3128.020034314133
2438898	1523		3092.303513153456
2439954	1550		3102.7800448201597
2440959	1509		3005.056467165239
2442022	1519		2880.9418670032173
2443055	1545		2958.016550219618
2444134	1585		3121.5562649127096
2445194	1639		3193.075306381099
2446238	1657		3269.8564108014107
2447314	1671		3349.7597704883665
2448413	1755		3455.906578514725
2449503	1810		3516.4642710881308
2450537	1815		3596.5849734377116
2451628	1872		3690.4389039864764
2452784	1997		3793.3158890865743
2453763	1962		3873.354859909974
2454771	1951		3925.9711989350617
2455778	1923		3822.484218600206
2456756	1893		3835.944201624021
2457802	1911		3722.263212979771
2458815	1916		3711.030070750043
2459825	1921		3783.204323711805
2460879	1957		3906.140458682552
2461928	1976		3945.17966953665
2462978	2005		4011.42628962826
2464067	2043		4017.452394209802
2465220	2146		4122.43522474356
2466268	2175		4257.741178085096
2467318	2190		4386.030891669914
2468355	2210		4460.287458263338
2469493	2315		4600.980767589062
2470584	2362		4556.6711493125185
2471645	2395		4670.833635859191
2472726	2444		4793.481351134367
2473768	2435		4869.560327458195
2474741	2371		4725.739672263153
2475716	2324		4766.22237861529
2476744	2314		4688.155855033547
2477761	2290		4566.9439900694415
2478781	2288		4639.868197403848
2479795	2285		4488.374165442772
2480822	2280		4586.8690019045025
2481761	2218		4587.562080491334
2482817	2225		4583.942588358186
2483797	2203		4396.99449557811
2484870	2251		4527.580688394606
2485856	2234		4462.067074058577
2486913	2287		4586.036172696389
2487983	2338		4640.4556900067255
2489092	2400		4754.729060426354
2490200	2488		4932.009069094434
2491253	2529		5006.929318507202
2492269	2545		5020.123108466156
2493262	2529		5029.306882525794
2494336	2567		5140.886081426404
2495350	2559		5025.681254304014
2496302	2468		4985.686772750691
2497305	2438		5052.633753736503
2498389	2479		5117.164997647516
2499465	2524		5092.196512341499
2500424	2467		4918.264055700041
2501408	2432		4969.492315754294
2502404	2384		4789.284585755318
2503506	2450		4956.107251209207
2504468	2376		4821.561510468833
2505487	2376		4866.003723372705
2506588	2441		4923.709664042108
2507614	2438		4825.453561878763
2508735	2558		4911.317335718311
2509721	2535		4779.535138514824
2510741	2526		4970.404740544036
2511798	2578		5114.905528653413
2512827	2565		5189.881392225623
2514006	2709		5256.518859567121
2515066	2762		5374.183402640745
2516112	2808		5427.6513282442465
2517195	2845		5508.947812185623
2518192	2798		5464.833950270899
2519235	2802		5534.641264528967
2520224	2769		5615.323758106679
2521160	2705		5522.615267285146
2522173	2717		5414.077451348305
2523205	2721		5334.097963207401
2524181	2667		5248.713274555281
2525247	2696		5315.451877857558
2526301	2701		5315.962133193389
2527297	2675		5220.163822408766
2528371	2722		5267.296728217043
2529459	2773		5317.735623782501
2530321	2629		5329.1464617643505
2531377	2642		5357.0362374847755
2532331	2582		5405.372851555236
2533305	2519		5177.361261275597
2534476	2662		5274.470827654935
2535497	2635		5108.914187213406
2536473	2602		5154.638233447447
2537467	2584		5208.016328622587
2538536	2652		5225.755081365816
2539577	2672		5217.592222980224
2540637	2689		5332.956003359519
2541702	2728		5377.838012740016
2542711	2691		5434.844361374155
2543720	2699		5439.309268396348
2544768	2700		5476.109389039688
2545737	2658		5358.300054758787
2546793	2669		5384.563378716819
2547754	2605		5270.757292020135
2548882	2693		5333.145321108401
2549929	2710		5286.421678736806
2550921	2689		5345.576692842878
2551930	2693		5360.001298802905
2552973	2720		5456.146173163317
2554028	2745		5490.979378577322
2555029	2710		5416.832766237669
2555943	2589		5362.909957163036
2556980	2622		5300.679286731407
2558036	2645		5307.0869321087375
2559002	2582		5145.856452292763
2559921	2496		5121.999572511762
2560980	2513		4995.709719471633
2561931	2457		4895.844815178774
2562984	2495		4979.016368132085
2564019	2528		4845.494861028157
2564902	2403		4796.381654974073
2565908	2391		4882.0838086670265
2566877	2329		4664.55722904671
2568001	2422		4749.1485480563715
2569027	2402		4700.973771002144
2569987	2324		4659.831533160992
2570982	2314		4741.1119604362175
2572032	2349		4740.532420475967
2573017	2325		4696.994266062975
2574091	2374		4847.457406307571
2575028	2293		4817.294940340333
2576081	2322		4703.482675027102
2577106	2325		4469.16545016598
2578198	2383		4621.933392443694
2579182	2328		4635.030651889741
2580233	2340		4689.895520363003
2581215	2312		4679.284605213441
2582181	2260		4599.815486034378
2583208	2242		4659.270512883551
2584218	2239		4492.678182807751
2585280	2277		4489.362412276678
2586302	2265		4524.42998534441
2587399	2341		4634.384064629674
2588384	2282		4513.984298353083
2589452	2328		4604.973887057975
2590430	2293		4551.146539270878
2591433	2292		4585.280648672022
2592468	2294		4617.519885722548
2593459	2271		4571.166450408287
2594524	2297		4591.277840966359
2595452	2205		4557.242409078404
2596425	2171		4526.667807126418
2597411	2148		4403.347321749665
2598462	2156		4346.489480651915
2599562	2211		4326.145755117759
2600541	2173		4294.021547563374
2601617	2227		4437.7505389610305
2602674	2246		4429.590511973947
2603725	2269		4521.124553978443
2604677	2215		4410.658151756972
2605759	2238		4431.640385536477
2606767	2224		4343.042870208621
2607780	2236		4455.838651709259
2608820	2250		4499.20485321153
2609875	2266		4529.530660645105
2610845	2223		4544.752052331343
2611867	2245		4636.534201729111
2612935	2281		4620.506307058968
2613907	2247		4467.5701262596995
2614955	2262		4554.882743460126
2615930	2234		4512.941311034374
2616938	2197		4488.1045556860045
2618045	2267		4413.364567010663
2619014	2194		4344.690409856848
2620009	2172		4382.319695113227
2621006	2146		4276.372548441403
2622010	2123		4261.045528838411
2622947	2049		4216.574059302919
2623936	2008		4256.958022727631
2624970	2007		4078.550391253084
2626045	2060		4000.9104188261554
2627088	2049		4071.8157504200935
2628152	2089		4170.236598468386
2629220	2150		4245.705936693586
2630225	2146		4245.045297123492
2631249	2116		4270.084796281531
2632373	2199		4294.996010592207
2633351	2148		4175.620431435294
2634399	2156		4351.953534102999
2635464	2199		4387.023080479354
2636436	2165		4339.256734575145
2637547	2257		4533.225293816067
2638589	2260		4617.616026385687
2639638	2258		4624.441213423386
2640656	2249		4585.543415695429
2641622	2212		4520.629805514589
2642696	2254		4566.940550531261
2643746	2279		4525.159489871934
2644866	2367		4607.675616905093
2645849	2314		4520.5799769172445
2646907	2351		4622.6056679505855
2647959	2372		4743.590253396891
2648940	2306		4616.797016104683
2649953	2269		4522.204949852079
2650944	2256		4520.325915655121
2652025	2287		4487.096865655854
2653017	2231		4415.978590293787
2654010	2186		4384.665095019154
2655009	2182		4407.535875923
2656032	2180		4330.101769600995
2657107	2222		4356.881824657321
2658148	2241		4435.0191794633865
2659158	2244		4596.669011583552
2660193	2256		4643.184692896903
2661164	2209		4515.173932947218
2662037	2059		4358.70330236014
2663071	2091		4439.923302589916
2664043	2033		4155.866072808392
2665098	2053		4160.429931452498
2666122	2060		4162.834810016677
2667153	2091		4172.376918081194
2668222	2115		4113.962924794294
2669231	2079		4104.01215373259
2670284	2084		4143.877849842422
2671268	2048		4015.466385744512
2672311	2044		4035.467646543868
2673343	2071		4085.0258612120524
2674399	2084		4093.751469668001
2675483	2143		4199.2805945165455
2676584	2197		4323.348140992224
2677574	2147		4298.570590038784
2678576	2122		4263.048386799172
2679542	2052		4183.396874489263
2680585	2037		4155.403319034725
2681617	2068		4179.5645500309765
2682620	2066		4150.240104243159
2683680	2120		4094.285218818113
2684661	2061		4143.058983766474
2685683	2060		4178.757716291584
2686734	2063		4075.320103415288
2687741	2050		4081.4718091366813
2688821	2102		4133.047917135991
2689815	2057		4144.161052004434
2690830	2027		4127.983459271491
2691836	1979		4006.7073274850845
2692841	1947		3925.2448024656624
2693878	1957		3844.5333795165643
2694897	1966		3831.689964970574
2695879	1938		3873.0467576039955
2696879	1890		3802.0846132505685
2697841	1835		3728.1743832370266
2698923	1875		3756.253223334439
2700074	1976		3830.8510577380657
2701152	2006		3873.9584290646017
2702236	2060		4023.2613948388025
2703214	2034		4042.943935275078
2704230	2021		4040.079093198292
2705216	2007		4012.206707741134
2706266	2025		4064.937633574009
2707261	2006		4021.027469271794
2708309	2014		4049.759469016455
2709356	2019		4049.3213525805622
2710407	2038		4079.2881156038493
2711465	2090		4067.3340180637315
2712429	2050		4076.4121277909726
2713400	2011		4132.763197366148
2714393	1994		4079.632699002512
2715354	1939		3966.4579304503277
2716435	2017		4025.587365307845
2717495	2069		4065.80425691884
2718554	2084		4102.5895917722955
2719670	2190		4324.026594860479
2720655	2170		4313.420124367811
2721725	2183		4364.308971992694
2722747	2192		4356.153907995671
2723760	2175		4280.354681417346
2724739	2108		4238.604236978106
2725823	2143		4264.139928581193
2726878	2144		4212.08899262175
2727896	2132		4235.520159249194
2728959	2169		4256.599222666584
2729963	2153		4264.284564010799
2730950	2094		4181.594160154462
2731947	2083		4278.060847471468
2732961	2096		4357.54220557306
2733993	2114		4343.578736781143
2734988	2083		4217.416647830047
2736087	2174		4260.047051387839
2737113	2160		4273.469651900232
2738209	2219		4405.402560344897
2739177	2165		4324.677164890803
2740200	2179		4352.988409096375
2741258	2206		4337.353138882667
2742321	2219		4387.394384035841
2743342	2221		4394.8769119614735
2744438	2283		4449.625935447402
2745438	2262		4442.463709455915
2746521	2288		4589.37580625806
2747508	2233		4522.119878783822
2748436	2157		4492.826121375896
2749388	2074		4416.330616680905
2750480	2136		4299.957322994247
2751522	2141		4108.465159890242
2752611	2219		4180.821139257401
2753564	2127		4162.911935691722
2754636	2158		4329.691024687141
2755726	2202		4260.839099748991
2756833	2291		4372.617466223426
2757806	2256		4403.823852120899
2758890	2328		4756.536275750026
2759981	2380		4751.899470060132
2761039	2395		4673.1568494411185
2762078	2403		4694.1758755631745
2763086	2384		4663.058649400249
2764056	2352		4741.5393579294905
2765007	2271		4583.612039086409
2765961	2190		4480.613579452969
2767050	2240		4518.0906721856445
2767974	2146		4299.110341743566
2768958	2110		4247.515448826365
2769956	2083		4185.925806316547
2770929	2052		4175.847232391126
2771987	2096		4107.844226595946
2772994	2080		4044.866688879207
2773946	2000		4084.4715463873
2774938	1937		3977.742122558877
2776015	1967		3892.3303780434653
2777016	1930		3817.774101701565
2778050	1916		3879.7003001142293
2779039	1879		3860.8032566802576
2780012	1837		3747.394171196036
2780976	1786		3521.388926155865
2781909	1664		3493.1023791264743
2782877	1594		3301.5549847800285
2783869	1583		3200.934467498213
2784929	1606		3224.3798980237916
2785941	1609		3199.468059956096
2786957	1605		3136.3448031712323
2788111	1731		3346.8769872896373
2789125	1726		3349.3791247168556
2790164	1724		3329.089666238986
2791203	1731		3423.6028619520366
2792225	1727		3407.589634196833
2793250	1713		3431.860718693584
2794284	1686		3417.2437128946185
2795316	1680		3458.461962006055
2796351	1682		3300.4117208197713
2797303	1634		3341.1608148543164
2798359	1656		3318.0247542811558
2799372	1620		3294.753154842183
2800401	1643		3198.4072655290365
2801423	1631		3309.5570348873734
2802484	1674		3404.2812923844904
2803489	1677		3445.9847276043147
2804564	1714		3447.914659355767
2805574	1721		3495.1291248174384
2806528	1645		3467.1563827618957
2807525	1619		3355.308632166125
2808507	1592		3235.1027028867975
2809574	1621		3256.6177439400926
2810601	1625		3163.93366184365
2811575	1598		3260.6290432438254
2812652	1648		3352.926712328568
2813637	1610		3235.916793066077
2814763	1710		3272.5811164826155
2815849	1758		3349.547062309459
2816799	1686		3432.759265411645
2817812	1657		3388.4561711391434
2818849	1642		3323.9540760964155
2819902	1669		3224.6432717423886
2820884	1622		3236.681394104846
2821994	1721		3339.6362038450316
2822924	1651		3263.3488852586597
2823978	1676		3357.3118686759844
2824963	1626		3294.0071273939684
2825944	1595		3251.1920435037464
2827051	1674		3363.052557302639
2828076	1692		3296.7530958158895
2829048	1640		3317.9044788302854
2830055	1632		3310.0885490616783
2831178	1733		3307.243830683641
2832216	1746		3444.394269697368
2833283	1767		3524.148354209028
2834238	1713		3436.383485035971
2835255	1695		3509.1567745301872
2836291	1702		3405.0202612569556
2837323	1703		3263.6326438020915
2838431	1771		3466.727114763111
2839377	1717		3408.258648827672
2840371	1670		3445.197930109687
2841408	1654		3331.7711959043518
2842339	1561		3216.4010007195175
2843426	1620		3294.630443827249
2844507	1690		3262.2652712361887
2845568	1706		3350.6515143960714
2846555	1652		3298.8987064594403
2847522	1612		3204.2833230998367
2848589	1643		3196.5758401425555
2849648	1650		3345.1476894663647
2850710	1691		3331.005712869577
2851671	1632		3308.7538051353768
2852751	1674		3479.238011902198
2853778	1700		3354.393394782208
2854824	1719		3404.917067862116
2855817	1681		3509.778186718002
2856789	1646		3445.7203227933496
2857813	1631		3268.9200597293675
2858937	1710		3323.540773315355
2860098	1831		3416.299380250275
2861157	1890		3598.1728244991973
2862136	1869		3754.350193004124
2863211	1897		3687.6499696327373
2864238	1893		3597.752907851711
2865314	1918		3737.1617141822353
2866394	1953		3822.286468297243
2867422	1936		3868.8598049934953
2868423	1935		3902.8768000211567
2869477	1955		3798.144521135837
2870623	2054		3936.8824833808467
2871671	2062		3952.209815393202
2872653	2008		3947.7724195225164
2873789	2102		4165.998600678518
2874759	2050		4092.466354846023
2875871	2125		4183.757730052806
2876960	2196		4190.107390929945
2877946	2147		4260.523761993274
2878913	2076		4222.921887781471
2879920	2072		4197.232257878408
2880928	2050		4173.330925632268
2881798	1900		4050.0771237947047
2882795	1885		3937.1875093216076
2883808	1897		3785.140507218428
2884868	1918		3890.288669584319
2886003	2010		3960.248420625925
2887097	2069		3961.0448238430545
2888142	2075		4149.790918149054
2889224	2112		4164.428004288115
2890238	2117		4132.598900818266
2891279	2119		4189.075119425543
2892278	2088		4200.7685161251575
2893268	2054		4134.084411293268
2894321	2089		4183.496972781606
2895350	2088		4204.113470279612
2896350	2082		4193.731140702032
2897372	2064		4176.02460645698
2898322	2010		4173.024831107818
2899235	1911		4003.669849897735
2900229	1891		3869.0632080407813
2901216	1832		3678.6543057942763
2902231	1819		3744.483201203868
2903238	1806		3607.566455461085
2904275	1828		3547.6260371068493
2905298	1837		3549.7684329375625
2906434	1939		3745.2197689563036
2907447	1941		3840.621897265315
2908474	1951		4002.5782237304375
2909521	1951		3987.0252337912098
2910542	1970		3986.4214851809666
2911557	1962		4036.658624560572
2912599	1979		4028.913510245271
2913696	2028		4098.679673383944
2914626	1948		4061.5973123861477
2915697	2005		4100.519156938419
2916699	1976		4011.950190635398
2917694	1938		3962.480483165942
2918725	1958		3850.1984557341784
2919796	2004		3894.826830244623
2920784	1979		3820.5399178387597
2921789	1961		3858.034999693744
2922759	1925		3821.406317773275
2923783	1914		3830.0921974452212
2924770	1871		3799.1074970094487
2925855	1927		3796.2841659206897
2926893	1944		3842.675460937433
2927961	1974		3943.7717743478715
2928985	1990		3896.574531096965
2930002	1977		3977.2609526589513
2931032	1969		3945.2425843980163
2932044	1957		3842.157179753296
2933056	1940		3858.780431183055
2934030	1878		3787.154073640704
2934990	1811		3722.4236275851727
2935978	1761		3566.1900962134823
2937064	1830		3633.937130528502
2938072	1789		3604.986808013171
2939036	1727		3567.232666671276
2940033	1724		3522.116410881281
2941061	1739		3455.2400428252295
2942047	1694		3370.6577034061775
2943010	1657		3374.124620283954
2944076	1663		3335.1339561985806
2945171	1719		3340.4637425215915
2946168	1671		3372.436298727989
2947201	1695		3492.0630084844306
2948228	1689		3381.9097679834813
2949314	1720		3375.0588974226266
2950471	1867		3560.0872622430325
2951477	1839		3607.569286148064
2952486	1842		3532.9501184783876
2953474	1821		3569.5587800713256
2954441	1758		3676.3117072088644
2955416	1723		3538.0542952148244
2956522	1790		3576.185689030215
2957479	1741		3518.885680189356
2958559	1776		3645.390771809034
2959608	1811		3625.5081086419523
2960593	1758		3484.849970828742
2961585	1743		3458.501812269911
2962589	1727		3437.5277199186385
2963703	1778		3510.264058176428
2964748	1790		3589.5583611829206
2965660	1697		3509.2567918179557
2966542	1560		3314.912287096493
2967607	1578		3193.783417897299
2968650	1589		3229.6565067674965
2969634	1525		3067.8346861014143
2970694	1564		3143.751713327132
2971712	1581		3195.4466306315735
2972726	1593		3148.076808960177
2973812	1656		3110.494826078415
2974866	1663		3240.945863906294
2975944	1694		3337.4384209811687
2977010	1742		3490.8080431856215
2978082	1793		3530.234823652543
2979117	1810		3547.031661967747
2980199	1847		3710.2687982209027
2981257	1858		3705.7174887973815
2982312	1882		3759.662940780632
2983309	1817		3623.455667898059
2984368	1827		3655.1230505369604
2985366	1823		3517.9378869459033
2986427	1835		3548.729959940538
2987426	1833		3625.3149525867775
2988433	1802		3582.0146853737533
2989504	1807		3524.9421274885535
2990520	1794		3495.5471162749454
2991500	1740		3588.7258923584595
2992533	1758		3634.923326065764
2993545	1715		3522.3397453306243
2994673	1809		3642.84958927799
2995754	1889		3695.149312172085
2996833	1938		3705.3827301282436
2997869	1932		3717.4978926908225
2998869	1909		3748.3973248908296
2999955	1975		3855.3019186137244
3000962	1946		3904.2733104731888
3001931	1901		3915.618236694485
3002934	1899		3858.089293178171
3004025	1962		3814.9978180583566
3005046	1949		3754.9371247086674
3006041	1911		3791.1430786373094
3007077	1899		3845.5660796305165
3008110	1914		3876.4584474666044
3009208	1970		3934.820044179447
3010284	2024		4068.3985076686367
3011322	2031		4035.2047778386623
3012319	2022		4071.8393734367564
3013422	2097		4097.182963265106
3014425	2053		4104.9504078403115
3015442	2070		4184.027072490193
3016428	2055		4118.291027284227
3017399	2020		4125.399621848948
3018443	2036		4045.9588850354776
3019412	1953		3873.9830161798745
3020404	1928		3924.6517353765666
3021426	1946		3851.069922341965
3022447	1934		3769.342232944444
3023456	1935		3912.1639188518748
3024461	1932		3943.2212050054222
3025526	1994		3961.917286064476
3026626	2062		3989.6706044608727
3027656	2088		4012.9257704336196
3028643	2067		4103.03373566363
3029684	2069		4181.3554624170065
3030670	2014		4071.5181783940643
3031675	2008		4035.7021214645356
3032658	1957		3918.3367813825607
3033669	1955		3916.744990308769
3034766	2028		3937.1995511436835
3035772	2010		4127.653157243505
3036869	2083		4262.1543791284785
3037937	2123		4096.110034870915
3039054	2197		4315.452240848914
3040070	2182		4319.2704377109185
3041027	2129		4289.512616308406
3042015	2094		4292.7789012007415
3042922	1993		4092.7451293328777
3043897	1936		4000.156455285847
3044962	1973		3957.3906134357676
3046022	2020		3974.0656126625836
3047010	2005		3938.575194777921
3048017	2008		3927.2113983612508
3048973	1948		3976.681537363678
3049983	1941		3955.7782750921324
3050970	1890		3822.210171598941
3051898	1815		3655.1092313649133
3052900	1795		3747.44027348049
3053942	1818		3567.2307074936107
3054993	1845		3669.195393563248
3055977	1815		3663.2042883886024
3056956	1785		3630.9550024373457
3058003	1793		3580.4901567352936
3058946	1716		3592.6025909865275
3060007	1765		3552.930209442973
3060954	1697		3494.2148678367957
3061990	1721		3601.2978337872773
3063010	1735		3598.0605393731967
3064025	1744		3522.4338502725586
3065080	1756		3491.5576223749667
3066084	1741		3502.7727824300528
3067087	1702		3524.378042231314
3068131	1708		3480.436282983981
3069230	1764		3499.2896574838087
3070288	1801		3610.7992116585374
3071278	1783		3586.3586806636304
3072351	1827		3634.391778741032
3073355	1807		3663.86562136095
3074368	1809		3765.1408537644893
3075322	1739		3619.584822896868
3076327	1731		3517.6042047012597
3077304	1684		3371.4094763463363
3078341	1676		3402.6311343545094
3079399	1697		3429.340444261208
3080472	1742		3330.3441853644326
3081408	1668		3338.5878672227263
3082414	1669		3364.6747924042866
3083524	1738		3359.284841402434
3084482	1696		3457.696784310974
3085573	1755		3455.8867907105014
3086564	1734		3518.377576897852
3087622	1791		3553.3403805159032
3088635	1758		3396.9154571378604
3089611	1677		3375.578309654258
3090617	1683		3374.234219495207
3091660	1713		3322.7525228951126
3092709	1728		3390.1341031948105
3093738	1745		3487.0773057630286
3094839	1815		3521.6615642178804
3095790	1763		3565.700811696239
3096824	1758		3626.0876569049433
3097839	1766		3488.410846135579
3098882	1786		3470.9848982784897
3099877	1764		3563.3749084090814
3100825	1698		3468.2424291018397
3101805	1652		3407.1667974842712
3102776	1623		3283.0594327673316
3103801	1619		3186.079401624389
3104772	1589		3105.446014412679
3105831	1610		3031.1507312096655
3106889	1642		3167.6662791892886
3107897	1650		3251.596562705934
3108890	1627		3232.4772786246613
3110000	1707		3311.2020495561883
3111023	1700		3282.565038451925
3112100	1768		3438.8419943023473
3113205	1837		3504.9479878935963
3114230	1840		3575.4863201119006
3115239	1801		3780.6628679651767
3116205	1760		3760.6876770416275
3117225	1754		3621.6330879442394
3118273	1758		3458.4750693719834
3119281	1738		3471.901355629787
3120244	1692		3566.369264829904
3121220	1640		3436.8361118966714
3122361	1737		3458.9453803002834
3123373	1708		3456.3297666609287
3124368	1692		3420.3134095501155
3125313	1626		3349.6964011918753
3126369	1682		3326.1361182145774
3127340	1635		3267.602020875551
3128384	1637		3227.329032016918
3129355	1597		3258.48977559153
3130314	1505		3159.7950071971864
3131305	1475		3029.6594960438088
3132277	1427		2902.3176110293716
3133328	1471		2933.3354756264016
3134263	1380		2846.724622872658
3135371	1452		2907.030741918832
3136403	1463		2993.057974963449
3137315	1332		2761.5290351537988
3138436	1407		2782.282045823522
3139560	1529		2937.477084240876
3140563	1488		2913.305037806742
3141604	1492		2938.119668306783
3142647	1504		2923.203933428973
3143616	1441		2947.7160759922117
3144581	1387		2840.932722793892
3145632	1413		2858.8282565753907
3146625	1372		2779.7886286573485
3147731	1434		2713.4990371735767
3148840	1503		2942.073864785023
3149894	1498		3008.350880643353
3150885	1488		3039.336293526925
3151910	1491		2938.9746697321534
3152946	1483		2824.753132455051
3154011	1521		2958.978828812018
3154977	1484		3046.825082796626
3155879	1347		2926.812984103337
3156815	1251		2681.904468822293
3157883	1288		2602.1861622910947
3158882	1241		2599.0171936387196
3159928	1285		2519.613458953798
3160884	1234		2533.300088474527
3161975	1279		2510.366327748634
3163037	1307		2590.1782460296527
3164070	1315		2599.0918371602893
3165050	1252		2625.9779838882387
3165987	1175		2483.568454382941
3167058	1221		2448.2557580601424
3168079	1225		2408.4677481884137
3169080	1208		2381.5340440701693
3170061	1168		2407.618916342035
3171089	1153		2367.8291881382465
3172158	1210		2374.2116402611136
3173219	1264		2485.2834218917415
3174316	1318		2554.5590189043432
3175358	1334		2618.390385389328
3176310	1275		2523.9112110966817
3177329	1245		2558.8975260537118
3178357	1242		2576.5186850698665
3179335	1182		2403.3720844928175
3180265	1095		2256.5747414706275
3181314	1109		2224.2452873438597
3182338	1084		2187.240547468886
3183353	1081		2234.0813671080396
3184437	1126		2185.566962315701
3185482	1150		2306.446515265852
3186453	1096		2269.3424545265734
3187428	1030		2120.794886472635
3188431	1032		2052.8392286729068
3189431	994		1991.8266858737916
3190499	1020		1990.554698373191
3191502	1009		2022.9867213331163
3192485	984		2002.9062191927806
3193510	987		2036.3730081161484
3194585	1031		2009.2753512235358
3195597	1043		2064.8634520201012
3196663	1088		2050.537344323471
3197706	1124		2144.0769637357444
3198772	1147		2237.786671116017
3199810	1152		2194.7629275592044
3200836	1162		2234.892428004183
3201785	1110		2228.986905535683
3202776	1100		2116.162239680998
3203771	1076		2165.8083567311987
3204788	1074		2118.010797658004
3205818	1078		2100.5522620556876
3206826	1078		2135.6078646900132
3207833	1070		2066.1344530489296
3208830	1055		2084.460681481287
3209866	1071		2178.0302480412647
3210950	1122		2180.3656168431044
3211989	1125		2244.159560275264
3213000	1132		2375.70264664758
3213934	1063		2122.8375375187024
3214932	1049		2120.473212704994
3215951	1050		2044.6785904262215
3216936	1028		2086.77345596347
3217987	1054		2107.766085437499
3218994	1039		2155.230679979548
3219995	1034		2067.4259759560227
3221024	1040		2124.5229440527037
3222050	1009		2045.2668587341905
3223006	913		1894.7273460440338
3224043	925		1841.60294776503
3225024	906		1843.0774516398087
3226023	903		1847.2709681177512
3227081	928		1787.7172182919458
3228072	873		1823.6118503240868
3229135	901		1761.5396876232699
3230167	915		1868.6664149640128
3231205	925		1776.3153621535748
3232266	954		1903.4015098614618
3233281	940		1855.94975903444
3234354	994		1947.2359551629052
3235368	977		1992.0731231663376
3236331	919		1817.2385663958266
3237429	992		1961.122914902866
3238433	981		2047.2101374994963
3239490	1032		1967.603711281903
3240496	1018		2028.5584382433444
3241473	991		2020.3904130738229
3242565	1029		1977.7714625168592
3243629	1059		2086.695506285876
3244630	1059		2112.0942230504006
3245623	1019		2044.0127395531163
3246623	969		2014.445529316552
3247601	906		1845.968954976648
3248670	955		1896.256802056916
3249721	976		1945.4038671953604
3250777	1014		2021.5055370628834
3251767	951		1911.0069257896394
3252847	988		1947.1779961092398
3253870	975		2001.0472233602777
3254890	979		1913.4253516253084
3255975	1046		2001.2733042603359
3257013	1046		2102.8734107995406
3257984	996		2049.5636489735916
3258966	968		1978.287021894008
3259993	981		2000.412130786106
3261038	997		2098.0245244577527
3262034	953		1907.9602110786363
3263040	946		1863.3505116989836
3264076	980		1987.7699836520478
3265057	941		1904.730715263635
3266193	1024		1981.5915799243376
3267262	1035		2011.4042263263837
3268353	1096		2111.1001923680305
3269313	1040		2150.282551854849
3270330	1047		2043.161560188979
3271302	992		2137.170545988716
3272330	1004		2068.8525140127167
3273304	955		1951.7094217510894
3274313	921		1919.0954360999167
3275345	946		1835.7883416404948
3276326	885		1761.6592157604173
3277369	922		1847.1508042225614
3278440	952		1842.2133746771142
3279520	1004		1960.658048803918
3280566	1035		2075.021140616387
3281637	1069		2094.697121283971
3282732	1141		2206.832174155861
3283702	1100		2250.9725682679564
3284837	1206		2250.601944172755
3285927	1265		2466.298201034777
3287014	1295		2510.4178993189707
3288077	1357		2622.7664435766637
3289106	1356		2652.2738055465743
3290122	1330		2583.9986647106707
3291114	1304		2606.5990678621456
3292254	1406		2757.7643950823694
3293307	1427		2833.2460505450144
3294414	1512		2883.042634627782
3295454	1515		3117.4430675031617
3296506	1525		3076.572784516029
3297467	1485		2950.974299574271
3298507	1524		2943.6453230036423
3299492	1497		2984.120089041069
3300497	1497		3047.5315778143704
3301577	1569		3108.6348098339513
3302657	1622		3059.8724283445626
3303657	1604		3126.7632421664894
3304735	1638		3162.7147309612483
3305786	1663		3340.2747584804893
3306807	1666		3292.5144560877234
3307877	1723		3416.2769771581516
3308868	1670		3345.2838754430413
3309931	1700		3362.0040579056367
3310972	1715		3340.3650376340374
3311944	1653		3364.018098077737
3312999	1682		3432.4935302706435
3314058	1707		3419.7541021360084
3315058	1676		3312.7529997052625
3316115	1691		3386.8617593143135
3317151	1680		3504.0937069272622
3318142	1653		3421.457016912289
3319196	1671		3374.0248155109584
3320213	1634		3269.795660628937
3321221	1632		3258.424743728712
3322188	1594		3143.6432597134262
3323274	1671		3359.2416260512546
3324317	1704		3264.1697422889993
3325332	1712		3338.5425175381824
3326303	1670		3365.365050997585
3327255	1606		3322.804138397798
3328300	1617		3310.549110410735
3329400	1705		3289.8017593985423
3330394	1699		3390.28230278939
3331460	1744		3609.548608897254
3332436	1710		3385.8091570027173
3333459	1707		3347.925801933743
3334553	1745		3503.983660900034
3335604	1780		3592.7852526502684
3336582	1745		3522.597457448952
3337546	1707		3522.7658652588725
3338541	1675		3399.582692702301
3339642	1745		3430.998602444306
3340737	1818		3465.4129941733554
3341674	1749		3574.9980877321213
3342685	1706		3504.5406332630664
3343700	1716		3339.5864656260237
3344758	1745		3434.8498933771625
3345664	1606		3263.06933027599
3346635	1542		3137.10010476131
3347653	1547		2990.136909896508
3348635	1516		3098.844717311673
3349609	1481		2969.300797075033
3350630	1465		2963.253040499054
3351627	1438		2903.2384312823415
3352572	1380		2878.3544450243935
3353617	1396		2936.56635713391
3354687	1442		2890.8358066705987
3355703	1433		2821.7846061699092
3356746	1476		2919.076686833985
3357770	1486		3025.5336290793493
3358777	1454		2869.9231921881437
3359723	1399		2926.9940717592835
3360678	1354		2817.1176957013085
3361665	1341		2709.205614075996
3362722	1381		2755.8148986343294
3363743	1381		2818.3110010167584
3364773	1385		2707.8147790087387
3365867	1449		2867.26567190513
3366877	1418		2910.3374481787905
3367877	1410		2856.1944328974932
3368897	1375		2697.3757685245946
3369962	1408		2789.7262202119455
3370947	1371		2871.42479861062
3371943	1359		2777.3747211508453
3372971	1364		2777.137692154385
3373959	1317		2706.6302865622565
3375006	1348		2654.8387206196785
3376023	1322		2758.2393753677607
3376967	1261		2572.131536502391
3378002	1292		2596.294019169174
3378989	1254		2582.5032855998725
3380017	1262		2455.484528786503
3381053	1256		2513.559188913554
3382032	1224		2487.4305227687582
3383051	1190		2400.0607917709276
3384063	1195		2381.891844545491
3385167	1295		2376.4711598949507
3386214	1323		2569.8850107202306
3387309	1363		2773.7718045590445
3388314	1340		2763.6111870314926
3389263	1272		2669.6804217370227
3390247	1221		2600.5251850094646
3391246	1197		2506.8021946717054
3392237	1134		2285.6878761770204
3393336	1179		2368.135417413898
3394360	1187		2362.555472687818
3395418	1212		2417.333235089667
3396560	1317		2441.186657045968
3397597	1334		2492.3994812099263
3398582	1291		2475.159035959281
3399554	1217		2437.8557355673984
3400587	1227		2398.3136037625372
3401631	1254		2503.482518508099
3402637	1258		2481.0058869626373
3403737	1317		2575.0307065267116
3404866	1408		2728.2469422575086
3405983	1490		2916.74826143682
3407027	1497		3015.0422905236483
3407966	1432		2887.0095677785575
3409012	1451		2912.973806699738
3409995	1430		2914.412832817994
3411026	1439		2941.195138168521
3412010	1410		2860.4595937300473
3413006	1381		2784.379586125724
3413963	1305		2675.5679681990296
3414967	1265		2559.6479429267347
3416043	1317		2598.764136057347
3417016	1285		2619.3903933484107
3418039	1261		2570.7625850215554
3419127	1324		2635.4027025010437
3420134	1302		2587.7541365763173
3421149	1295		2588.9231084370986
3422150	1263		2550.54920258373
3423219	1287		2572.16200337559
3424298	1350		2642.1245239330456
3425305	1341		2633.4861576259136
3426370	1360		2689.4780689841136
3427415	1372		2732.4533670488745
3428389	1326		2714.4528606534004
3429393	1327		2677.5971584394574
3430363	1293		2659.111322272569
3431438	1358		2748.4096374129876
3432444	1319		2628.443306611851
3433422	1277		2623.184243318625
3434428	1249		2637.2591929212213
3435439	1244		2486.27389852982
3436444	1190		2382.1716301105917
3437522	1234		2436.748231947422
3438480	1165		2386.6692820778117
3439466	1120		2272.938968449831
3440479	1124		2268.837316310033
3441514	1137		2331.472888931632
3442532	1109		2293.173153896816
3443603	1141		2228.0329537102953
3444695	1195		2325.758164686151
3445815	1257		2467.114016395062
3446824	1250		2505.7092128824443
3447813	1198		2386.4982368042693
3448904	1236		2378.6191045083106
3449858	1187		2486.018084350042
3450939	1237		2417.1514954511076
3451879	1166		2410.3908148892224
3452915	1202		2342.4089496787637
3453942	1192		2380.6523974873126
3454953	1178		2340.3876147186384
3456036	1239		2380.888606423512
3457016	1210		2489.154861241579
3458029	1190		2370.7456929543987
3458996	1121		2279.36974669341
3459991	1113		2236.8344305744395
3460979	1061		2173.4109390750527
3462081	1146		2198.8747727917507
3463108	1153		2342.2293344810605
3464152	1168		2391.7163462527096
3465117	1118		2342.588565693237
3466239	1225		2336.9770585512742
3467315	1271		2484.674110747874
3468267	1220		2504.4872111342847
3469241	1183		2442.259970803745
3470340	1246		2397.973024739884
3471296	1197		2458.333548117429
3472236	1088		2317.8200592659414
3473207	1035		2020.3184208646417
3474194	998		2023.5169974928722
3475190	946		2008.7723171580583
3476224	949		1918.637307238765
3477273	977		1954.3231522003189
3478256	915		1871.5555476918817
3479294	947		1793.1477853925899
3480352	987		1969.9642811715603
3481286	884		1889.6826523197815
3482315	882		1718.4324333611876
3483434	950		1798.793021870777
3484443	938		1929.3696493683383
3485485	960		1934.2026913287118
3486565	1023		1989.7368868803605
3487559	1013		2043.1519172471017
3488625	1056		2085.516594748944
3489573	960		2017.1048050131649
3490663	1004		2027.6964289471507
3491730	1026		2025.3732070233673
3492804	1078		2104.4137684768066
3493869	1106		2185.907868596725
3494905	1096		2201.917129624635
3495970	1139		2129.149968347512
3497012	1129		2269.5744392434135
3498018	1125		2222.501131501049
3498955	1060		2212.372472267598
3499955	1013		2115.9842929597944
3501005	1039		2079.573047894053
3501987	1017		2080.8159491512924
3503056	1047		2052.0668641692027
3504063	1053		2090.9830301404
3505125	1071		2131.470618459396
3506151	1063		2084.138860519044
3507225	1137		2110.5391773991287
3508252	1114		2205.500561295077
3509277	1100		2252.237502546981
3510264	1070		2179.6344904657453
3511355	1133		2298.404458994977
3512464	1208		2303.516467376612
3513451	1188		2378.177376197651
3514553	1239		2370.829324279912
3515678	1319		2509.435927688144
3516729	1352		2592.582127375528
3517715	1337		2649.080832920037
3518730	1325		2663.9561050459743
3519769	1331		2541.0985072366893
3520820	1353		2681.689959366806
3521864	1361		2751.9794929968193
3523005	1479		2832.0606883121654
3524080	1527		2948.0541594922543
3525141	1555		3122.315857906826
3526208	1596		3153.495029790327
3527216	1602		3184.932573597878
3528246	1571		3226.1696669263765
3529333	1605		3193.436826334335
3530284	1534		3122.5628521675244
3531307	1511		3101.071929742582
3532382	1547		3057.801946715452
3533390	1526		3147.6534888176247
3534349	1473		3106.6219531008974
3535398	1479		2886.7680930998176
3536383	1457		2941.6729315966368
3537382	1445		2914.155547437258
3538439	1468		2920.510261104442
3539429	1429		2899.353359773755
3540393	1367		2774.4870605599135
3541426	1395		2831.1158306682482
3542513	1442		2862.8629396092147
3543492	1370		2782.971566828899
3544483	1338		2707.2106786789373
3545562	1375		2734.307613379322
3546579	1350		2754.9711566921324
3547560	1322		2690.869059536606
3548610	1349		2593.1540860906243
3549650	1374		2737.8734235251322
3550637	1324		2776.3769481778145
3551760	1412		2810.9945514192805
3552857	1464		2965.532471933402
3553778	1383		2865.872156389989
3554736	1321		2639.6452024681494
3555756	1339		2636.295150003396
3556825	1397		2723.5450373776257
3557809	1371		2801.5425609089434
3558774	1318		2684.0647755227983
3559872	1376		2808.191480603069
3560955	1422		2769.7004208061844
3561999	1444		2892.2416444243863
3563023	1454		2969.28625900764
3564137	1522		2972.011332365684
3565139	1498		2892.3022014796734
3566165	1523		3034.2240266706795
3567095	1452		2961.4623786816373
3568165	1485		2929.6114855287597
3569170	1472		2860.998161843978
3570151	1442		2945.9780684495345
3571257	1477		2939.7944723153487
3572206	1393		2854.6912389090285
3573261	1406		2863.5194471608847
3574302	1402		2892.3113224273548
3575227	1316		2746.4129524910823
3576239	1278		2705.42693291232
3577218	1234		2525.706439726986
3578263	1247		2482.0856468053535
3579247	1227		2478.5229353066534
3580260	1209		2350.7883329084143
3581287	1222		2517.318024820648
3582219	1134		2385.214526126161
3583263	1135		2306.6158557720482
3584271	1112		2194.430587561801
3585370	1163		2256.1878541922197
3586313	1103		2172.9739483194426
3587364	1109		2199.1045169662684
3588409	1129		2263.3573209587485
3589411	1121		2228.539179374464
3590461	1155		2184.696665692143
3591403	1053		2211.7660654997453
3592445	1081		2078.0119828041643
3593489	1102		2208.655096818693
3594475	1026		2175.7519920822233
3595379	925		1951.3039254080504
3596456	991		1929.473137919791
3597476	994		1943.6342296497896
3598515	1022		1979.8983298689127
3599502	958		1934.0055776229128
3600546	984		1963.8705585105345
3601549	978		1867.2453487534076
3602655	1052		1985.8422380210832
3603689	1057		2044.7985343188047
3604597	937		1939.5613290145993
3605564	903		1863.625396920368
3606519	846		1639.5162562737241
3607596	884		1745.0079515622929
3608658	944		1885.019896287471
3609655	899		1792.552515277639
3610729	929		1848.8529896307737
3611783	960		1914.3044205764309
3612777	953		1912.9665564512834
3613763	928		1872.2074847649783
3614824	946		1886.9033148121089
3615850	928		1807.5057792756706
3616908	945		1866.985999274999
3617883	909		1770.8400122951716
3618940	958		1793.6528593534604
3619958	974		1912.0268522510305
3621012	1028		1940.8125980282202
3622026	1024		2023.7277115006
3623070	1049		2101.9954051645473
3624126	1076		2136.0605997582898
3625107	1048		2157.0945768151432
3626145	1076		2071.302460470237
3627191	1089		2187.381957891397
3628245	1104		2101.346036704257
3629268	1109		2146.666264829226
3630331	1143		2246.8928853711113
3631361	1142		2308.362612761557
3632365	1104		2226.3751188050956
3633347	1083		2115.047938713804
3634289	996		2106.6290155733004
3635278	952		1914.5387096311897
3636310	954		1946.47746177949
3637340	980		1871.9981110952795
3638395	997		1989.995508783497
3639364	950		1969.5991547703743
3640378	945		1931.443289753981
3641427	977		1834.843361259438
3642438	984		2050.4025814281777
3643470	994		2036.8227900322527
3644482	993		1958.461592072621
3645440	938		1858.4580152938142
3646504	988		1857.951091563329
3647511	987		1952.2650659438223
3648482	929		1918.2712731389329
3649411	838		1698.2420673333108
3650400	784		1653.0059186583385
3651389	766		1536.7802650006488
3652477	807		1588.3059423537925
3653485	788		1541.1469499869272
3654508	804		1629.7809609537944
3655654	898		1715.8900873381644
3656659	875		1697.7336016157642
3657605	818		1614.6898181438446
3658648	836		1727.0028160959482
3659674	812		1579.75603660848
3660780	900		1804.930824926123
3661812	891		1863.4848816534504
3662795	858		1764.9948385991156
3663895	931		1764.0561456065625
3664950	960		1789.2165893707424
3666045	1017		2022.8981961552054
3667166	1126		2214.8146424861625
3668230	1169		2322.4346757009625
3669228	1132		2279.7793016023934
3670306	1179		2184.6931224856526
3671270	1120		2288.581891031936
3672259	1079		2176.0793204614893
3673290	1102		2254.356132745743
3674329	1111		2228.1620570896193
3675317	1070		2168.9366255262867
3676377	1079		2140.764595784247
3677477	1140		2279.399115108885
3678447	1070		2218.933488946408
3679482	1070		2191.1751753734425
3680459	1026		2090.6219953829423
3681517	1038		2074.6513630812988
3682580	1062		2099.9707580925897
3683527	955		2012.782116085291
3684647	1024		2011.3195524243638
3685647	990		2082.407636362128
3686665	994		1938.4786169081926
3687604	915		1843.7522073378786
3688592	850		1717.4879513503984
3689651	871		1727.5129400193691
3690718	920		1796.4962976993993
3691696	896		1743.30553849414
3692763	926		1778.8228219663724
3693775	898		1853.9220047006384
3694780	885		1833.1205214820802
3695749	849		1769.9955134047195
3696739	822		1641.685316292569
3697663	743		1560.010833303444
3698712	764		1489.846916463226
3699776	776		1559.3019994078204
3700821	816		1597.3620652342215
3701917	896		1737.0931376731023
3702921	896		1783.9784447113052
3703942	881		1730.7818514965475
3704902	837		1773.9436545390636
3705888	797		1607.2450959198177
3706944	819		1638.7141241859645
3707947	816		1583.393329674378
3708937	786		1602.5934026241302
3709972	802		1541.6616954905912
3710894	710		1444.404426863417
3711892	708		1415.907729591243
3712949	707		1335.8316135602072
3713930	674		1388.2101553520188
3714952	682		1441.5623313626274
3715970	683		1331.9664626596496
3716964	657		1332.334295006469
3717968	635		1343.7996453363448
3718926	586		1208.7649989649653
3719877	522		1012.4871423877776
3720910	526		1113.6313672177494
3721937	544		1048.1617695875466
3722925	506		1040.491893356666
3723968	518		1047.7396802566946
3725017	532		1000.4450292773545
3726076	588		1081.964566485025
3727155	639		1300.2400724571198
3728187	660		1311.3605026509613
3729144	592		1266.0631019901484
3730163	573		1221.911148864776
3731204	605		1189.4568658471107
3732281	645		1319.8532618088648
3733223	584		1135.813294403255
3734216	558		1144.921183639206
3735256	539		1056.2060033958405
3736335	582		1113.2348833633587
3737308	555		1051.6672193678096
3738305	523		1033.8552199453115
3739322	525		1068.9485253617167
3740396	557		1071.83597772941
3741437	564		1244.4298281352967
3742525	648		1207.213397724554
3743571	674		1366.505571309477
3744659	730		1389.9620474753901
3745777	808		1514.1142753716558
3746738	740		1527.0723826317117
3747820	772		1488.6436679251492
3748902	816		1588.4579512663186
3749869	751		1564.6851040069014
3750906	768		1544.5843858011067
3751944	763		1518.7189733944833
3753006	790		1528.8932550000027
3753994	749		1617.796866179444
3754986	731		1465.485083784908
3756032	775		1538.8076210897416
3757075	775		1531.5794663727283
3758098	752		1598.975117946975
3759086	724		1426.95095978491
3760096	700		1389.4752394510433
3761187	768		1547.5563756944612
3762192	721		1484.2168469103053
3763146	643		1424.472443995066
3764108	593		1161.046078211628
3765160	604		1207.772302404046
3766130	569		1229.9763124128804
3767149	587		1142.2637179968879
3768158	552		1124.0363774606958
3769121	493		1014.1451465999708
3770153	519		1090.547747924924
3771126	484		956.1016313489527
3772069	417		847.8509863950312
3773160	478		949.8431500606239
3774203	478		943.3023828286678
3775239	503		961.531254789792
3776264	520		1020.3194160396233
3777258	512		993.4680490931496
3778249	445		914.9541886262596
3779272	423		794.2980549139902
3780274	394		733.9331088336185
3781274	370		688.5244536846876
3782328	387		770.0632304567844
3783327	355		709.9464700073004
3784460	475		925.4129590084776
3785578	576		1091.5904851732776
3786563	528		1052.1819033622742
3787520	467		1010.9423184050247
3788475	412		800.0486269406974
3789508	426		853.8204641379416
3790643	538		989.2955190576613
3791618	507		1043.1529173934832
3792695	538		1075.3959109336138
3793729	555		1159.8463531062007
3794783	604		1191.688412906602
3795785	605		1209.1315428204834
3796774	550		1136.839680484496
3797804	547		1073.863218211569
3798793	488		1055.7561719110236
3799805	494		937.2141344118863
3800803	492		973.5988826975226
3801795	445		890.7643295768648
3802829	442		867.8713673073798
3803816	403		859.2581581315026
3804925	470		923.4155595004559
3805959	482		937.2932293508202
3807015	513		975.8436995176598
3808174	634		1228.5921221571043
3809229	688		1437.0848835958168
3810186	644		1267.1725898114964
3811130	566		1164.4133247798309
3812088	484		965.7926129335538
3813095	467		963.3827975308523
3814162	510		936.263058568351
3815225	550		1085.812505768612
3816322	587		1110.4562586173415
3817354	604		1146.9074220433831
3818346	566		1151.11458358448
3819322	492		1037.2984128817916
3820314	459		972.4426163248718
3821347	485		1007.1479953089729
3822339	465		966.4683823045343
3823313	414		765.6375589827076
3824328	400		821.5095282830298
3825412	452		877.1742834076285
3826409	449		832.214084604755
3827539	540		1017.3405599510297
3828498	496		1000.167764922604
3829516	511		925.8916448075324
3830601	553		1054.2627546265721
3831598	525		1081.735444898717
3832686	594		1101.7818463519216
3833768	636		1173.2502324609086
3834753	619		1182.4192878743634
3835812	633		1202.949898507446
3836810	591		1152.768580082804
3837809	571		1156.3946864139289
3838933	654		1261.8108085384592
3839906	614		1293.8074356382713
3840875	539		1067.2140980362892
3841935	560		1095.0430839266628
3843040	622		1182.921474701725
3844054	626		1248.7843987317756
3845021	575		1097.5243474654853
3846083	632		1245.4690787587315
3847057	591		1255.6162011856213
3848003	535		1175.5428057648242
3849078	579		1138.2793326284736
3850094	587		1165.2892121821642
3851119	603		1199.352673150599
3852109	583		1169.750095134601
3853158	572		1191.3082684213296
3854206	578		1105.2966412724927
3855178	541		1115.4723289925605
3856157	493		1025.8943353975192
3857169	456		923.9222198659554
3858192	455		967.7528721168637
3859185	436		812.5978884687647
3860236	464		927.3521481081843
3861406	600		1232.9425139389932
3862407	560		1200.1000857558101
3863401	522		1081.4111765632406
3864391	498		980.9565054662526
3865421	515		1011.5679016234353
3866477	549		1028.407550319098
3867562	582		1112.948040095158
3868569	549		1114.1645098524168
3869544	505		1026.9679164448753
3870601	540		1041.7345785265788
3871651	554		1134.761173848994
3872644	529		1097.010753103532
3873671	550		1085.4899335028604
3874668	498		1069.609653890133
3875586	400		892.6878425730392
3876556	355		724.4433377729729
3877658	456		939.6006018435583
3878709	495		957.7096025710925
3879786	571		1087.5079432893544
3880849	588		1194.8356384290382
3881882	573		1210.2682076208293
3882873	548		1116.3217749828473
3883916	543		1138.357910032384
3884953	534		995.0737308589742
3885989	538		1086.4291163533926
3886958	464		995.2348317792639
3887930	425		860.5783755620942
3888882	372		766.6633251365274
3889837	318		677.3180700000376
3890826	263		490.4366788705811
3891798	205		464.4322256417945
3892914	263		482.5320299100131
3893914	261		555.4246559934691
3894911	256		532.3676023846492
3895883	221		430.0613059233874
3896930	224		438.4979955935851
3898052	304		578.5732079036534
3899042	285		636.156065187417
3900046	272		616.5108468430117
3901114	300		627.8986333636567
3902082	262		522.8456623312086
3903135	301		594.8620086796582
3904120	249		506.6689213234931
3905138	208		409.91616480611265
3906146	208		443.1698087984696
3907210	254		515.1579749314114
3908249	270		505.56424761749804
3909307	300		598.5065423361957
3910400	340		647.5632527526468
3911467	407		813.7185829812661
3912504	427		775.9761122344062
3913504	424		881.3911141110584
3914594	473		950.6428222702816
3915574	425		852.8128449469805
3916555	348		767.2865532245487
3917582	323		650.0583807136863
3918566	257		545.843112972565
3919608	259		486.4224612042308
3920738	361		659.3094768757
3921727	295		634.5170263787732
3922733	261		558.1715657245368
3923773	277		602.1373527608812
3924713	217		463.65966626349837
3925821	295		582.6013123374432
3926802	242		503.77471705246717
3927807	219		470.5104595338926
3928884	274		597.8172977967188
3929943	312		560.5216061202809
3931005	335		651.260003419593
3932109	416		802.844066504389
3933135	432		872.9090017098933
3934150	415		853.9643363486975
3935190	411		946.7578903585672
3936324	513		960.09776750952
3937336	488		984.5488235969096
3938323	446		865.627044249326
3939277	397		780.0771698420867
3940289	409		855.2321936702356
3941376	484		930.9776427894831
3942413	488		855.2556694941595
3943436	504		1015.0312854386866
3944444	467		959.2465700218454
3945449	455		881.0721757188439
3946465	469		905.3848080271855
3947424	413		853.4615202751011
3948523	499		956.7831751545891
3949536	466		908.8004822293296
3950533	450		897.5887046894059
3951569	435		883.4371847975999
3952582	420		834.1901428783312
3953556	387		773.8264158414677
3954486	275		633.8943699169904
3955580	346		707.3700225809589
3956546	302		622.2570808054879
3957607	309		595.4400598639622
3958588	260		567.2478507198393
3959585	236		474.66516502853483
3960677	281		561.2017864687368
3961696	263		550.1793477879837
3962703	258		508.4741212623194
3963758	270		491.02007242199033
3964803	294		574.1175589263439
3965841	298		575.2822288079187
3966868	308		649.1535757845268
3967902	342		655.9612580994144
3968997	395		771.5105211697519
3970026	421		859.2620526961982
3971095	476		990.829032458365
3972125	504		989.5412427997217
3973258	582		1143.1766551099718
3974279	564		1167.609318582341
3975353	629		1215.446139574051
3976327	596		1190.6310778940096
3977232	501		1033.29236025922
3978273	531		1031.8025285331532
3979356	582		1152.5329639948905
3980424	643		1198.7298195520416
3981443	629		1292.033044721
3982357	505		1118.2670492641628
3983296	437		923.4665869288146
3984247	340		663.2642890522256
3985340	410		828.043702473864
3986374	418		833.5839152801782
3987363	367		657.8988273171708
3988419	399		758.6500708898529
3989371	338		725.899366424419
3990436	381		688.2343394681811
3991432	358		756.0841700388119
3992448	328		732.4701402271166
3993509	361		713.6904571652412
3994583	382		735.074725442566
3995669	440		847.5591866141185
3996673	419		800.1929756505415
3997794	498		953.1586486371234
3998776	479		979.7048768103123
3999809	475		894.2171634584665
4000797	456		919.9232962252572
4001843	475		995.3698833696544
4002892	482		982.7013966366649
4003874	417		855.3155384492129
4004914	417		836.8686748575419
4005913	411		817.5260361628607
4006918	401		764.762916632928
4007908	374		776.1535871624947
4008930	374		788.2893320312724
4010041	444		818.5467109167948
4011057	431		889.8668088782579
4012147	488		972.4125356320292
4013118	436		839.8992277625948
4014144	436		865.5497783618048
4015176	421		824.42269967217
4016213	451		906.527389107272
4017216	422		891.8188633006066
4018325	493		946.0788947567344
4019316	468		968.9214802980423
4020360	483		936.0686791921034
4021390	483		921.1560170687735
4022391	461		953.3740753708407
4023397	453		950.4125793790445
4024455	503		983.1266575753689
4025463	472		863.27578155417
4026422	420		835.9038362940773
4027421	382		801.7557655293494
4028381	303		637.8241183143109
4029440	322		662.2243399322033
4030403	259		562.1357883354649
4031360	205		411.29175614751875
4032339	164		352.4631433254108
4033414	216		428.3097631186247
4034520	296		597.410252972506
4035560	282		530.4875777587295
4036627	343		695.6063392693177
4037617	319		602.9670764775947
4038610	282		592.5036374572664
4039612	255		513.7198533304036
4040567	174		383.5471731647849
4041564	132		293.35818055458367
4042585	140		230.53919856995344
4043634	187		381.1456559309736
4044650	182		308.4030420817435
4045666	185		361.8884363071993
4046738	256		474.17523927241564
4047746	263		512.4252483686432
4048700	192		415.10384963080287
4049773	230		471.06759579945356
4050845	259		545.4397561689839
4051973	364		702.7017310298979
4053068	399		751.383985189721
4054131	414		811.0791523633525
4055247	526		975.1513251299039
4056269	547		1115.3349841684103
4057259	532		1086.077504276298
4058325	590		1173.958103735
4059324	589		1135.5622787913308
4060408	657		1262.0357205215842
4061470	694		1302.0312282852829
4062522	731		1447.3174833338708
4063565	768		1417.2852833550423
4064677	830		1647.665407457389
4065682	819		1613.3840548414737
4066708	821		1635.388763395138
4067757	827		1682.7669357983395
4068702	744		1553.0267754895613
4069726	764		1505.2211387874559
4070787	797		1511.4632945442572
4071863	835		1676.3288584249094
4072885	824		1712.705762712285
4073870	797		1546.4674294367433
4074957	873		1689.9711887538433
4075990	867		1778.5042962478474
4077005	855		1747.0447762291878
4078076	876		1767.0133082680404
4079081	863		1787.6006335858256
4080106	884		1695.1224024118856
4081226	983		1912.785226887092
4082226	979		1969.3139368481934
4083270	979		1881.3631280558184
4084366	1040		1987.6986337630078
4085432	1071		2110.427225681953
4086455	1066		2172.06648005452
4087480	1066		2173.370034210384
4088435	1007		2037.3761051502079
4089536	1062		1987.5361774330959
4090566	1072		2073.3931730678305
4091563	1041		2079.04748418089
4092680	1157		2196.9124590223655
4093738	1177		2354.8437932860106
4094828	1229		2366.259054074064
4095822	1204		2519.4750917479396
4096849	1211		2404.1851889640093
4097762	1115		2271.3944159206003
4098813	1126		2167.452207228169
4099892	1161		2265.3861991791055
4101004	1257		2398.1166012007743
4102002	1251		2423.9766466589645
4103010	1215		2374.2298000399023
4103984	1174		2271.1385179637
4105008	1179		2282.12341072876
4105988	1139		2211.7174592390656
4107006	1128		2331.258300734684
4107998	1105		2237.6603759313
4108955	1055		2187.105787405744
4109967	1031		2144.191460401751
4110955	991		2004.1135661350563
4112042	1062		2050.769484405406
4113023	1028		1977.9014992741868
4114003	1006		2032.75251625292
4114992	989		2002.2254754528403
4116047	1015		2029.83793523442
4117048	1011		2023.2314961822703
4118099	1039		1984.0971241695806
4119114	1028		2016.053402456455
4120083	957		1970.180577673018
4121035	870		1809.918253180571
4122109	911		1759.464955211617
4123101	887		1830.7496767388657
4124132	896		1759.5692977765575
4125114	871		1788.608823535964
4126077	813		1626.8024341790006
4127028	761		1501.5354217262939
4128083	799		1615.2502183923498
4129172	853		1641.073656912893
4130231	899		1671.2946992227808
4131294	909		1779.4813795667142
4132320	934		1923.6767809493467
4133324	897		1864.548490201123
4134309	850		1731.289934466593
4135359	869		1680.2778436793014
4136381	849		1766.1128786578774
4137410	845		1639.8025601338595
4138443	841		1721.2418566327542
4139454	814		1700.7224706243724
4140441	790		1590.2123891310766
4141569	871		1686.1138791376725
4142611	858		1661.6120202662423
4143693	912		1877.2107386691496
4144753	958		1805.6787142697722
4145756	943		1888.067516409792
4146776	942		1945.2853771457449
4147817	943		1909.660536150448
4148910	1026		1975.8679485889152
4149964	1047		2175.323524423875
4151063	1097		2193.204429427162
4152116	1132		2122.5150425992906
4153272	1248		2489.312525164336
4154325	1289		2470.8702154643834
4155391	1307		2564.508017233573
4156383	1275		2549.8974073706195
4157404	1295		2550.9594212574884
4158378	1256		2539.051860138774
4159365	1234		2504.4205247312784
4160371	1221		2545.4368539312854
4161398	1237		2391.3450250867754
4162420	1225		2505.973192963749
4163552	1322		2516.3409477639943
4164542	1304		2614.5568253202364
4165542	1287		2572.7810902921483
4166521	1245		2521.3213912518695
4167486	1190		2466.12170888111
4168558	1233		2526.9726979676634
4169646	1299		2524.3469574162737
4170711	1336		2794.076802651398
4171733	1321		2619.378488545306
4172784	1346		2677.976964632049
4173804	1329		2718.31865214929
4174795	1320		2655.806007760577
4175716	1239		2652.064871502109
4176710	1227		2491.7487373705953
4177654	1155		2336.2498517781496
4178737	1195		2322.477404270321
4179723	1156		2312.9884480740875
4180711	1141		2291.252401502803
4181760	1178		2352.711245545186
4182780	1154		2363.168592196889
4183884	1242		2472.1032450422645
4184870	1218		2427.472449458204
4185828	1163		2312.226761141792
4186772	1107		2180.621158757247
4187870	1177		2276.7871781094
4188884	1188		2307.7456805426627
4189898	1193		2338.760504872538
4190923	1215		2497.5783675545827
4191913	1181		2356.4551044655964
4192949	1185		2260.6541584236547
4193982	1185		2347.924476703629
4194991	1178		2389.890391325578
4195946	1133		2313.549457475543
4196987	1163		2279.9343081898987
4198178	1328		2490.40696288459
4199135	1258		2573.9473847988993
4200130	1214		2458.482192352414
4201076	1151		2440.0372478179634
4202063	1104		2264.509323514998
4203041	1056		2168.6443551927805
4204049	1060		2084.2987457271665
4205059	1032		2043.495135286823
4206020	963		2005.9189997166395
4207121	1050		2010.3943802844733
4208101	1020		2095.859811959788
4209084	983		2102.1650133654475
4210081	978		1972.790604757145
4211129	1005		1915.9162989165634
4212156	1000		2049.8378384821117
4213042	879		1883.3734223339707
4214096	921		1719.0872407983989
4215103	900		1780.5617452878505
4216160	905		1790.5565833039582
4217111	856		1731.7187743578106
4218140	877		1813.3833079319447
4219158	884		1776.1108104884624
4220247	953		1836.9033012837172
4221291	986		1988.1381622739136
4222290	953		2000.6865760926157
4223378	997		1899.2765749972314
4224422	1012		2020.3413015455008
4225391	969		2000.6540087815374
4226494	1041		2085.6093869954348
4227488	1018		2046.3610017634928
4228499	1023		2028.1997490320355
4229586	1060		2147.532706251368
4230642	1076		2230.899573935196
4231594	1023		2144.030811421573
4232659	1088		2170.0652299262583
4233680	1096		2138.990282610059
4234682	1092		2183.667280776426
4235650	1027		2117.2806621417403
4236688	1059		2050.4631779361516
4237761	1099		2135.930742174387
4238790	1100		2213.9266737867147
4239828	1133		2295.2553358860314
4240882	1176		2379.041911557317
4241902	1153		2347.781088890508
4242976	1202		2329.229482529685
4243993	1215		2392.6489185336977
4245057	1276		2412.073409847915
4246037	1218		2454.6436970550567
4247020	1198		2436.4870385825634
4248085	1228		2458.925220761448
4249112	1230		2502.774747693911
4250094	1162		2473.281760919839
4251121	1184		2365.067638007924
4252201	1248		2299.0658194776624
4253248	1276		2506.9368462916464
4254248	1275		2554.0844926573336
4255249	1244		2455.778220809996
4256244	1229		2470.3189301956445
4257260	1238		2449.682639360428
4258290	1210		2415.4796385467052
4259347	1253		2508.5051683131605
4260437	1301		2522.220386516303
4261534	1348		2690.1390515137464
4262560	1341		2749.408099487424
4263686	1428		2710.8685302305967
4264707	1445		2850.822030087933
4265695	1409		2860.9841193389148
4266694	1366		2817.798430223018
4267728	1375		2826.898424677551
4268838	1464		2806.0119555294514
4269846	1436		2795.03371732682
4270950	1519		3036.020757563412
4271947	1460		2954.6675144918263
4273017	1498		2929.1814612448215
4274121	1557		3044.274280944839
4275098	1531		3062.2248591911048
4276151	1566		3137.7536555863917
4277176	1569		3039.4531890619546
4278225	1577		3134.8094847220927
4279241	1549		3146.887989845127
4280224	1490		3027.3556546326727
4281286	1502		3017.5542143955827
4282263	1477		2898.5055551864207
4283383	1544		2990.737646529451
4284361	1483		2960.69372382015
4285434	1552		3189.7001953683794
4286475	1542		3119.484609052539
4287521	1544		3135.10456645675
4288554	1552		3035.8854520823807
4289623	1587		3105.6894836574793
4290756	1696		3308.3686758875847
4291777	1714		3347.0982094611973
4292829	1717		3442.453007368371
4293824	1701		3433.0873413980007
4294799	1644		3274.1918312758207
4295775	1617		3336.188607919961
4296825	1611		3222.70316089876
4297858	1626		3275.796283893287
4298904	1627		3312.6827665064484
4299849	1572		3145.0993804391474
4300875	1561		3145.125083750114
4301895	1551		3050.532212300226
4302894	1513		3144.524240048602
4303957	1527		3002.8631411325186
4304973	1489		3031.0687556210905
4305938	1452		2856.5667978450656
4306957	1443		2798.2547950446606
4308077	1526		3021.855313522741
4309093	1525		3152.702716667205
4310149	1563		3191.45773236081
4311119	1497		3019.389985486865
4312097	1450		2954.981853397563
4313094	1430		2881.7997060865164
4314147	1440		2883.036247158423
4315220	1484		2964.6184457093477
4316180	1421		2908.564966700971
4317159	1373		2755.8410278633237
4318249	1457		2842.1706797163934
4319236	1424		2963.443772595376
4320237	1422		2944.9193437006325
4321290	1462		2922.171750763431
4322381	1551		2978.658985832706
4323430	1557		3120.716437228024
4324377	1504		3009.784936485812
4325329	1425		2910.1144336219877
4326471	1545		2885.3592490144074
4327542	1596		3046.5374713502824
4328586	1625		3220.6631607227027
4329558	1572		3167.1442515552044
4330618	1593		3187.8870958536863
4331645	1602		3175.4384650420398
4332685	1631		3304.8362404555082
4333597	1508		3070.6379054356366
4334580	1478		3056.9974287487566
4335642	1499		2942.3668090049177
4336771	1594		3020.4399912133813
4337832	1626		3146.1685731057078
4338893	1665		3279.415172468871
4339883	1632		3293.1867641471326
4340932	1624		3142.4614209868014
4341810	1494		3118.3225283492357
4342888	1524		3055.4753765910864
4343928	1532		3220.364062283188
4344999	1580		3137.4459704514593
4346083	1631		3148.1302053239197
4347171	1684		3391.559979338199
4348177	1675		3345.3039559461176
4349222	1700		3463.62872919254
4350263	1693		3484.3378094714135
4351395	1796		3526.7374626733363
4352317	1717		3354.6020879056305
4353294	1682		3429.941603546962
4354286	1619		3301.132286289707
4355301	1591		3213.693253757432
4356327	1597		3162.4898442123085
4357506	1741		3272.5411271601915
4358559	1767		3457.6015171650797
4359555	1756		3412.69113679789
4360492	1646		3355.601977676153
4361529	1641		3372.3231861293316
4362587	1696		3433.031105251983
4363649	1758		3440.7946420423687
4364597	1679		3473.2919064871967
4365724	1759		3446.8186021111906
4366732	1751		3366.0233857370913
4367725	1739		3474.8124725222588
4368722	1706		3509.027717133984
4369714	1689		3507.6773901041597
4370801	1737		3449.823038114235
4371789	1723		3355.9098034072667
4372913	1838		3563.483940197155
4373931	1821		3602.5195929761976
4374936	1783		3592.1275015529245
4376038	1860		3609.844596873969
4377023	1839		3665.055335432291
4377980	1783		3577.668805114925
4378900	1692		3441.953096292913
4379927	1666		3407.8999238926917
4380929	1641		3368.5664306133986
4381872	1573		3364.1878900676966
4382915	1564		3134.249220494181
4383923	1542		3005.9120750389993
4385044	1646		3233.408511692658
4386117	1686		3412.102205744013
4387196	1737		3525.952468758449
4388222	1725		3410.352688224986
4389220	1707		3443.856787374243
4390183	1627		3319.5065811481327
4391249	1671		3387.0556710418314
4392276	1672		3293.993927024305
4393325	1698		3295.048324111849
4394375	1709		3358.9688885379583
4395385	1699		3239.11082739383
4396467	1751		3335.2574152462184
4397466	1735		3500.4380599614233
4398528	1786		3659.4054911043495
4399503	1759		3598.9914969727397
4400608	1859		3516.030870376155
4401606	1823		3500.0913905873895
4402571	1775		3624.4497870076448
4403624	1787		3621.463267011568
4404722	1878		3658.7682889755815
4405798	1918		3661.924048261717
4406771	1871		3758.59716870822
4407864	1920		3757.49723373726
4408906	1957		3861.297062046826
4410002	2001		3908.6157009527087
4411017	1997		3870.301346598193
4412038	1989		4027.047125948593
4413046	1994		4038.3827799279243
4414141	2084		4147.880107646808
4415165	2080		4115.852340808138
4416186	2086		4076.4132407661527
4417253	2129		4162.907930700108
4418245	2086		4155.047974506393
4419275	2074		4201.270706020296
4420264	2046		4146.311385875568
4421189	1960		4092.819690130651
4422224	1940		4035.8036826308817
4423192	1873		3843.7265757415444
4424284	1928		3923.2500969432294
4425331	1934		3875.191800309345
4426369	1926		3891.5869625676423
4427328	1883		3837.3447401300073
4428291	1801		3742.7151126153767
4429324	1800		3664.879036590457
4430340	1801		3586.2894240561873
4431305	1762		3497.068875087425
4432336	1779		3464.457972601056
4433430	1823		3615.8556694835424
4434425	1802		3512.705421220511
4435416	1781		3544.868713989854
4436382	1717		3476.3670149594545
4437408	1737		3436.253563273698
4438519	1845		3497.1091446559876
4439548	1832		3608.5827496275306
4440529	1803		3680.6613480858505
4441542	1775		3599.580135980621
4442546	1773		3585.07066549547
4443584	1808		3555.4118469022214
4444557	1745		3531.2340157441795
4445621	1750		3586.083917606622
4446625	1749		3541.2547861635685
4447711	1806		3525.300742186606
4448765	1835		3629.3808903321624
4449758	1810		3622.8705553412437
4450733	1738		3619.2288958970457
4451695	1688		3544.904568504542
4452688	1669		3411.295100182295
4453681	1649		3324.522083034739
4454745	1664		3278.1321474630386
4455730	1630		3213.5271077491343
4456711	1605		3236.845065306872
4457692	1579		3162.3516555596143
4458737	1571		3145.036239909008
4459786	1582		3161.722196958959
4460754	1532		3150.809037869796
4461813	1558		3078.126509239897
4462804	1510		3134.358731975779
4463812	1485		3041.094926547259
4464844	1494		2926.7068532239646
4465808	1455		2960.5947245694697
4466836	1469		2997.710882175714
4467760	1370		2925.942633830011
4468778	1338		2803.6354909278452
4469878	1432		2677.5498664435
4470850	1374		2751.1874225996435
4471811	1331		2728.301466640085
4472780	1300		2562.620134036988
4473822	1330		2618.5300415921956
4474811	1305		2627.566423146054
4475849	1322		2700.2780323959887
4476881	1351		2754.502657275647
4477937	1383		2780.2253249175847
4478929	1362		2712.8107128180563
4479911	1305		2647.854167615995
4480927	1298		2697.247098973021
4481863	1229		2491.830944094807
4482885	1242		2445.4278218653053
4483896	1198		2463.674681553617
4485017	1280		2490.8964463118464
4485996	1258		2554.462711052969
4487071	1314		2601.96839469485
4488087	1317		2683.7268843613565
4489092	1321		2644.08058972843
4490122	1307		2586.429062526673
4491040	1225		2476.446871511638
4492099	1260		2514.3905179630965
4493204	1324		2614.4917783308774
4494127	1206		2579.855416856706
4495116	1191		2442.6298710107803
4496140	1199		2352.870670484379
4497158	1200		2439.4360152911395
4498327	1357		2498.9119045697153
4499424	1413		2667.23462401703
4500450	1397		2721.1443778313696
4501429	1368		2715.013193262741
4502469	1369		2748.9899499230087
4503415	1279		2595.1495057400316
4504457	1292		2561.777248999104
4505529	1326		2603.525738986209
4506594	1374		2692.2307685539126
4507582	1357		2699.2254401315004
4508525	1261		2485.967949865386
4509574	1307		2512.95293902047
4510533	1256		2544.804192136973
4511513	1204		2470.398301200941
4512496	1175		2353.748494964093
4513546	1192		2395.1963217556477
4514543	1147		2397.8187705017626
4515556	1148		2396.3855147566646
4516556	1126		2291.5566572304815
4517500	1066		2239.301166046411
4518543	1101		2227.879072615877
4519603	1154		2274.900876775384
4520600	1130		2265.251264423132
4521566	1084		2219.764165751636
4522629	1130		2238.301051935181
4523552	1021		2076.7354850806296
4524628	1071		2090.8900620490313
4525676	1083		2147.8965574149042
4526721	1108		2122.0766940787435
4527682	1031		2117.185677861795
4528621	935		1994.152884438634
4529650	917		1748.4715958237648
4530609	866		1791.9835707247257
4531628	842		1745.7160836737603
4532579	775		1596.5081509128213
4533579	773		1553.9500071294606
4534543	731		1528.2909684758633
4535499	671		1355.3821075558662
4536563	694		1401.9162948727608
4537552	634		1254.4475096426904
4538516	570		1105.674565371126
4539548	541		1076.7457325328141
4540550	503		975.6403781026602
4541571	518		1044.0368063859642
4542670	590		1131.7716391310096
4543639	532		1095.504841413349
4544627	494		993.2277568429708
4545595	462		913.8231551386416
4546624	468		959.9239802323282
4547708	532		1090.229834029451
4548761	558		1074.518988257274
4549825	607		1197.9826461467892
4550848	612		1243.0651832334697
4551900	653		1319.562744949013
4552946	678		1328.0088498331606
4554010	714		1369.881831843406
4555055	717		1419.6954244878143
4556086	718		1413.247541865334
4557066	677		1263.743369134143
4558153	732		1393.3052009735256
4559240	779		1486.471766475588
4560215	753		1449.1497664432973
4561190	679		1343.5634438153356
4562184	657		1325.7200000081211
4563257	714		1384.3240320272744
4564308	754		1498.1276660077274
4565334	766		1454.3805020283908
4566378	801		1603.9798654336482
4567436	807		1650.8900560066104
4568481	852		1626.2153664845973
4569563	885		1806.5118997171521
4570562	855		1707.6695327404886
4571593	835		1697.133706746623
4572551	778		1600.2400429286063
4573520	742		1530.958615358919
4574455	642		1391.6724712587893
4575542	697		1334.4475933220237
4576526	665		1284.6004754882306
4577600	700		1357.766719425097
4578595	688		1394.3843333367258
4579636	715		1359.5858993474394
4580581	645		1390.0308326780796
4581661	700		1357.7872599959373
4582660	678		1371.2780844625086
4583670	652		1284.3247412834316
4584733	694		1405.435081684962
4585789	700		1403.2991040665656
4586851	726		1411.9850950688124
4587868	725		1514.715675033629
4588961	772		1470.132092680782
4589914	700		1449.358829466626
4590930	712		1360.600281484425
4591902	660		1454.8177695218474
4592771	513		1104.4334948211908
4593817	556		1132.3529033325613
4594793	492		1039.4929147455841
4595809	504		1004.5703228153288
4596831	479		958.3964595235884
4597910	516		1012.3070334065706
4598848	451		997.1129647381604
4599997	582		1122.2367984130979
4601010	563		1148.3171056490391
4602005	532		1067.6149432640523
4603102	589		1098.6406847275794
4604102	583		1213.217762146145
4605100	534		1028.1734700072557
4606099	527		1066.3229361567646
4607093	509		1014.7557766716927
4608010	402		901.9138517659158
4609059	427		850.3461185693741
4610012	354		765.2174784969538
4611096	384		760.3039170447737
4612121	380		759.4847502484918
4613107	331		694.7206443827599
4614177	400		720.9790115170181
4615204	376		800.2565544433892
4616211	336		711.9740210492164
4617181	306		557.0357757490128
4618211	307		606.736627291888
4619263	307		655.5196599829942
4620341	354		754.8889950383455
4621303	287		586.450460229069
4622327	311		570.4304070267826
4623409	343		662.8089990727603
4624480	368		706.7427428085357
4625439	310		650.2900526374578
4626524	379		755.4484070818871
4627549	357		746.574102461338
4628617	392		760.3267277758569
4629613	362		713.9148172698915
4630655	369		779.0691858846694
4631796	468		938.7792300265282
4632799	462		901.0863164030015
4633859	480		972.7941549699754
4634872	468		874.4847131948918
4635852	406		838.971966277808
4636848	375		787.7776577398181
4637881	380		819.0358905848116
4638933	398		756.8099994305521
4640053	477		918.4796144347638
4641062	474		947.0010986831039
4642125	508		980.2858231384307
4643094	468		912.545139990747
4644150	499		999.8241012450308
4645170	501		989.9610072113574
4646201	483		962.4148145411164
4647247	506		986.2236317098141
4648308	527		1025.9469625987113
4649521	680		1286.9652990866452
4650658	782		1477.723398976028
4651688	776		1534.1992936953902
4652758	825		1641.9167299810797
4653822	836		1660.9282195139676
4654837	828		1725.1527056265622
4655942	902		1727.860321752727
4657015	948		1863.402818262577
4658148	1034		1956.289736200124
4659217	1048		2053.5979419983923
4660226	1048		2072.314939174801
4661281	1068		2131.9868019372225
4662365	1128		2174.007641894743
4663489	1219		2355.095220545307
4664448	1174		2310.7844386547804
4665398	1113		2324.4598559420556
4666392	1097		2192.1490990258753
4667616	1283		2430.6118009202182
4668651	1281		2556.0085675213486
4669699	1283		2596.7358080688864
4670824	1401		2711.325148269534
4671840	1393		2694.967969059944
4672859	1412		2772.9007017724216
4673864	1413		2784.286772051826
4674896	1429		2782.8496239855886
4675913	1419		2782.002079287544
4676883	1343		2856.878916900605
4677920	1331		2795.299329927191
4678902	1298		2620.181954693049
4679958	1318		2676.923278072849
4681055	1373		2665.668733300641
4681954	1266		2660.1836295407265
4682934	1242		2637.9060091376305
4684045	1316		2495.0770948305726
4685093	1319		2637.220045480877
4686180	1361		2645.3246219512075
4687314	1460		2700.277099845931
4688386	1509		2878.7796222176403
4689386	1506		3124.9037908911705
4690402	1481		2940.834961615503
4691459	1511		2877.854504207149
4692437	1479		2972.2195764351636
4693475	1511		2966.8580181896687
4694434	1470		2988.612428797409
4695592	1606		3085.699692333117
4696626	1607		3179.8413165379316
4697635	1611		3177.04653689079
4698606	1581		3165.980644332245
4699679	1628		3267.019194699824
4700669	1602		3219.1388733442873
4701729	1639		3335.5196045413613
4702879	1748		3388.4529367871583
4703922	1748		3317.8766661342233
4704885	1684		3395.2707423493266
4706029	1816		3587.4529273156077
4707022	1794		3656.9113487359136
4707996	1767		3693.4454159401357
4709012	1751		3507.1388912834227
4710077	1784		3518.1387942191213
4711094	1782		3480.4001635164022
4712182	1867		3639.7567151524127
4713244	1896		3715.741519542411
4714390	1989		3734.536579662934
4715357	1917		3736.3612717054784
4716430	1969		3965.5993637572974
4717433	1936		3876.524925619364
4718406	1871		3869.629619209096
4719472	1931		3843.7920586969703
4720507	1942		3809.2742839027196
4721545	1976		3797.378608338535
4722492	1908		3853.054356718436
4723519	1910		4070.791741002351
4724643	2005		4099.926049245521
4725583	1942		3845.1782611925155
4726607	1954		3879.180420519784
4727579	1923		3855.440729657188
4728610	1938		3863.612309301272
4729645	1922		3834.662994168699
4730705	1952		3896.2044405844063
4731746	1960		3918.461903590709
4732741	1955		3837.7125250976533
4733711	1909		3786.8886844124645
4734781	1966		3942.061109509319
4735838	1996		4080.1903647221625
4736909	2063		4152.248694300652
4737972	2104		4233.699012566358
4739030	2124		4315.325719568878
4740128	2182		4347.499970441684
4741152	2200		4355.265680857003
4742213	2226		4405.426956124604
4743317	2306		4463.333976086229
4744316	2256		4483.07529450953
4745335	2253		4554.906215148047
4746360	2273		4456.5588886048645
4747396	2269		4508.676838649437
4748490	2312		4635.445354696363
4749531	2315		4699.933977847919
4750582	2330		4679.704920606688
4751615	2346		4675.0222272221
4752592	2293		4564.053375702351
4753609	2276		4523.9885255564
4754661	2293		4644.987857278436
4755736	2347		4600.577307051048
4756817	2377		4717.872394300997
4757845	2356		4794.5378723070025
4758867	2354		4776.597952937707
4759913	2369		4794.5290088020265
4760935	2349		4765.854993106797
4761972	2375		4836.999679857865
4763036	2397		4775.07090399228
4764009	2347		4677.121496906504
4765123	2415		4748.350231867284
4766164	2417		4701.844968020916
4767215	2431		4871.777272235602
4768155	2368		4885.011344170198
4769310	2479		4986.642181294039
4770328	2486		4982.667353369296
4771376	2507		4870.448111481965
4772326	2421		4874.23622260429
4773375	2420		4881.060134846717
4774370	2411		4971.798897385597
4775414	2437		4930.186384342611
4776424	2412		4865.908273546025
4777376	2362		4878.3609535470605
4778303	2238		4810.8761328570545
4779319	2245		4656.091655788943
4780403	2282		4507.548774691299
4781413	2287		4587.600572856143
4782409	2275		4603.305756401271
4783393	2246		4701.815926561132
4784460	2275		4654.018528044224
4785535	2341		4619.7670174352825
4786638	2393		4628.860858993605
4787666	2370		4684.333134623244
4788514	2217		4604.610643543303
4789536	2239		4427.5115414224565
4790567	2232		4347.607306253165
4791565	2202		4432.569048076868
4792605	2241		4459.29900364019
4793687	2291		4434.786315284669
4794685	2276		4489.986051650718
4795713	2300		4546.325437678024
4796679	2259		4559.477053489536
4797692	2264		4545.977810293436
4798689	2229		4461.739499649033
4799687	2196		4531.326052932069
4800762	2270		4504.737661283463
4801811	2292		4460.28916294314
4802831	2270		4533.924058094621
4803809	2203		4490.182425985113
4804869	2233		4485.3925680704415
4805904	2225		4357.824593717232
4806969	2244		4392.635059753433
4807987	2236		4502.245792165399
4809042	2279		4586.763943433762
4810052	2253		4592.29321230948
4811071	2238		4491.246867194772
4812084	2214		4414.293610747904
4813108	2211		4347.340302234516
4814101	2173		4272.328133959323
4815096	2142		4288.957064110786
4816100	2144		4282.371907426044
4817080	2098		4222.8340681586415
4818117	2108		4258.483810864389
4819137	2127		4233.687136961147
4820199	2180		4280.253104938194
4821212	2140		4322.921570636332
4822228	2132		4290.627161907032
4823156	2049		4095.8600448090583
4824128	1968		4024.1386647336185
4825188	1994		3919.435851339251
4826245	2034		3921.536293545738
4827244	1993		3961.209980491549
4828306	2032		4046.376110641286
4829312	2004		4048.7697518784553
4830385	2038		4098.151325318962
4831348	1973		3963.147045493126
4832405	2021		4104.391151668504
4833497	2107		4095.2173754330724
4834516	2104		4080.758707104251
4835579	2149		4248.190096097067
4836622	2151		4290.16826932691
4837631	2147		4303.776880385354
4838701	2206		4361.088182931766
4839604	2108		4241.452027032152
4840662	2127		4328.081729317084
4841688	2141		4329.810499316081
4842741	2179		4267.505701139569
4843776	2185		4279.82030370459
4844808	2198		4344.539668900892
4845798	2143		4354.090045908466
4846827	2150		4469.856037277728
4847870	2153		4388.622567825019
4848904	2150		4348.716083118692
4849877	2059		4186.818763360381
4850982	2148		4248.944325771183
4851970	2115		4141.296508494765
4852979	2106		4200.890492964536
4853966	2093		4191.068957421929
4854990	2088		4171.185738302767
4856006	2072		4184.685843484476
4857049	2096		4154.145427159965
4858048	2091		4110.004040559754
4859086	2126		4181.11513883248
4860077	2093		4141.246130835265
4861063	2032		4087.9065274856985
4862088	2045		4169.728596495464
4863079	2024		4108.85824137181
4864249	2148		4179.650892375037
4865308	2179		4182.629950042814
4866356	2171		4247.975314291194
4867252	2059		4116.820805126801
4868263	2050		4165.714423649013
4869288	2048		4026.694649571553
4870280	2035		3935.160018734634
4871276	2031		3971.995433656499
4872279	2018		4044.723110722378
4873300	1986		4015.0648405682296
4874351	2001		4055.6960312929004
4875374	2016		4078.2494091652334
4876442	2062		4126.276884555817
4877484	2077		4132.178575191647
4878519	2064		4171.5498703457415
4879582	2101		4101.17271643132
4880580	2085		4053.646348565817
4881623	2122		4251.491271907464
4882560	2042		4223.729363149032
4883527	1969		4120.402079794556
4884567	1990		4060.3526776786894
4885496	1897		3918.7184680253267
4886499	1863		3846.0237960312515
4887587	1913		3826.3769123889506
4888572	1876		3831.6171971708536
4889599	1869		3822.6278293598443
4890697	1937		3801.388489320874
4891759	1961		3840.3604395668954
4892741	1937		3792.000584989786
4893664	1820		3721.6771289482713
4894813	1920		3892.0816030353308
4895902	1965		3711.979470981285
4896885	1909		3766.5411094613373
4897875	1856		3748.2628407832235
4898949	1904		3813.302343768999
4900036	1956		3795.5564797949046
4901025	1919		3854.036600828171
4902044	1934		3856.8872299976647
4903078	1957		3893.131914300844
4904083	1928		3968.6041959729046
4905178	1980		4006.813180403784
4906092	1878		3829.9618147891015
4907155	1915		3862.9424973968416
4908146	1906		3715.096583765
4909235	1988		3822.5032026320696
4910268	2012		4002.0281112007797
4911289	2004		3982.8324521351606
4912340	2024		4017.319795323536
4913319	1976		3981.1281985342503
4914386	1998		3975.7487991414964
4915404	1987		3910.0127863287926
4916418	1997		3924.926995359361
4917452	2000		4006.6142721828073
4918515	2031		4162.370516218245
4919529	2039		4101.006996111944
4920521	2006		4000.8650379553437
4921659	2097		4096.750990534201
4922810	2213		4266.291570482776
4923888	2277		4298.936391042545
4924850	2222		4393.960991472006
4925938	2275		4541.22675515525
4926875	2194		4460.256982635707
4927856	2160		4509.233415689319
4928894	2145		4361.904235536233
4929874	2114		4300.8765186760575
4930919	2100		4229.500088525936
4931934	2108		4201.283630179241
4932952	2116		4159.27354381606
4933963	2096		4138.160552253947
4934948	2046		4107.732604537159
4936066	2149		4381.166106190532
4937029	2111		4290.561716945842
4938110	2154		4284.367863425985
4939155	2163		4373.317119192332
4940185	2161		4271.09535902366
4941247	2190		4351.41550527513
4942337	2266		4542.827883969992
4943310	2237		4566.727655272931
4944290	2194		4419.312303241342
4945243	2109		4254.126848049462
4946306	2133		4302.126454103738
4947309	2124		4315.962418375537
4948439	2222		4484.533968521282
4949505	2259		4427.667773708701
4950547	2248		4460.758438894525
4951555	2231		4422.664571048692
4952539	2195		4432.400601968169
4953505	2149		4317.535443134606
4954526	2142		4301.037955285981
4955537	2110		4335.441276039928
4956629	2191		4408.128609122708
4957578	2119		4151.682343672961
4958766	2271		4354.221283227205
4959767	2243		4285.565264320001
4960794	2246		4374.215041078627
4961837	2276		4523.273415446281
4962876	2298		4611.778534470126
4963841	2252		4610.881890580058
4964909	2314		4718.1300436630845
4965978	2365		4655.757158419117
4966950	2294		4589.334979280829
4967935	2264		4631.996818054467
4968987	2265		4546.381900001317
4970029	2301		4596.081172177568
4971109	2362		4669.88815882802
4972103	2308		4566.738971712068
4973009	2199		4482.475447082892
4974014	2165		4511.7924720253795
4974985	2129		4429.94289137423
4976026	2132		4287.1670875083655
4977002	2075		4115.873435489833
4978119	2157		4325.213683463633
4979154	2170		4336.34014518559
4980169	2153		4407.893445564434
4981088	2072		4254.321524390951
4982098	2073		4189.816243585199
4983156	2131		4136.067207742482
4984212	2132		4126.398705650121
4985250	2144		4293.951537629589
4986277	2171		4331.567091494799
4987335	2216		4354.849196176976
4988338	2180		4467.646125052124
4989378	2176		4470.361007953063
4990430	2228		4508.197975141928
4991451	2206		4335.730504563078
4992577	2301		4480.472371831536
4993524	2206		4518.682095067576
4994543	2221		4469.947210947052
4995492	2139		4375.941493501887
4996486	2109		4387.519840234891
4997608	2194		4459.165678111836
4998654	2201		4379.331890350208
4999635	2182		4388.919272610918
5000668	2184		4433.73564516753
5001581	2090		4332.906296158209
5002585	2088		4225.076169444248
5003637	2137		4256.809504799545
5004611	2103		4273.809321507812
5005666	2155		4255.689099466428
5006628	2095		4153.335610406473
5007706	2145		4298.290030224249
5008728	2142		4272.750382145867
5009833	2196		4324.935751020908
5010926	2254		4312.369187666103
5011908	2194		4362.36079101637
5012865	2135		4336.327278459445
5013870	2140		4400.620373517275
5014877	2138		4250.265087632462
5015903	2156		4230.32590646483
5016938	2178		4225.32271646522
5017990	2228		4386.492993414402
5019066	2266		4441.187574174255
5020001	2175		4420.122944273055
5021000	2151		4468.902198297903
5022089	2235		4440.507940409705
5023129	2270		4383.4776168409735
5024091	2224		4321.458175366744
5025063	2168		4400.992202516645
5026086	2187		4485.566721400246
5027094	2156		4394.183266123757
5028101	2150		4455.228253530338
5029062	2074		4396.734243614599
5030092	2080		4407.20762822777
5031079	2051		4169.283276692033
5032144	2083		4047.3752213995904
5033193	2089		4054.2623879499733
5034158	2052		4178.902703393251
5035175	2037		4107.799740446731
5036237	2088		4121.4164432138205
5037255	2091		4132.852577175945
5038286	2110		4114.740331782028
5039271	2085		4116.223637232557
5040286	2059		4110.3193416930735
5041308	2064		4148.3097778745
5042313	2046		4352.576988570392
5043370	2067		4417.550499655306
5044362	2048		4197.236193835735
5045373	2025		4039.267491756007
5046399	2005		4018.459962449968
5047450	2009		3981.696573279798
5048444	1978		3853.6682681404054
5049444	1939		3981.0049731563777
5050495	1965		4010.290904864669
5051548	1997		3929.374641288072
5052621	2045		4045.3713772296906
5053716	2089		4151.79412102513
5054761	2124		4256.70597618632
5055739	2051		4145.462856754661
5056771	2078		4120.71814112924
5057794	2089		4074.4794992357492
5058827	2096		4066.805171551183
5059817	2063		4078.726312080398
5060833	2068		4137.024105826393
5061861	2089		4097.083757119253
5062980	2183		4266.42576992698
5064107	2268		4340.709751477465
5065178	2299		4440.897800095379
5066203	2305		4427.8449764009565
5067215	2283		4439.71774411574
5068236	2285		4589.543342530727
5069317	2343		4656.4521993771195
5070306	2321		4599.175835780799
5071336	2321		4631.284612035379
5072309	2256		4572.81903835386
5073260	2200		4408.167989902198
5074210	2126		4323.56739481166
5075196	2084		4231.044752053916
5076202	2062		4250.373830104247
5077350	2182		4355.210316499695
5078370	2182		4225.464727863669
5079392	2160		4319.76052309759
5080389	2126		4423.5882979836315
5081376	2098		4341.629493225366
5082389	2081		4171.7344720214605
5083415	2071		4167.522869827226
5084493	2116		4235.657857540995
5085566	2162		4228.820599988103
5086429	2010		4156.432257981971
5087422	1989		4194.715596340597
5088387	1924		3937.45084823668
5089403	1930		3887.9913585558534
5090413	1920		3777.8840522859246
5091468	1912		3804.9638967160136
5092495	1904		3865.714655412361
5093507	1888		3813.7939059827477
5094539	1908		3839.028014017269
5095556	1894		3794.621514197439
5096610	1925		3718.5618531033397
5097639	1926		3762.4748755339533
5098691	1949		3914.607589000836
5099751	1990		3953.2473016176373
5100806	2027		4042.9838022999465
5101945	2134		4204.306010957807
5102999	2147		4217.713006867096
5104070	2174		4286.478724366054
5105132	2222		4399.7786692120135
5106205	2260		4477.2891814578325
5107287	2325		4585.732411472127
5108264	2289		4572.912353429943
5109244	2242		4550.86596696265
5110292	2242		4431.9096773304045
5111300	2249		4381.146237814799
5112251	2186		4429.350348280743
5113289	2213		4547.7064066473395
5114294	2210		4436.933619791642
5115281	2180		4353.400271518156
5116289	2166		4347.62310503982
5117205	2057		4157.823465880007
5118217	2068		4164.984614582732
5119244	2090		4101.786289155483
5120215	2028		4055.4143588468432
5121224	2031		4124.172542348504
5122177	1971		4026.6654963344336
5123181	1973		4132.327102873474
5124161	1913		3948.2800661846995
5125178	1929		3863.1955403611064
5126215	1959		3796.0421069208533
5127216	1928		3881.2379725798965
5128296	1970		3962.3322336692363
5129252	1901		3855.687447361648
5130240	1862		3948.745572503656
5131287	1874		3845.540236070752
5132374	1943		3823.356408741325
5133482	2014		3924.61027675122
5134608	2108		4119.220227152109
5135680	2146		4194.173578705639
5136755	2178		4256.653993695974
5137779	2186		4382.33988414146
5138716	2120		4312.888992808759
5139771	2147		4318.460803326219
5140793	2165		4303.492992421612
5141884	2228		4365.527030348778
5142941	2260		4420.745119107887
5143948	2265		4504.27242231369
5145002	2286		4565.998685993254
5146016	2275		4615.059485383332
5147019	2256		4575.717236246914
5148083	2308		4570.858240120113
5149117	2316		4544.208907803521
5150153	2322		4492.353806218132
5151170	2303		4576.597144765779
5152256	2341		4809.957145906985
5153269	2300		4655.6858564168215
5154324	2304		4566.582261715084
5155288	2264		4538.860240327194
5156391	2331		4665.695751171559
5157360	2296		4542.027546962723
5158298	2223		4515.898892704397
5159319	2203		4496.278195070103
5160384	2229		4479.030702847987
5161438	2268		4410.558330774307
5162501	2297		4358.749692525715
5163504	2272		4479.04212615639
5164518	2245		4635.699298577383
5165557	2273		4565.090698717162
5166574	2254		4419.9322606716305
5167653	2287		4448.967808775604
5168604	2217		4427.539949517697
5169655	2240		4598.418637106195
5170636	2218		4369.796276021749
5171728	2293		4441.354322686791
5172714	2256		4428.510080074891
5173690	2184		4522.355852659792
5174720	2168		4504.266538633034
5175701	2113		4316.268778393045
5176681	2056		4171.255638886243
5177715	2031		4139.455101879314
5178649	1960		3971.087231144309
5179736	2010		4082.9859603140503
5180798	2037		4038.984174374491
5181823	2039		4107.653610261157
5182811	1990		4051.5821418836713
5183898	2041		4130.438489537686
5184928	2059		4087.0070559512824
5186045	2155		4112.437160665169
5187058	2138		4214.154500680044
5188155	2186		4355.6646942310035
5189218	2239		4344.449789352715
5190300	2314		4518.199132159352
5191347	2306		4546.8104744609445
5192446	2371		4703.9152118023485
5193440	2324		4720.914869733155
5194529	2390		4720.34890316613
5195546	2368		4700.634798720479
5196627	2411		4950.858392292634
5197587	2359		4870.550922328606
5198644	2399		4869.1506257764995
5199699	2438		4794.147356003523
5200726	2428		4829.504859765992
5201834	2510		4924.021441200748
5202883	2541		4881.452759221196
5203800	2455		4938.177931161597
5204838	2452		5007.220328176394
5205890	2478		5040.041961610317
5206954	2504		5009.719016904011
5207940	2467		4906.720472512767
5208908	2391		4823.975707739592
5209986	2422		4879.980686161667
5211000	2395		4706.444314511493
5212030	2404		4814.0634291078895
5213059	2409		4881.396083559841
5214136	2447		4918.405175417662
5215129	2392		4722.591507688165
5216161	2371		4798.919515287504
5217155	2350		4712.083337947726
5218141	2324		4663.551280669868
5219153	2294		4619.9085279311985
5220135	2267		4579.994905741885
5221102	2234		4635.998862095177
5222101	2210		4430.682386685163
5223061	2151		4364.663977410644
5224142	2213		4437.504442008212
5225177	2220		4297.850546453148
5226240	2244		4299.772840412334
5227237	2177		4241.591171763837
5228166	2100		4268.985033063218
5229238	2155		4282.2841421645135
5230304	2199		4340.505193693563
5231326	2199		4442.752727007493
5232316	2187		4442.789344139397
5233320	2180		4394.009785119444
5234383	2201		4266.965246731415
5235458	2272		4391.814038028941
5236490	2270		4409.126637829468
5237431	2211		4458.3734966516495
5238471	2245		4535.10160734877
5239525	2256		4542.508019387722
5240514	2187		4579.699648382142
5241608	2266		4543.622859407216
5242565	2217		4312.997617319226
5243566	2201		4370.625954577699
5244606	2219		4445.824680391699
5245582	2165		4400.540949556977
5246536	2098		4242.219144171104
5247513	2041		4137.631097625941
5248602	2107		4163.660433363169
5249725	2195		4263.372434653342
5250796	2235		4375.598856249824
5251753	2172		4388.493521651253
5252751	2130		4361.113387295976
5253704	2058		4200.845753025264
5254699	2046		4202.291758244857
5255718	2043		4146.637974156067
5256686	1997		4117.334563910961
5257707	1978		4069.357300642878
5258788	2013		4038.099116999656
5259781	1992		3850.35286334157
5260808	2000		3851.3774827290326
5261760	1931		3893.659473238513
5262725	1872		3904.897702092305
5263758	1890		3877.648050941527
5264791	1907		3882.400461938232
5265747	1863		3759.120749115944
5266855	1935		3741.4086779449135
5267869	1920		3816.7154583111405
5268872	1897		3941.2480058390647
5269856	1866		3731.194318043068
5270763	1771		3599.259185485542
5271804	1767		3646.198558771983
5272897	1828		3521.819433970377
5273906	1792		3457.229779249057
5275024	1873		3639.84875228256
5276137	1978		3792.7640842366964
5277221	2050		4034.6325392387807
5278275	2063		4048.1827542595565
5279358	2123		4172.462851116434
5280325	2056		4007.8587426133454
5281376	2077		4087.0105394553393
5282386	2069		4112.996916076168
5283446	2117		4204.592007165775
5284555	2220		4305.599425939843
5285575	2207		4227.023197416216
5286662	2272		4433.552543655038
5287706	2297		4534.883427591994
5288658	2223		4567.21083009243
5289662	2210		4507.026575675234
5290687	2188		4379.325151052326
5291624	2107		4317.620869383216
5292767	2215		4368.80374603346
5293765	2190		4322.007714590058
5294797	2203		4317.2143428996205
5295800	2182		4291.591911334544
5296843	2190		4373.428768906742
5297940	2282		4514.5929309707135
5298924	2250		4451.501565137878
5299944	2258		4474.840484855697
5300966	2255		4465.218504291028
5301949	2218		4420.714171286672
5302962	2193		4378.972744066268
5304016	2240		4496.6804812550545
5305071	2255		4469.504622699693
5306102	2242		4510.729685343802
5307133	2238		4456.514191256836
5308146	2204		4430.604565303773
5309245	2251		4551.522354040295
5310281	2239		4519.108269447461
5311285	2218		4444.888085197657
5312351	2262		4355.364008298144
5313279	2178		4350.94584120065
5314260	2144		4470.499895757064
5315304	2148		4373.726792333648
5316355	2143		4278.248768383637
5317378	2148		4274.63219088316
5318359	2087		4289.261458620429
5319408	2112		4355.084301399067
5320431	2100		4256.017134509981
5321420	2078		4224.361018422991
5322480	2104		4248.154999976978
5323558	2155		4241.936049219221
5324581	2143		4288.336739778519
5325619	2171		4429.163472497836
5326637	2143		4367.560989057645
5327726	2179		4346.9157378822565
5328771	2192		4325.397169066593
5329830	2203		4376.518995445222
5330852	2182		4299.1177601367235
5331809	2105		4256.653969435021
5332811	2089		4220.727436114103
5333794	2049		4270.001320574433
5334881	2104		4269.142697120085
5335953	2166		4214.147750098258
5336975	2152		4304.494792517275
5338025	2147		4349.564812185243
5339117	2212		4362.260747825727
5340156	2219		4509.499547358602
5341157	2188		4469.740509582683
5342298	2283		4474.863684542477
5343281	2264		4511.722551263869
5344290	2228		4436.727297553793
5345325	2214		4394.550900394097
5346474	2318		4583.253786081448
5347529	2353		4510.932530067861
5348604	2395		4564.977571645752
5349556	2337		4712.984033882618
5350590	2337		4665.634979380295
5351650	2395		4593.776486478746
5352759	2457		4788.061406522989
5353778	2434		4840.869994496927
5354721	2334		4801.7955610230565
5355731	2320		4723.123056283221
5356700	2276		4614.24053488858
5357669	2244		4562.107750706375
5358691	2245		4522.398860450834
5359758	2303		4432.686209810898
5360796	2317		4453.542459085584
5361757	2229		4422.352678908035
5362711	2170		4465.116102419794
5363716	2125		4326.9781283997
5364760	2156		4309.205246452242
5365728	2117		4310.033030303195
5366725	2111		4316.112285636365
5367708	2084		4240.3107646889985
5368678	2046		4196.640531646088
5369693	2059		4146.110683683306
5370747	2086		4131.748338256031
5371827	2123		4176.054018536583
5372908	2164		4211.922075908631
5373984	2215		4298.042348610237
5374993	2206		4430.54317423515
5376097	2297		4595.842287946492
5377125	2276		4484.1238460838795
5378050	2177		4417.341775156558
5379040	2167		4396.136924237013
5380040	2155		4353.372104847804
5381116	2205		4360.268034748733
5382157	2226		4419.516864689067
5383069	2123		4325.326286286116
5383948	1978		4162.321524731815
5384930	1928		4042.3774228841066
5385947	1945		3885.3920056410134
5386969	1934		3885.8963440805674
5387955	1904		3876.948000850156
5389001	1934		3911.9328189864755
5390005	1929		3854.957176666707
5391006	1916		3835.738207835704
5392090	1955		3795.881845159456
5393186	2014		3880.2209840547293
5394244	2037		3962.559362195432
5395324	2064		4053.8952285535634
5396343	2054		4017.604492880404
5397292	2003		4071.9894285630435
5398258	1951		4074.438491459936
5399271	1921		3852.707552580163
5400260	1909		3803.308545058593
5401286	1923		3785.601705001667
5402331	1948		3762.998589027673
5403362	1947		3842.0144516993314
5404355	1907		3981.8352043945342
5405477	1987		3920.180393503979
5406457	1952		3904.6950859408826
5407495	1967		4101.955616431311
5408512	1950		3967.8657314404845
5409551	1930		3936.53380542621
5410611	1963		3907.1448517031968
5411545	1892		3789.0879099387676
5412580	1903		3874.1693113502115
5413565	1875		3825.2818392496556
5414595	1894		3862.5434826165438
5415600	1856		3826.565535945818
5416649	1862		3795.6763084363192
5417611	1801		3674.479515267536
5418607	1762		3702.4745149929076
5419581	1733		3673.3801043424755
5420544	1651		3416.57674908638
5421569	1637		3396.023718332872
5422499	1552		3298.006494630128
5423406	1439		3078.002948716283
5424382	1398		2891.6371848676354
5425379	1364		2867.1812800839543
5426372	1344		2749.0803950987756
5427405	1350		2613.814858481288
5428536	1454		2819.3181632496417
5429582	1489		2985.4222323242575
5430679	1549		2883.9003990273923
5431626	1483		2982.741811191663
5432733	1546		3136.954532675445
5433789	1561		3140.943236067891
5434747	1491		2932.557747075334
5435754	1464		2955.968121163547
5436671	1375		2796.384320674464
5437648	1335		2771.847210770473
5438753	1406		2709.285510258749
5439880	1505		2927.528349323198
5440905	1497		3051.4828715678304
5441938	1495		2960.2337993402034
5443007	1525		3086.4772154837847
5444030	1527		2969.625080630183
5445014	1474		3054.2532736472785
5446053	1493		3082.8175870217383
5447075	1472		3027.93212736398
5448071	1414		2867.1166044659913
5449023	1349		2815.0008432231843
5450002	1313		2691.101406622678
5450991	1297		2608.1668256260455
5452004	1284		2556.484054526314
5452962	1236		2487.6045852620155
5454002	1253		2549.8367388974875
5455002	1244		2523.0896613094956
5455967	1177		2373.60706759803
5457029	1191		2320.2210846152157
5458116	1222		2460.346147591248
5459029	1101		2380.4628387410194
5460118	1145		2227.1944253258407
5461150	1144		2310.945201572031
5462186	1163		2210.1965654511005
5463208	1176		2386.9772094283253
5464192	1157		2404.1500386875123
5465219	1141		2352.3461266867816
5466212	1124		2225.5899608489126
5467248	1125		2154.349176829681
5468295	1137		2169.4591292422265
5469267	1059		2139.2736262697726
5470281	1044		2162.621095702052
5471351	1088		2150.4360363017768
5472330	1058		2179.92004054226
5473295	988		2146.2872959561646
5474327	966		1963.86468590796
5475410	999		2029.8417435791343
5476459	1015		2037.4634628277272
5477448	981		1963.025990338996
5478414	907		1855.4738414492458
5479471	905		1780.6912805009633
5480443	857		1712.0248506236821
5481464	836		1772.046973709017
5482500	819		1628.034219428897
5483468	747		1543.0428823251277
5484593	824		1584.231498464942
5485619	840		1621.8729884289205
5486596	809		1619.4051432516426
5487576	757		1519.9561859630048
5488500	666		1392.9444333091378
5489487	609		1277.3516699466854
5490506	594		1196.5778208021075
5491536	598		1176.8319407701492
5492539	551		1171.0919624287635
5493556	562		1076.238688191399
5494599	561		1090.3228316046298
5495670	621		1229.0222545024008
5496672	589		1207.6154342330992
5497714	612		1117.0180637408048
5498732	609		1224.552972510457
5499704	532		1098.1118570957333
5500763	571		1154.4844261147082
5501766	530		1124.2339532654732
5502828	546		1067.6188818216324
5503716	412		822.9569066632539
5504680	373		732.9149129297584
5505658	328		656.158239191398
5506671	290		585.2212772239
5507640	251		503.97144701704383
5508677	256		473.88178039714694
5509661	229		481.69299918040633
5510753	278		544.0072809308767
5511832	311		573.1121036354452
5512821	253		522.9142645783722
5513863	284		551.7283232491463
5514889	293		584.856688093394
5515925	309		631.6282308157533
5517005	357		711.3105074129999
5518066	388		782.4728894494474
5519134	418		792.3915043715388
5520131	409		809.5024265386164
5521132	403		776.9740857519209
5522095	336		705.3972769733518
5523087	287		579.2672905381769
5524160	327		586.1293256785721
5525157	312		678.4452504646033
5526167	316		605.4268464185297
5527227	316		626.7954385858029
5528257	343		706.4363622870296
5529207	291		594.6852074377239
5530361	422		864.8899212963879
5531435	490		905.7507798615843
5532449	504		1008.4067461136729
5533494	532		1040.8549194261432
5534529	527		993.6784697137773
5535476	460		912.4982126485556
5536539	516		973.8574237041175
5537549	521		1004.5787764377892
5538541	488		1044.1535283736885
5539587	503		1014.1561716981232
5540566	479		943.2726400140673
5541575	480		938.5802250336856
5542560	457		931.719248406589
5543583	438		898.7693104557693
5544525	347		667.885770585388
5545596	378		748.0639454200864
5546693	452		891.7945262007415
5547759	493		939.0803980715573
5548771	478		928.6647628583014
5549790	457		892.5517012365162
5550836	452		919.9716512858868
5551796	357		756.9848330933601
5552746	272		582.092053566128
5553775	294		557.7098725326359
5554832	334		639.5910398177803
5555774	264		589.4769353978336
5556726	210		408.90670149214566
5557720	190		381.8070562761277
5558829	267		507.7811086922884
5559844	256		496.92646620981395
5560973	350		703.6904610488564
5562094	424		859.2886188793927
5563080	403		848.7406921666116
5564080	382		794.4877945166081
5565144	409		829.8677377291024
5566147	405		744.5415648315102
5567116	363		802.2230313066393
5568157	381		768.6718658357859
5569241	454		852.3568066209555
5570282	473		897.8448600713164
5571258	449		919.5968799050897
5572361	535		1054.395040601492
5573380	525		975.0114491321146
5574434	557		1093.3301186673343
5575420	536		1062.3266655858606
5576474	555		1092.5139372441918
5577477	545		1107.3383926525712
5578424	477		1043.6212556958199
5579442	465		959.5601107683033
5580519	497		1025.4509748276323
5581532	463		888.2687481380999
5582498	409		884.7938692625612
5583507	407		744.0427547506988
5584623	485		974.3484852649271
5585703	563		1115.604180265218
5586787	615		1212.9240830801427
5587833	638		1235.897303858772
5588838	612		1188.0704370811582
5589892	644		1281.8159237522632
5590989	721		1376.573055429384
5591987	709		1462.8288224302232
5592954	616		1236.0829914025962
5593952	606		1211.6811219733208
5594914	562		1129.2569523137063
5596004	635		1229.5089396107942
5596990	613		1180.9697202406824
5598005	626		1260.3675685878843
5598996	616		1223.7326158490032
5600074	660		1263.9105980545282
5601083	669		1269.6192673146725
5602052	600		1219.9881455283612
5603095	614		1164.402941154316
5604172	673		1339.0801075343043
5605270	742		1374.2841887436807
5606241	689		1393.9570296462625
5607269	706		1351.9432137142867
5608272	708		1427.7005309909582
5609261	652		1366.1304034870118
5610253	632		1252.3974560797215
5611227	595		1174.2760487347841
5612251	587		1217.5170011464506
5613253	574		1162.646443888545
5614279	576		1163.7086969073862
5615297	583		1201.3864529523998
5616312	586		1121.988021114841
5617377	607		1197.0445952899754
5618453	670		1241.522399103269
5619540	736		1409.1098670735955
5620536	720		1427.6638691294938
5621595	771		1549.63044369407
5622619	753		1452.8053133524954
5623625	720		1526.572136318311
5624651	737		1553.022911671549
5625648	705		1461.9714392572641
5626639	677		1342.2250550091267
5627650	685		1267.9946720525622
5628639	653		1330.226854128763
5629662	651		1260.909478938207
5630674	615		1284.6209037229419
5631623	563		1247.658382769674
5632745	631		1272.6875313986093
5633755	620		1238.0970169194043
5634826	658		1291.405178496614
5635823	649		1298.2853676583618
5636859	648		1300.1849703527987
5637944	715		1357.8886198755354
5639002	754		1461.9983870573342
5640011	726		1449.3069653771818
5641085	754		1542.3373602237552
5642102	732		1562.7753849644214
5643150	758		1437.5197968110442
5644175	760		1579.2203937917948
5645129	702		1542.6855725999922
5646188	747		1385.2967004757375
5647078	626		1328.4393691904843
5648079	577		1142.1369647607207
5649162	619		1247.838299414143
5650183	599		1224.9692028257996
5651285	684		1246.7478352114558
5652296	686		1391.391409676522
5653193	573		1207.3103455230594
5654197	572		1136.8208281528205
5655164	503		1032.6391409058124
5656180	494		980.1229183059186
5657170	481		1004.8666590414941
5658181	476		916.5685731824487
5659166	423		900.9528125487268
5660224	477		943.3305755760521
5661204	435		904.4914909545332
5662216	423		901.8435597252101
5663224	420		790.1674451883882
5664242	435		859.1738733313978
5665420	573		1106.6541396770626
5666474	574		1122.7386222239584
5667503	585		1125.6695433668792
5668483	561		1105.3963945377618
5669507	552		1093.0005994848907
5670436	471		1005.4739920534194
5671445	463		925.9189737774432
5672555	556		990.653461266309
5673560	558		1031.5863158535212
5674624	617		1162.5268450565636
5675689	662		1232.2717340439558
5676730	665		1225.3065955359489
5677756	670		1308.358387524262
5678839	716		1367.7557275611907
5679804	635		1289.4325255155563
5680825	628		1280.866370536387
5681876	642		1180.3264312036335
5682895	632		1365.2285754662007
5683839	569		1182.7330089304596
5684880	588		1175.4552315603942
5685928	585		1189.6187026593834
5686968	600		1167.4284002576023
5688010	611		1176.9747682102025
5688961	543		1146.8175862487406
5689964	507		1045.9940767083317
5690976	486		1015.8483058735728
5691999	459		976.7860225252807
5693058	484		955.5264987293631
5694107	517		992.1763983443379
5695166	555		1083.659524584189
5696168	537		1047.8096850775182
5697158	493		995.0683621894568
5698176	498		978.3140929937363
5699233	505		1015.0699356701225
5700270	514		913.1765112653375
5701259	470		985.2655212264508
5702329	503		1024.8687941879034
5703437	601		1133.9677338954061
5704460	607		1182.2476938143373
5705412	538		1131.2476566080004
5706462	584		1070.7886949870735
5707438	540		1056.434989824891
5708548	616		1205.06007007882
5709499	565		1154.3959419187158
5710524	575		1175.7460383921862
5711546	583		1127.925621483475
5712501	499		994.8213944062591
5713513	462		924.4590370785445
5714516	459		923.5364465788007
5715452	390		778.1613253094256
5716483	399		763.7756147366017
5717459	347		747.8309870604426
5718513	394		848.1355533562601
5719603	449		915.3778819590807
5720706	505		934.0973508115858
5721759	507		1034.4604322649539
5722669	407		861.3103811647743
5723713	429		880.8426572605968
5724740	431		856.3348511811346
5725725	370		743.0050045587122
5726695	331		667.7631274368614
5727748	365		741.4385626930743
5728805	373		679.9371311943978
5729923	450		906.4501426126808
5730973	495		938.3570493590087
5732059	531		1034.3413271866739
5733051	495		1045.5468523316085
5734072	470		963.7441807035357
5735137	491		953.4148466289043
5736197	503		992.0190297383815
5737189	451		970.9529540855438
5738104	345		736.2773657720536
5739132	368		710.6720119975507
5740199	411		809.7776484917849
5741235	430		831.3408153392375
5742327	474		958.249539218843
5743341	456		931.0536461789161
5744403	508		965.5125168543309
5745395	483		1033.148510929197
5746443	471		949.8142934218049
5747515	512		966.1686201356351
5748527	506		1052.9636918716133
5749533	476		1034.503846609965
5750580	502		937.3355682250112
5751611	513		970.0907125398517
5752627	515		1044.913475709036
5753694	556		1090.598444076255
5754750	569		1111.823947025463
5755736	537		1071.3272889573127
5756767	533		1138.5078691281378
5757756	522		1162.6392313949764
5758745	511		1014.9568732976913
5759841	605		1224.8676749076694
5760869	586		1137.8457210734487
5761831	509		1060.2522577624768
5762827	502		1016.8349452055991
5763908	543		1056.9964817035943
5764956	591		1152.4146602861583
5766000	616		1181.7644103933126
5767091	690		1400.4637737832963
5768150	729		1421.3152520023286
5769137	715		1457.0257151778787
5770179	732		1446.8778197318316
5771190	732		1492.9867655765265
5772176	718		1436.9760344959795
5773172	665		1333.3092689476907
5774200	662		1322.8146471660584
5775272	697		1367.5460118483752
5776317	710		1418.5256217680871
5777312	705		1386.6732989083976
5778304	682		1382.3772392123938
5779366	714		1407.7657067831606
5780388	685		1394.303617861122
5781373	655		1298.050950711593
5782418	695		1282.3437865413725
5783485	743		1479.5729826390743
5784536	779		1548.0832418128848
5785524	750		1503.1690175756812
5786623	826		1562.0952416658401
5787715	859		1606.532621992752
5788806	938		1780.880057528615
5789809	920		1928.0603165775537
5790923	1004		1891.636848544702
5791899	970		1986.638488361612
5792876	912		1825.9866827242076
5793993	997		1882.9288174714893
5795057	1039		2049.850948372856
5796116	1086		2139.297148855403
5797202	1137		2199.85612263903
5798140	1054		2280.0500995628536
5799230	1109		2126.4528745636344
5800241	1108		2301.2787341009825
5801259	1077		2106.844650428742
5802222	1008		2208.0647535379976
5803209	981		1988.4147698115557
5804221	941		1978.3481419403106
5805213	908		1832.4357827939093
5806262	932		1853.4937061592937
5807301	948		1822.9269156232476
5808314	941		1854.7101870402694
5809323	915		1888.9865949191153
5810308	898		1811.5533088445663
5811302	882		1761.7570727784187
5812371	925		1816.5271810516715
5813359	893		1813.0407427866012
5814293	827		1758.1750717516989
5815305	818		1582.3605962377042
5816408	912		1755.609024066478
5817328	827		1709.6338790971786
5818374	830		1640.7312255669385
5819416	844		1684.3079858236015
5820441	825		1598.324739728123
5821488	831		1706.6053059957922
5822548	858		1681.9149122089148
5823542	823		1656.5717134065926
5824519	794		1699.031233459711
5825626	893		1694.0293012037873
5826653	896		1738.6853932384402
5827645	880		1778.7977635394782
5828713	933		1853.8782109618187
5829763	947		1808.2932289987803
5830800	979		1883.0035261400044
5831953	1084		2054.8980553261936
5833001	1129		2253.702440146357
5834029	1148		2324.438373459503
5834990	1068		2218.495623273775
5836018	1069		2198.5845119375736
5837010	1034		2197.776112675667
5838114	1116		2230.1839683018625
5839091	1093		2088.043155083433
5840106	1086		2212.7974533997476
5841155	1127		2270.272070715204
5842159	1116		2179.2889946680516
5843237	1162		2262.3439026996493
5844263	1168		2306.5427052788436
5845299	1176		2345.357750866562
5846322	1196		2334.487527223304
5847321	1172		2335.1345592234284
5848400	1239		2438.861831465736
5849427	1224		2438.618173673749
5850487	1230		2454.7366444170475
5851480	1197		2404.9955269023776
5852514	1219		2476.429422803223
5853547	1239		2513.9766793008894
5854632	1275		2465.3442381266505
5855686	1288		2571.7837913725525
5856825	1375		2588.583428071812
5857821	1362		2675.219916002825
5858790	1330		2621.134938970208
5859806	1327		2677.5426305066794
5860731	1251		2562.117460049689
5861826	1331		2594.18279925175
5862853	1326		2682.6430612709373
5863897	1368		2646.758229199797
5864891	1337		2703.3465494923294
5865913	1331		2702.630276530981
5866960	1326		2533.0021670442075
5867988	1328		2634.8878748137504
5869016	1317		2703.7809606511146
5870016	1301		2617.9038350190967
5871040	1280		2611.588579364121
5872059	1267		2592.408308416605
5873064	1243		2493.2027094047517
5874099	1264		2516.8929048217833
5875064	1186		2416.232381431386
5876122	1239		2386.9718756061047
5877164	1279		2524.3455958794802
5878147	1247		2642.6871016286314
5879213	1290		2566.9006202593446
5880343	1391		2574.480398837477
5881378	1391		2791.8356487508863
5882410	1422		2760.647054007277
5883354	1362		2721.6627290118486
5884358	1366		2833.5683683585376
5885412	1364		2768.5148841347545
5886479	1385		2860.5746589470655
5887576	1435		2873.1874003391713
5888571	1429		2889.3860194515437
5889533	1337		2790.379058180377
5890662	1422		2789.965823419392
5891707	1453		2748.6406760495156
5892787	1495		2912.6762706357986
5893753	1443		3071.99345623143
5894821	1472		2949.6205851063132
5895867	1480		2951.291236575693
5896895	1484		2949.267582565546
5897914	1466		2987.129073338583
5898979	1504		3013.5332463067025
5899997	1492		2901.767539618537
5901096	1548		3076.3226089440286
5902165	1603		3137.2060935813934
5903154	1584		3156.697848578915
5904199	1582		3153.1938056126237
5905227	1583		3124.2293006721884
5906261	1576		3077.317847115919
5907221	1530		3199.237597219646
5908275	1532		3160.5617443993688
5909342	1576		3077.5943179652095
5910379	1607		3085.121979666874
5911329	1511		2985.45037653856
5912270	1441		2992.076586484909
5913338	1466		2902.733504375443
5914347	1436		2876.79587062262
5915386	1451		2905.8253409136087
5916397	1454		2877.510574089363
5917385	1427		2888.1225390341133
5918435	1448		2893.158635398373
5919430	1439		2750.6585844010115
5920416	1399		2836.943972390145
5921404	1355		2738.6403113119304
5922413	1336		2726.0628339760005
5923488	1402		2767.685267953202
5924666	1534		2928.4051936846226
5925752	1569		3031.540980633348
5926726	1518		3050.154197709635
5927750	1508		2984.598156798631
5928809	1550		2972.688078533858
5929844	1576		3099.0846215654165
5930897	1605		3214.727700509131
5931986	1654		3188.4584814514965
5932972	1625		3239.6450246945024
5933910	1553		3286.1228058915585
5935028	1627		3147.6558236368
5936110	1653		3342.2793189808726
5937139	1671		3331.3763026744127
5938133	1659		3295.9225052818656
5939194	1690		3332.1565759759396
5940138	1615		3314.154457634315
5941128	1577		3243.4991853386164
5942138	1578		3151.9943667426705
5943129	1562		3105.7574525922537
5944140	1538		3015.172898180783
5945117	1479		2992.749086614698
5946093	1448		2918.4005670454353
5947167	1496		3054.3273553233594
5948232	1526		3145.030770391226
5949244	1521		3087.1975152064115
5950318	1538		3015.3566088303924
5951316	1496		3032.4391046445817
5952349	1515		3024.658652441576
5953358	1504		3082.893098141998
5954371	1494		3109.8138957954943
5955407	1506		2972.8474603202194
5956441	1503		2936.0966474078596
5957412	1461		2930.490539189428
5958458	1491		2919.1105573754758
5959534	1564		2975.760798500851
5960551	1551		3056.450378909707
5961485	1449		3031.176176611334
5962525	1487		2964.4421518873423
5963424	1358		2848.8020048681647
5964441	1369		2795.624581275508
5965480	1406		2644.4655380658805
5966460	1385		2746.237255660817
5967454	1343		2775.4143587742
5968451	1330		2556.7073993720114
5969494	1354		2551.826016129926
5970434	1288		2640.203242396936
5971467	1290		2677.7901485916227
5972410	1215		2536.7968580964953
5973447	1226		2376.272322908044
5974451	1210		2395.530693139881
5975498	1208		2545.2415967863053
5976494	1134		2262.570421613753
5977557	1164		2401.3017265554518
5978567	1130		2324.189532354474
5979558	1079		2166.5005793962628
5980633	1126		2208.89879379794
5981685	1140		2271.7064353916794
5982679	1118		2267.042573561892
5983740	1165		2305.2863418590277
5984798	1189		2348.283654551953
5985858	1222		2491.9749846719205
5987002	1350		2509.939829831943
5988058	1371		2660.2377206701785
5989063	1354		2708.7564664501697
5990114	1386		2755.4668001681566
5991129	1371		2776.400926310569
5992112	1330		2681.261458583176
5993087	1260		2570.329934515059
5994214	1352		2713.2530600503087
5995271	1396		2699.8165451381356
5996246	1371		2816.6962817478925
5997353	1421		2953.9735263530165
5998401	1438		2891.319999754429
5999365	1390		2831.575283359736
6000431	1405		2830.1379297245294
6001557	1482		2899.9544654320925
6002530	1436		2933.1724633108824
6003585	1473		2973.7761168982834
6004603	1466		2905.7614392265677
6005557	1391		2834.9417325165123
6006549	1336		2753.8592760842294
6007495	1274		2638.922200853005
6008477	1249		2589.525634147227
6009451	1209		2606.0325209982693
6010590	1298		2530.9429077189416
6011545	1202		2469.9565471224487
6012542	1189		2375.9948616530746
6013548	1163		2430.545714393258
6014545	1101		2184.791802154854
6015616	1133		2221.915932446718
6016601	1093		2220.1991658620536
6017609	1060		2193.2023860570043
6018555	957		2032.2300298605114
6019649	1015		1952.5582791846246
6020642	974		1955.9679726660252
6021757	1045		2055.9637788105756
6022826	1073		2101.730471784249
6023816	1046		2105.0244696214795
6024836	1044		2028.9393296800554
6025887	1092		2078.980384254828
6026895	1053		2080.3854872472584
6027828	973		1972.452441945672
6028880	1015		2033.3359311185777
6029900	1006		2066.9014800991863
6030896	1001		1914.2000292930752
6031897	991		1988.1711038891226
6032834	928		1876.8536505457014
6033830	896		1802.9648764599115
6034867	919		1836.653401836753
6035890	889		1835.1486563310027
6036929	913		1824.8826552387327
6037936	911		1894.4163129571825
6038959	927		1828.9585524704307
6039981	919		1861.4368571005762
6041050	956		1907.0325828436762
6042081	961		1876.630083044991
6043040	872		1808.289993500337
6044054	836		1721.0864734072238
6045049	776		1556.517287692055
6045948	675		1445.3499263618141
6046977	668		1350.6675547417253
6048016	664		1348.759036788717
6048988	632		1297.7661438062787
6049955	587		1212.8183643687516
6051003	604		1202.9154899530113
6052005	588		1107.277745835483
6053121	678		1312.3600561320782
6054166	663		1334.1494776420295
6055230	688		1385.8832044471055
6056254	704		1346.993124730885
6057242	684		1361.8724707067013
6058231	645		1272.3154493812472
6059118	530		1063.6045571323484
6060163	568		1090.012749036774
6061135	507		1076.7482691276819
6062190	531		1065.298717053607
6063249	562		1122.3264045231044
6064230	512		1050.1270543523133
6065299	578		1032.863606562838
6066391	634		1204.5876654591411
6067458	668		1312.3767484650016
6068591	781		1536.53614458628
6069611	789		1584.4472589399666
6070608	786		1583.3559967335314
6071671	808		1611.5817207098007
6072685	806		1601.1336405333132
6073625	740		1508.8686935957521
6074614	695		1405.8338254038244
6075618	667		1287.006328675896
6076585	618		1295.0139155928046
6077560	575		1222.6901484858245
6078627	642		1275.414503969252
6079651	662		1264.2493962626904
6080748	717		1388.4000156149268
6081757	715		1410.4888417571783
6082810	756		1548.4493049867451
6083828	763		1516.2659014239907
6084889	824		1574.7063117288053
6085930	831		1588.838980678469
6086948	810		1634.608183041215
6087974	814		1650.3623632527888
6088889	726		1508.0471051558852
6089874	667		1303.616554055363
6090889	671		1309.4804813563824
6091932	651		1348.5466781891882
6092936	642		1340.460466567427
6093975	616		1223.2733661103994
6094932	568		1177.1017498672009
6095939	556		1064.2942577451468
6096964	546		1115.1290951818228
6097903	472		931.6237912643701
6098990	527		1043.0801463332027
6100005	502		984.4431700836867
6101021	493		945.9328541364521
6102052	483		1015.6963297519833
6103105	526		987.3512801025063
6104195	569		1141.7446544095874
6105162	512		1041.3652957361192
6106285	589		1181.8667981754988
6107362	632		1243.229098038748
6108338	571		1249.9194115046412
6109290	515		1031.6164363324642
6110268	489		1019.5988530833274
6111243	439		981.5724494215101
6112323	461		892.5422799140215
6113354	482		938.0414256863296
6114386	480		999.1566073708236
6115375	458		933.055453710258
6116382	425		855.0766257103533
6117404	434		885.6861358005553
6118497	499		975.2149184569716
6119477	475		975.756262216717
6120516	497		982.3388908393681
6121528	483		1069.5461026523262
6122498	426		824.9702018015087
6123557	443		799.1481274161488
6124566	398		824.8798702266067
6125587	397		758.3800280634314
6126624	400		821.0356959402561
6127694	451		878.04846749641
6128778	490		1038.9292626939714
6129781	454		920.8197068478912
6130763	429		825.0060203094035
6131765	427		833.675487332046
6132714	361		751.233134707436
6133712	359		783.1481012664735
6134741	377		751.4355629775673
6135824	408		759.0248263888061
6136916	488		908.2606759201735
6137852	408		832.2160109505057
6138946	452		950.7335492447019
6139999	456		902.0407332647592
6141026	470		949.6028479617089
6142083	522		1029.5548610650003
6143187	599		1104.8850188720971
6144260	658		1364.9453537799418
6145168	554		1182.6045382935554
6146176	542		1019.7198692020029
6147136	485		1052.2784222941846
6148213	523		1026.133917991072
6149277	575		1115.0652694255114
6150336	612		1197.0827054195106
6151352	610		1255.230210006237
6152357	602		1169.8419748488814
6153371	595		1193.3977754600346
6154347	536		1105.9230681806803
6155326	500		1011.2928306609392
6156316	444		883.7581417579204
6157456	542		976.0457369424403
6158554	620		1217.0424097832292
6159449	511		1101.5611348487437
6160544	559		1125.581240132451
6161545	549		1067.6882603429258
6162647	633		1193.7244261205196
6163660	634		1261.0580267775804
6164650	604		1212.7265871353447
6165617	557		1165.5791217498481
6166685	572		1127.3517756350338
6167685	571		1144.0460184440017
6168699	574		1150.9742027893662
6169744	610		1195.5997187010944
6170766	618		1146.5693529564887
6171792	615		1172.5470001790673
6172858	670		1322.9308575205505
6173880	664		1312.3003816399723
6174895	640		1289.4741284660995
6175863	608		1229.9188877921551
6176916	628		1243.095842557028
6177979	668		1277.1933426056057
6179060	726		1463.4196895565838
6180063	704		1415.660451548174
6181070	680		1375.9389861430973
6182104	688		1337.7655378207564
6183068	650		1334.850471349433
6184085	663		1274.4635255988687
6185214	761		1441.584062602371
6186116	654		1397.9102699104697
6187155	686		1380.3100217878819
6188246	756		1448.91744585149
6189182	687		1332.313204381615
6190277	754		1490.4216982144862
6191268	732		1510.525535857305
6192222	678		1442.8658527098596
6193252	658		1271.0481948908418
6194305	698		1431.7928829416633
6195374	755		1417.8949697464705
6196420	789		1458.4916109889746
6197483	833		1672.3709882665426
6198604	932		1767.1885345168412
6199568	890		1836.0602272320539
6200639	910		1795.6357734911144
6201717	986		1943.9878062810749
6202710	966		1942.6192563958466
6203738	978		1900.9265069570392
6204802	988		1947.8863392397761
6205759	921		1900.6886257007718
6206770	924		1908.7832279764116
6207831	981		1840.0636730343103
6208878	974		1858.6510751508176
6209930	993		1888.5383198522031
6211019	1069		2061.6373085994273
6212031	1055		2180.1573885567486
6213088	1070		2115.4997299425304
6214133	1084		2172.3390923142433
6215154	1061		2087.883977966383
6216196	1077		2062.0020197127014
6217196	1026		2150.7406432926655
6218230	1054		2038.8528752643615
6219216	1035		2092.426232324913
6220179	975		2036.3667396660894
6221202	993		1941.111847827211
6222213	1004		1994.7680251002312
6223225	1000		2063.375248922035
6224376	1125		2151.189825862646
6225429	1148		2287.442790005356
6226416	1121		2364.092741217464
6227418	1105		2214.1243366375566
6228485	1130		2206.2934860605747
6229510	1122		2278.0265905801207
6230498	1094		2208.856763485819
6231532	1126		2289.004728127271
6232576	1132		2275.0092326607555
6233564	1111		2232.4642687924206
6234604	1120		2426.623160790652
6235542	1034		2196.93684518151
6236582	1037		2095.800730889663
6237652	1049		2152.631611611694
6238683	1060		2191.8641981389374
6239634	1006		2005.7001697458327
6240641	1006		1988.159109434113
6241625	972		1974.7957394458354
6242656	991		1913.847669787705
6243750	1042		2128.933289954439
6244766	1022		2014.069712953642
6245689	885		1812.3656445164233
6246693	874		1739.7638455852866
6247720	895		1752.7532732002437
6248831	974		1796.894005721435
6249873	1012		2044.634507868439
6250940	1067		2099.4091545902193
6251939	1064		2118.816152682528
6252930	1045		2121.32413222827
6253933	1029		2133.350133959204
6254956	1042		2036.440509768203
6256018	1075		2123.530575038865
6257055	1098		2119.8658827189356
6258063	1105		2192.394945392385
6259102	1119		2264.238438617438
6260060	1072		2202.2688160743564
6261105	1080		2192.462079629302
6262144	1085		2110.89841157943
6263234	1140		2192.7867711093277
6264203	1097		2250.428795984015
6265195	1083		2186.193035239354
6266249	1118		2131.084544962272
6267300	1131		2254.709367757663
6268382	1176		2306.345256349072
6269294	1088		2207.072736490518
6270381	1149		2227.839361950755
6271397	1157		2294.900726104155
6272460	1213		2393.7535957098007
6273428	1140		2332.588073693216
6274489	1181		2362.771147010848
6275537	1186		2384.4772163778543
6276573	1188		2434.174583029002
6277678	1246		2395.8476574271917
6278618	1173		2342.660509156063
6279596	1116		2282.165500195697
6280709	1184		2337.475041354075
6281815	1258		2419.1906613856554
6282817	1226		2542.126264885068
6283870	1264		2434.543208345771
6284922	1285		2583.2249470409006
6285895	1240		2421.180559059605
6286884	1208		2425.567227475345
6287909	1209		2337.482073124498
6288974	1265		2497.1191503647715
6290004	1283		2522.3758756946772
6290956	1235		2561.321508973837
6291993	1252		2576.62013050355
6292945	1192		2480.395458953455
6293988	1213		2570.961472671479
6295064	1277		2513.331674668938
6296129	1302		2556.3134105838835
6297094	1241		2569.891198217869
6298105	1238		2411.9361020643264
6299168	1257		2508.297503594309
6300195	1256		2439.0357635375112
6301220	1276		2456.34954611212
6302335	1350		2668.2697024215013
6303427	1391		2618.2326847519726
6304496	1460		2716.357266837731
6305487	1437		2899.625773696229
6306590	1490		2964.958249108866
6307584	1453		2891.398350171745
6308628	1477		3005.857582811266
6309651	1479		2890.9232474621385
6310624	1436		2882.0173884928226
6311621	1395		2962.3424291834235
6312635	1377		2747.650894327089
6313657	1396		2699.2120058294386
6314671	1385		2755.262579565868
6315636	1318		2759.0894141606987
6316674	1318		2659.4555078223348
6317721	1327		2660.7769716028124
6318796	1356		2675.8615646101534
6319865	1365		2719.0382889695466
6320875	1352		2740.243743825704
6321901	1359		2762.862664790824
6322902	1354		2691.627891089767
6323995	1425		2737.8927868157625
6325087	1493		2901.5058724004775
6326111	1494		2920.2448576111346
6327189	1522		3094.9863883759826
6328261	1568		3155.7267499174923
6329289	1578		3195.6548617742956
6330344	1625		3219.4341057445854
6331323	1594		3224.3015460185707
6332322	1584		3149.2278296351433
6333361	1620		3174.6971344798803
6334372	1615		3208.4331402573735
6335449	1633		3277.8168173730373
6336459	1618		3378.5178464874625
6337529	1673		3303.331176187843
6338519	1654		3252.9254635833204
6339573	1668		3353.124765817076
6340573	1642		3245.1532466970384
6341674	1729		3312.998701058328
6342633	1654		3318.8110932353884
6343643	1632		3322.7928290627897
6344693	1637		3268.644219458103
6345717	1653		3328.134287852794
6346759	1653		3303.936127744615
6347775	1650		3268.2067392151803
6348735	1608		3242.220892433077
6349704	1568		3279.9256092384458
6350810	1666		3230.959062155336
6351808	1650		3343.349461071193
6352761	1590		3400.4636336527765
6353759	1573		3231.8550719786435
6354754	1565		3180.607376465574
6355783	1578		3189.4117286913097
6356752	1507		3074.968718469143
6357740	1466		2902.380283817649
6358735	1437		2840.233065959066
6359721	1407		2833.5815644916147
6360688	1373		2727.6447678767145
6361656	1341		2709.259339310229
6362674	1351		2635.119329340756
6363754	1421		2805.354087518528
6364763	1398		2747.7730143480003
6365787	1420		2884.9412021841854
6366820	1440		2811.584349995479
6367883	1474		2951.1228422466666
6368966	1541		2938.5956255625933
6369945	1497		2961.2975248359144
6370922	1464		2959.606967512518
6371981	1490		2968.9158395249397
6372946	1416		2844.40746017918
6373962	1403		2804.6813441794366
6375036	1423		2800.523333726451
6376059	1402		2822.904963929206
6376982	1323		2746.9362673014402
6377959	1297		2638.2528275735676
6378970	1300		2561.4798299837857
6379991	1294		2576.7149487026036
6381005	1269		2497.1390147805214
6382010	1238		2471.2346122153103
6383069	1276		2546.8994142711163
6384117	1310		2652.7090235985816
6385151	1296		2505.7719991989434
6386193	1312		2652.875376250595
6387168	1256		2542.053026502952
6388261	1307		2600.578746344894
6389284	1296		2623.0048401728272
6390231	1216		2591.571517407894
6391295	1271		2526.490631710738
6392253	1206		2512.0419245082885
6393269	1203		2523.5884015057236
6394342	1263		2459.334568671882
6395395	1312		2498.1707941498607
6396481	1364		2593.2451419122517
6397480	1357		2627.157848807052
6398575	1419		2798.4170306511223
6399617	1421		2829.9891162142158
6400648	1439		2950.2105130124837
6401686	1461		3011.951637523249
6402740	1467		3045.1039866339415
6403719	1396		2949.156480571255
6404696	1369		2819.0958409961313
6405790	1414		2866.0381289143115
6406827	1394		2859.7951362878084
6407775	1332		2768.314782757312
6408790	1344		2679.9629120491445
6409776	1309		2684.7866221722215
6410781	1260		2487.4752541240305
6411782	1252		2503.570419996977
6412747	1186		2452.4302824139595
6413786	1184		2363.4667383488268
6414848	1220		2419.7677946202457
6415855	1181		2314.105210341513
6416903	1221		2474.5392079018056
6417960	1244		2489.0383285582066
6418977	1227		2424.231789369136
6420020	1244		2408.748483095318
6421058	1272		2454.2048982400447
6422096	1300		2613.0007340051234
6423100	1262		2577.455523883924
6424143	1301		2578.3451723922044
6425208	1316		2603.9849626589566
6426189	1273		2571.2469727918506
6427247	1313		2599.7400994561613
6428254	1309		2642.3184219207615
6429273	1305		2559.544749421999
6430350	1357		2680.0010942071676
6431328	1305		2676.87079208903
6432340	1271		2642.944600906223
6433403	1289		2552.0615357290953
6434476	1338		2598.0672197882086
6435489	1297		2570.636297436431
6436534	1300		2600.052370529622
6437574	1335		2593.5103501565754
6438584	1327		2596.2771419454366
6439595	1321		2628.0493143871427
6440592	1315		2629.1016000024974
6441632	1298		2682.049296570942
6442656	1317		2625.1145976632833
6443627	1281		2533.0653661545366
6444685	1304		2599.957187941298
6445660	1272		2460.7385843452066
6446633	1241		2504.875080730766
6447750	1318		2604.7734645139426
6448807	1363		2682.3093823231757
6449790	1319		2663.4923547599465
6450854	1345		2699.9722288232297
6451903	1392		2661.0868536382914
6452882	1368		2720.2688326295465
6453933	1392		2789.555814413354
6455079	1494		2881.0983573272824
6456150	1559		2897.5688741654158
6457278	1652		3187.877567121759
6458360	1696		3273.923832597211
6459376	1677		3398.428368847817
6460422	1688		3397.33636103943
6461498	1734		3400.662791348994
6462552	1762		3506.9424491152167
6463528	1699		3487.7126507926732
6464553	1721		3442.5105186253786
6465654	1763		3473.65301422216
6466682	1750		3515.7163787931204
6467706	1723		3522.548434721306
6468760	1730		3445.045731989667
6469751	1715		3415.887130489573
6470735	1651		3319.508858492598
6471816	1682		3300.8845987580717
6472813	1655		3298.207748517394
6473785	1625		3294.041147870943
6474766	1580		3229.5548664294183
6475675	1464		3003.5946154482663
6476779	1530		3058.2262601852417
6477881	1575		3065.2615134026855
6478920	1563		3079.872048083693
6479962	1573		3071.5663202982396
6481085	1628		3202.7670925501734
6482170	1690		3267.869244961068
6483269	1756		3305.6399770919234
6484172	1651		3343.562728602439
6485199	1640		3316.5010540429503
6486207	1628		3216.902199409902
6487247	1630		3257.264032781124
6488278	1617		3150.7703272420913
6489249	1579		3161.8735925816
6490193	1504		3197.463822327554
6491162	1442		3051.401200680062
6492190	1422		2908.4816840607673
6493179	1384		2795.846927281469
6494122	1327		2770.551336487755
6495065	1244		2581.7918997332454
6496053	1199		2455.8500407952815
6497075	1207		2391.521929329261
6498135	1252		2494.631442707032
6499175	1292		2503.5623281635344
6500202	1314		2691.837282039225
6501189	1263		2568.0581690799445
6502174	1229		2483.6446059830487
6503234	1277		2428.960966086015
6504316	1329		2519.386935727671
6505383	1350		2667.6767918504775
6506430	1348		2586.9221640340984
6507406	1303		2609.318617781624
6508372	1246		2667.7692989762872
6509419	1281		2562.196909373626
6510409	1261		2502.9443347901106
6511384	1223		2474.6796900741756
6512289	1124		2348.72283163853
6513220	1044		2218.4309844281524
6514314	1134		2192.96312969923
6515455	1254		2291.656125355512
6516471	1237		2534.4047369156033
6517487	1221		2381.7120775114745
6518538	1270		2545.638278102502
6519608	1329		2609.2942370977253
6520703	1422		2767.7761006187648
6521787	1459		2927.729841835797
6522796	1417		2937.719986755401
6523819	1418		2815.4911544080824
6524810	1398		2830.7385789435357
6525769	1335		2690.494229307398
6526779	1345		2804.8768269866705
6527829	1373		2730.375233059749
6528821	1349		2710.6145466137677
6529829	1342		2680.0682496912777
6530811	1304		2773.3520754966885
6531797	1289		2702.9779641535133
6532835	1280		2464.566112987697
6533799	1215		2472.889005066827
6534856	1236		2471.953512068838
6535941	1284		2505.1884021125734
6536995	1321		2620.8091195188463
6538044	1361		2727.404515856877
6539115	1391		2749.5850237309933
6540161	1423		2771.5638095736504
6541132	1364		2697.879038710147
6542171	1367		2753.5445414222777
6543182	1351		2712.410015596077
6544152	1298		2654.360425589606
6545140	1285		2672.551410133019
6546172	1316		2682.570993954316
6547212	1352		2698.8621443398297
6548117	1256		2672.707696745172
6549141	1279		2546.1123161073774
6550114	1250		2508.5671960953623
6551212	1322		2547.500724500045
6552245	1348		2542.061541981995
6553278	1332		2685.1997610889375
6554314	1349		2656.7770996112376
6555345	1377		2646.143907248974
6556481	1456		2772.5628917701542
6557534	1491		2984.878347342834
6558579	1502		2969.6636447533965
6559630	1542		3046.2531035766006
6560683	1563		3123.7721320465207
6561678	1557		3139.3426136095077
6562668	1505		3091.9745807386935
6563723	1506		3047.35759585537
6564825	1571		3033.8561564888805
6565818	1547		2991.0797099042684
6566819	1533		3104.749910125509
6567883	1557		3184.3317377585918
6568918	1566		3107.4149210378528
6569924	1547		3228.5783764235675
6570822	1419		2989.6056210976094
6571839	1409		2826.2034962717444
6572904	1422		2853.827990602702
6573914	1400		2803.0085277650505
6574889	1347		2707.1196597367525
6575828	1282		2614.5634173303843
6576926	1324		2539.3705951683223
6578020	1407		2661.158786892891
6579102	1451		2775.5114142894745
6580150	1481		2923.9492144528776
6581192	1483		2866.6095110066235
6582178	1419		2862.3924613781273
6583211	1446		2807.2385577708483
6584212	1420		2852.2123383916914
6585208	1392		2799.3523577153683
6586206	1378		2794.1415238827467
6587125	1297		2676.7295160274953
6588148	1304		2686.5575135368854
6589190	1329		2707.698209522292
6590260	1367		2684.6450403295457
6591296	1366		2712.1237627845258
6592341	1400		2736.97290093638
6593346	1402		2775.855009611696
6594333	1365		2759.7994160149246
6595380	1385		2661.9263695459813
6596352	1346		2625.1284019183367
6597286	1260		2646.7041684687138
6598340	1306		2616.3770529031754
6599357	1309		2560.172416307032
6600368	1282		2650.9021225553006
6601462	1320		2694.1109207756817
6602472	1321		2595.3633185066283
6603471	1300		2728.6242020931095
6604474	1291		2491.9662942979485
6605375	1182		2454.516415460035
6606397	1166		2376.912422437221
6607412	1144		2281.366587072611
6608411	1141		2214.5718313604593
6609396	1126		2315.810394283384
6610383	1078		2168.598248725757
6611389	1040		2077.8269594311714
6612459	1087		2131.172003244981
6613512	1140		2269.67437617667
6614513	1098		2224.3582115937024
6615634	1192		2222.333190586418
6616675	1196		2383.2730835154653
6617696	1195		2441.472415793687
6618712	1188		2343.1527726463974
6619731	1195		2456.459271784872
6620783	1243		2507.270997690037
6621741	1167		2384.855174323544
6622841	1222		2244.840261409059
6623901	1280		2378.067912524566
6624938	1280		2589.089253993705
6626080	1408		2741.1137244701385
6627028	1351		2647.9787154961377
6627929	1248		2621.25884969905
6629021	1308		2595.0346544552594
6630051	1309		2639.6888077259064
6631103	1337		2528.267890287563
6632096	1312		2507.692897701636
6633127	1334		2574.540531689301
6634258	1428		2720.03951443173
6635300	1433		2769.4138685129583
6636258	1366		2761.6588339172304
6637217	1315		2797.842245960608
6638308	1358		2686.988807139918
6639362	1369		2671.2318455204368
6640337	1325		2680.860241435468
6641439	1403		2825.939763875678
6642442	1376		2699.1852810587734
6643426	1346		2692.339312709868
6644511	1418		2751.4769329987466
6645606	1483		2919.4095607437193
6646599	1428		2822.9281141590327
6647658	1434		2858.847324969247
6648668	1411		2812.8773974105716
6649623	1352		2774.326025698334
6650627	1347		2742.284703301266
6651663	1340		2683.0243283789605
6652669	1332		2713.474001567811
6653723	1361		2743.845772985369
6654698	1332		2699.581325892359
6655696	1311		2741.0914728250355
6656695	1305		2658.9049367476255
6657778	1340		2586.126172326505
6658831	1365		2697.2874865345657
6659858	1368		2658.9044180046767
6660989	1471		2732.2734154500067
6662069	1499		2872.036492880434
6663087	1511		2942.383381202817
6664074	1467		2977.90322313644
6665127	1509		2933.1533577162772
6666144	1491		2895.8717933297157
6667077	1393		2780.611642671749
6668061	1371		2841.251738926396
6669070	1354		2733.484966127202
6670117	1375		2691.4403308592737
6671187	1430		2696.3594660125673
6672279	1486		2868.5696550216526
6673320	1505		3006.778824236244
6674381	1535		3046.6349055003375
6675400	1520		2895.1933624651283
6676383	1498		2987.671851489693
6677425	1515		3039.9929608628154
6678517	1594		3142.68016978167
6679590	1609		3253.7525792084634
6680555	1572		3239.545763988048
6681618	1608		3201.586622176692
6682710	1649		3244.0119510684162
6683754	1645		3279.062599156052
6684831	1688		3327.759902724996
6685857	1708		3445.7210544012487
6686960	1797		3658.556323926896
6687957	1761		3510.7238975632936
6688939	1737		3537.2939751986414
6689917	1685		3447.241600377485
6691031	1753		3397.08252373524
6692011	1718		3218.4137567747384
6692998	1677		3344.6776921544224
6694068	1733		3379.5451856907457
6695080	1714		3398.7746833432466
6696145	1759		3471.15345123969
6697217	1814		3539.3487514611334
6698249	1846		3628.893967581913
6699267	1826		3680.805803719908
6700300	1817		3653.859506431967
6701355	1822		3586.9809797033668
6702415	1855		3670.4470327887684
6703432	1859		3728.450620662421
6704394	1790		3743.1444171313196
6705359	1736		3497.077792055905
6706373	1745		3480.3266865145415
6707366	1729		3479.39251739718
6708436	1780		3542.039227711037
6709532	1865		3572.9194321781397
6710531	1834		3723.6735891513526
6711508	1765		3631.643365235999
6712594	1804		3590.373193724081
6713657	1833		3594.801628872752
6714651	1802		3571.8772176727653
6715580	1727		3466.117081440985
6716669	1810		3549.3623579479754
6717663	1765		3488.328658513725
6718657	1756		3528.3062685728073
6719691	1743		3535.797029003501
6720666	1672		3379.613840151578
6721675	1679		3359.8641572277993
6722625	1577		3254.1053215153515
6723714	1642		3254.4461162388325
6724734	1615		3198.5214039720595
6725829	1696		3288.162682617083
6726823	1688		3376.0107060074806
6727804	1656		3413.8078446425498
6728807	1646		3261.8085290100425
6729842	1669		3428.1429067943245
6730832	1650		3367.137008296326
6731896	1705		3393.566877828911
6732884	1662		3289.548117250204
6733937	1671		3362.262478047982
6734948	1677		3333.462597772479
6735932	1637		3376.878799730912
6736925	1619		3311.5574935730547
6737942	1620		3285.898221971467
6738888	1559		3116.3667306434363
6739984	1638		3215.251261221245
6740943	1595		3058.8086729627103
6742001	1621		3148.673749392852
6743086	1692		3320.06612236239
6744059	1653		3391.5581948943436
6745090	1666		3319.0731780827045
6746184	1720		3410.972432397306
6747251	1746		3525.2372712381184
6748339	1781		3443.01566535607
6749303	1744		3508.3792934510857
6750309	1747		3556.2406480796635
6751372	1767		3668.2982183080167
6752337	1721		3572.1448299624026
6753301	1646		3398.1096909809858
6754321	1651		3420.0105640888214
6755332	1636		3361.235603712499
6756280	1542		3176.24071793817
6757249	1469		3084.2439089585096
6758439	1609		3011.051977014169
6759427	1579		3068.3682432435453
6760434	1581		3112.5963189881295
6761418	1561		3156.5315471701324
6762494	1597		3121.7835952620953
6763469	1565		3048.3949750307947
6764578	1645		3218.514666488394
6765605	1642		3215.3242387454957
6766575	1578		3053.5705504901707
6767582	1583		3189.832879865542
6768602	1572		3139.6156285218894
6769651	1573		3117.7688053455204
6770746	1631		3283.445562677458
6771679	1535		3204.8909413907677
6772801	1642		3234.32925632596
6773800	1629		3279.317288214341
6774789	1606		3281.492607275024
6775829	1643		3234.2634395565838
6776878	1653		3135.9917034115642
6777897	1624		3288.2363943029195
6778928	1643		3267.4294660016894
6779966	1659		3290.66607212089
6780967	1631		3288.8432269133627
6781980	1630		3241.266996450722
6783022	1638		3327.1307520009577
6783988	1575		3209.0363334827125
6785034	1593		3203.1319456566125
6786177	1720		3241.107705006376
6787175	1674		3247.2539801392704
6788225	1708		3294.8620353955775
6789247	1717		3356.6741649210453
6790291	1734		3528.216858971864
6791293	1732		3488.101910157129
6792350	1778		3532.062546009198
6793303	1729		3558.1545790992677
6794325	1740		3457.693208489567
6795405	1795		3475.127689000219
6796400	1734		3429.117537021637
6797491	1784		3537.438824025914
6798529	1814		3633.5347531847656
6799520	1787		3576.2874135319144
6800606	1855		3634.931946411729
6801717	1959		3741.518373483792
6802796	1990		3928.40683192946
6803856	2006		4033.29846576415
6804885	2004		3926.5809702631086
6805817	1890		3952.4540788941085
6806858	1913		3988.5408428497612
6807927	1934		3772.4187223557383
6808994	1959		3881.362390043214
6809995	1948		3862.878063192591
6811083	2028		3976.3396732844412
6812112	2039		4044.233057646081
6813098	2016		4105.315178690478
6814119	2011		4015.70128759183
6815126	1990		4030.530067421496
6816178	2023		4037.6983558498323
6817188	2009		3990.924536921084
6818189	1984		4147.878363957629
6819196	1933		4048.1307680737227
6820162	1898		3956.3759879823774
6821185	1891		3876.30893535167
6822304	1996		3921.4368402007967
6823250	1917		3838.512471675873
6824294	1947		4001.503768529743
6825319	1930		3885.5294128097594
6826329	1909		3847.1188658010215
6827390	1929		3809.094927776605
6828435	1927		3837.656030125916
6829514	1973		3908.7373994998634
6830634	2054		4006.1252185646445
6831679	2095		4061.365925764665
6832644	2018		4024.6764926314354
6833752	2076		4203.156206380576
6834762	2036		4154.428591785952
6835736	1991		4115.997038859874
6836774	1976		4040.144201280549
6837830	2004		4009.725511709228
6838895	2056		4083.884392520413
6839913	2034		4098.5575934797525
6840893	1975		4047.815903754905
6841908	1988		3976.390086663887
6842968	2040		4011.123507540673
6843983	2024		4087.3082377165556
6845001	1998		4235.720804806799
6845981	1955		4113.0262608174235
6846996	1929		3870.0122820474207
6848028	1914		3826.3617730624974
6849037	1913		3819.1657401174307
6850092	1962		3883.0899899080396
6851111	1941		3935.759035376832
6852220	1999		4008.9719650894403
6853252	1972		3979.4431496039033
6854336	2005		3945.361586343497
6855340	1975		3878.083137786016
6856356	1955		3889.656364891678
6857408	2002		3986.9126679655164
6858442	2006		4067.1361840181053
6859512	2043		4072.983367891982
6860542	2064		4020.4828752782196
6861468	1970		3939.0161828547716
6862500	1965		4010.1903277412057
6863578	1995		3955.2174169886857
6864588	2004		3833.46778071858
6865639	2032		3956.820370716974
6866661	2041		4144.996623832732
6867772	2113		4156.822854164988
6868807	2108		4125.755630085245
6869865	2166		4334.346079789102
6870980	2274		4485.661566883326
6871994	2269		4464.967836489901
6873146	2407		4548.892771918327
6874186	2426		4668.68792485632
6875219	2448		4760.278704997152
6876293	2487		4860.230839762837
6877415	2585		4936.743849320337
6878458	2598		5060.863378180191
6879476	2614		5181.637994885445
6880439	2538		5191.638033946976
6881567	2644		5310.3838896322995
6882622	2687		5202.983315153047
6883633	2656		5168.168179901317
6884701	2679		5193.138295570388
6885641	2617		5211.639122316614
6886617	2543		5066.893401350826
6887571	2451		5016.659289281815
6888591	2454		4972.131806151941
6889631	2472		4967.390752922744
6890705	2509		5002.1729401070625
6891808	2591		5061.5367032215
6892933	2695		5240.933393765241
6893973	2714		5373.85565892607
6895003	2727		5386.6105347741395
6896001	2711		5355.978756582364
6897068	2758		5418.616201829165
6898052	2730		5442.860477954149
6899135	2773		5551.565651634708
6900204	2802		5483.82881093584
6901243	2820		5589.215184643865
6902275	2833		5704.081397347152
6903284	2833		5711.294627556577
6904390	2886		5669.444341203198
6905503	2950		5778.167710568756
6906540	2960		5813.820824747905
6907511	2894		5844.956657402217
6908517	2888		5833.1643414236605
6909562	2922		5758.452048981562
6910578	2931		5689.868807444349
6911582	2892		5686.317947935313
6912596	2867		5698.934408608824
6913629	2875		5638.744393527508
6914535	2765		5558.538308504969
6915580	2772		5632.70824347809
6916632	2803		5690.007518215105
6917656	2772		5584.242718463764
6918661	2766		5608.674621697515
6919685	2765		5532.300714129582
6920737	2785		5477.360592599958
6921736	2784		5519.589949002489
6922696	2742		5559.522503277287
6923691	2700		5489.092523628846
6924755	2731		5534.057209769264
6925763	2712		5389.225898338482
6926769	2707		5412.241310033947
6927807	2741		5487.8162763584405
6928808	2726		5418.0358600355685
6929814	2700		5459.07944461517
6930845	2723		5449.331234071404
6931873	2717		5405.324316674843
6932892	2713		5334.12385237962
6933933	2745		5438.462805280462
6935010	2778		5487.903864651918
6936051	2810		5504.898068614304
6937074	2787		5368.340968908742
6938061	2729		5389.698213420808
6939011	2653		5444.168803844601
6940034	2667		5414.1436750832945
6941059	2651		5426.423838159069
6942099	2648		5347.279440389946
6943202	2704		5359.095118472353
6944208	2700		5292.860127450898
6945202	2678		5289.016667235643
6946143	2581		5274.02504465729
6947207	2619		5381.59611531347
6948230	2629		5456.304072232917
6949237	2587		5336.929664924741
6950323	2628		5275.597886588424
6951324	2615		5204.776792889461
6952349	2605		5218.393369300291
6953369	2582		5261.604139298201
6954434	2622		5306.6564460247755
6955380	2557		5209.4404416214675
6956370	2504		5125.7032445296645
6957353	2485		5066.641360962763
6958371	2450		4881.7430777121335
6959462	2520		4910.310376616195
6960468	2517		4908.66214822419
6961406	2429		4865.452133430168
6962431	2426		4931.860798094422
6963409	2357		4756.398538617417
6964325	2273		4669.369653204456
6965388	2305		4642.30687799491
6966415	2279		4578.107746772468
6967492	2342		4657.817500624806
6968477	2322		4632.019881391898
6969464	2290		4598.31311186403
6970424	2244		4592.844363963231
6971414	2191		4472.578103914857
6972505	2234		4405.081987660378
6973588	2288		4410.12158767879
6974601	2262		4524.20856189169
6975634	2295		4583.249015880749
6976638	2272		4504.729455551133
6977659	2269		4561.523113841191
6978680	2232		4456.253798348829
6979674	2197		4383.472113121301
6980716	2197		4361.176379418001
6981738	2193		4274.3701132219285
6982824	2265		4525.20097945258
6983856	2263		4464.983027609065
6984840	2244		4474.261878931895
6985767	2169		4358.833391863853
6986862	2240		4402.327532285824
6987820	2168		4315.971182517707
6988864	2175		4399.3665341529995
6990012	2306		4539.958375509828
6991034	2282		4529.795756382868
6991971	2200		4442.694126363844
6993063	2253		4454.424107074738
6994101	2262		4446.714728495106
6995103	2258		4490.954535320401
6996100	2225		4365.735388364643
6997137	2259		4349.093867668882
6998178	2276		4489.434177108109
6999072	2170		4414.098059838638
7000039	2132		4331.698467519134
7001085	2129		4261.244474619627
7002081	2125		4258.844394745305
7003086	2118		4204.535419235006
7003975	2007		4175.984546747059
7004929	1941		4117.770448215306
7006027	2025		4029.558295065537
7007080	2063		4022.2625263202935
7008142	2104		4083.06885731034
7009209	2129		4005.744454951957
7010297	2164		4118.564991686493
7011394	2224		4388.027486791834
7012412	2219		4493.224048258737
7013413	2191		4420.278492441401
7014499	2233		4394.010983215645
7015598	2325		4502.093412626535
7016571	2289		4558.032773926854
7017615	2332		4710.767425660044
7018594	2306		4710.897578248754
7019623	2334		4629.217705762014
7020573	2248		4552.4278266411275
7021554	2195		4507.94465013966
7022579	2213		4556.73293495737
7023662	2260		4540.750424703583
7024746	2333		4553.1193441562355
7025788	2340		4600.075024597347
7026831	2370		4680.300816144794
7027769	2288		4583.3921987283975
7028814	2324		4558.390746848658
7029844	2331		4612.134824153036
7030892	2334		4687.417805271223
7031921	2335		4625.646326266229
7032935	2316		4536.329177312553
7033925	2287		4544.156594591215
7034929	2256		4527.150690367445
7035958	2223		4461.4721341617405
7036974	2211		4462.446772089228
7037937	2169		4386.890918713063
7038990	2199		4434.579606141895
7040088	2287		4488.2900065835565
7041092	2275		4464.503755243495
7042235	2365		4552.5807746089995
7043218	2334		4530.170903101563
7044230	2345		4659.584542445838
7045262	2357		4641.758780101314
7046285	2336		4562.35840423964
7047305	2333		4555.961291816086
7048229	2254		4532.716344941407
7049246	2214		4532.6057589538395
7050291	2238		4580.974491583183
7051290	2224		4516.957158694044
7052389	2290		4476.160205699503
7053432	2302		4432.80147036165
7054425	2251		4389.263263324276
7055417	2241		4509.823959933594
7056467	2268		4481.311172025278
7057432	2220		4285.635321635753
7058457	2206		4450.905026253313
7059479	2204		4426.123586026952
7060479	2188		4348.993900505826
7061516	2196		4419.961728418246
7062573	2228		4332.806006187573
7063567	2192		4301.4299648702145
7064654	2216		4354.005572427064
7065705	2256		4428.2803327497095
7066752	2251		4517.141416845843
7067850	2325		4592.612923478708
7068873	2287		4548.694764299318
7069937	2339		4614.289474152029
7070982	2355		4649.574201446027
7071974	2334		4673.83810194768
7073014	2359		4649.449070636183
7074055	2377		4697.2180533688515
7075013	2318		4620.033429104835
7076007	2279		4585.119981797412
7076970	2242		4484.865571517497
7077971	2243		4411.864322111011
7078973	2231		4463.523595158011
7079896	2128		4311.733994750306
7081009	2200		4382.598176021129
7082076	2265		4469.706735035405
7083105	2290		4467.466816153377
7084119	2251		4411.630823845044
7085210	2298		4528.830787427723
7086230	2283		4552.656258139759
7087328	2380		4682.4221272319555
7088470	2471		4758.863976992667
7089484	2475		4858.901389287785
7090531	2496		4853.5036764945835
7091498	2448		4829.542087974027
7092585	2490		4940.261575801298
7093661	2548		4996.02057082206
7094744	2583		5040.903848033398
7095808	2624		5010.241143254563
7096819	2590		5022.831540608779
7097885	2632		5173.611385470256
7098896	2591		5190.323901411146
7099835	2517		4972.898967944086
7100873	2544		5043.584433387965
7101885	2506		4992.59598864615
7102975	2561		5066.447205098346
7103992	2541		5115.401536699384
7104910	2438		5108.247494764626
7105898	2426		5021.806510174647
7106956	2456		5025.645345417783
7107952	2428		4867.608739981428
7108908	2341		4801.858187796548
7109931	2316		4813.046963505447
7110971	2324		4747.03775046207
7111979	2285		4690.609104981646
7112996	2298		4657.162247683853
7113990	2251		4520.7495388854295
7115049	2287		4602.453453607857
7116107	2318		4600.456307638437
7117185	2376		4686.932272126898
7118195	2376		4660.935897836462
7119230	2387		4668.403120517731
7120265	2379		4639.214714922011
7121365	2450		4732.309448098764
7122382	2456		4767.085820166394
7123379	2447		4841.091444838792
7124344	2412		4892.707574972883
7125373	2426		4873.9280156083405
7126364	2405		4822.481001244858
7127413	2420		4810.417712863535
7128439	2441		5003.742537343875
7129390	2388		4794.71686219424
7130407	2399		4750.099680781364
7131384	2352		4681.775336196646
7132403	2330		4750.218254756182
7133438	2357		4757.591615805402
7134512	2390		4783.917778190225
7135533	2380		4699.9965715464205
7136456	2282		4596.682681331411
7137451	2257		4589.0177025049925
7138508	2280		4584.874159749597
7139615	2355		4579.436652643606
7140685	2391		4635.253852231428
7141676	2348		4640.587235623971
7142666	2329		4659.6708252206445
7143662	2299		4609.487927537411
7144636	2266		4550.301401518285
7145614	2210		4621.109826352447
7146585	2166		4544.447135332972
7147554	2117		4397.846573263407
7148606	2167		4328.930994210765
7149781	2335		4450.105532458052
7150769	2320		4514.401528062299
7151731	2276		4623.487984603271
7152782	2301		4671.777090931311
7153770	2278		4601.015843426809
7154855	2309		4615.715632870793
7155890	2328		4505.266139185056
7156897	2323		4525.320632133633
7157866	2258		4559.6591410674155
7158890	2247		4534.612650882453
7159950	2288		4496.1114566568285
7160982	2308		4624.225313771516
7161947	2270		4616.821873223409
7162996	2265		4510.483926104382
7164120	2342		4420.572392614558
7165105	2292		4513.510526077822
7166144	2294		4607.603427380323
7167162	2286		4666.507112022489
7168200	2290		4555.724858336151
7169229	2299		4491.358438979834
7170367	2390		4597.810819050297
7171343	2364		4667.811292916536
7172434	2449		4771.183826636523
7173370	2360		4735.165774315596
7174345	2289		4711.764692217112
7175386	2310		4603.960622556508
7176423	2327		4608.918602356687
7177399	2273		4610.752779580653
7178438	2289		4539.474257692695
7179385	2235		4546.02211144194
7180457	2258		4547.206518478692
7181503	2287		4550.306794343516
7182513	2280		4662.761639837176
7183490	2250		4660.343592733145
7184554	2309		4643.6310705170035
7185558	2306		4573.381420912221
7186568	2284		4537.949552685022
7187651	2341		4579.356869047508
7188729	2372		4710.02611493133
7189773	2398		4824.891760153696
7190749	2330		4767.433877406642
7191737	2312		4730.7244633585215
7192859	2422		4723.263653589413
7193906	2445		4778.666578134522
7194882	2408		4733.354925164953
7195930	2418		4807.70164309442
7196911	2394		4816.747868126258
7197907	2343		4848.329197950661
7198948	2383		4870.232311422005
7200011	2427		4769.1804622374475
7200988	2401		4671.125577935949
7202001	2397		4707.639489041641
7203017	2382		4838.07393938303
7204195	2512		4974.554976508021
7205177	2464		4772.598262012005
7206224	2486		4989.364918190986
7207249	2503		4958.073727449402
7208266	2487		4915.813803829253
7209348	2540		4918.248338663951
7210318	2508		4973.434748772532
7211283	2468		5062.581828840077
7212315	2462		5067.864858420566
7213317	2464		5134.555925626308
7214327	2469		5020.48836120218
7215260	2382		4921.25268019177
7216254	2354		4916.518494563177
7217367	2435		4783.459012966603
7218368	2403		4675.019963236526
7219282	2276		4536.136932183057
7220251	2236		4621.202789502218
7221285	2259		4573.055839907378
7222395	2311		4607.392427990213
7223390	2297		4632.97100479342
7224356	2259		4616.482834041119
7225412	2310		4628.823385225609
7226451	2313		4584.883252561092
7227486	2334		4727.7514915224165
7228469	2300		4688.401893436909
7229466	2274		4561.73500732705
7230466	2254		4526.070683334023
7231497	2270		4550.352514985949
7232555	2326		4558.815030409023
7233575	2338		4548.225264575332
7234699	2442		4751.845183314756
7235746	2481		4926.139035239816
7236892	2583		4964.904804743826
7237909	2598		4964.650409959257
7238955	2626		5145.784628264606
7239924	2570		5142.823347803205
7240926	2548		5097.472949422896
7241971	2550		5034.440944891423
7243068	2609		5038.771678499877
7244107	2622		5105.203790128231
7245122	2609		5165.228649413213
7246127	2609		5237.3924483228475
7247136	2597		5158.465790821239
7248191	2623		5241.351226372644
7249197	2622		5226.421345118433
7250270	2680		5337.378533229232
7251246	2644		5352.168329790235
7252271	2660		5416.417907530442
7253285	2635		5317.519998317584
7254316	2631		5325.262693688273
7255365	2657		5314.406850066036
7256394	2647		5348.015981035307
7257469	2668		5358.894256407395
7258587	2781		5352.4774360936135
7259749	2895		5439.006588971242
7260783	2903		5542.504041742533
7261833	2912		5725.504223277792
7262839	2883		5764.397754043341
7263848	2858		5728.97004949674
7264901	2889		5692.268218202516
7265875	2836		5571.882005866617
7266917	2845		5701.501162460074
7267887	2790		5718.667738998309
7268902	2796		5649.675678988919
7269967	2814		5602.608063615859
7271018	2843		5620.458740318194
7272067	2892		5692.007030688226
7272964	2769		5506.955494089052
7274046	2841		5642.462649669498
7275011	2787		5565.209463687614
7276010	2769		5576.662765203044
7276990	2693		5409.476612247527
7278095	2757		5357.594656178728
7279096	2748		5342.089418366551
7280111	2755		5351.916192332283
7281157	2788		5550.558355797082
7282238	2841		5763.5271943267435
7283328	2898		5943.598212312907
7284352	2881		5992.937095936388
7285482	2968		6007.206439331174
7286453	2915		5908.2360821552575
7287457	2908		5777.774267369881
7288445	2883		5826.432727813721
7289475	2880		5812.501211522147
7290449	2830		5761.360755670816
7291472	2828		5775.978498876095
7292431	2768		5727.689437491819
7293469	2745		5644.5154821854085
7294506	2772		5587.791158372536
7295485	2706		5370.410037619993
7296592	2757		5471.661004168913
7297560	2719		5455.434981461614
7298598	2750		5388.279244972393
7299571	2720		5410.675047688186
7300526	2670		5405.490157810971
7301544	2676		5481.410539597273
7302628	2715		5371.3249126933515
7303676	2730		5329.05273809284
7304675	2703		5370.664999702945
7305705	2722		5385.538415700197
7306670	2669		5354.682353263721
7307689	2681		5322.620424663648
7308692	2654		5317.715985015035
7309736	2693		5349.947227410972
7310679	2620		5362.349180221558
7311666	2589		5301.981937464327
7312677	2557		5261.71159498021
7313743	2578		5223.149146735668
7314763	2552		5123.564080871642
7315765	2549		5136.350891094655
7316737	2507		5099.689053075388
7317767	2521		5014.984899945557
7318862	2563		4944.320230469108
7319921	2588		4958.7819313034415
7320963	2590		4954.263744838536
7321949	2554		5044.977984350175
7322919	2520		4994.443483632058
7323971	2568		4993.783915381879
7325032	2625		5139.163692576811
7326008	2574		5225.902438579127
7327073	2599		5292.498851198703
7328171	2659		5360.429801676422
7329154	2610		5231.967699775472
7330240	2650		5367.440551670268
7331295	2672		5412.142427679151
7332346	2693		5368.1401776243
7333324	2663		5544.764314388856
7334237	2524		5350.854497436434
7335238	2522		5218.996352771297
7336302	2553		5156.176917986944
7337318	2528		4972.862678425387
7338332	2526		4959.0503396149725
7339341	2513		5084.224383849651
7340444	2577		5130.593535270542
7341475	2580		5035.411076951772
7342508	2604		4999.875104244798
7343502	2588		5135.579803910106
7344470	2544		5140.7247464470565
7345494	2527		5234.828810023144
7346540	2539		5290.1200564317405
7347578	2552		5264.952323632315
7348577	2539		5192.628999823704
7349600	2561		5120.983274236321
7350589	2514		5043.899725243449
7351649	2563		5089.553995324299
7352699	2569		5150.323981728405
7353773	2596		5133.143845723942
7354868	2651		5128.883593304083
7355874	2640		5214.302554771304
7356835	2572		5252.562011945993
7357808	2519		5183.21444032155
7358857	2532		5174.83105044812
7359919	2543		5066.677747989073
7360815	2432		4896.543838523328
7361891	2461		4980.498284729198
7362909	2479		5061.896890871227
7363874	2437		4953.134300254285
7364925	2467		4915.312764639035
7365910	2428		4822.249545663595
7366927	2411		4852.1603468135
7367985	2450		4974.156055919826
7369020	2442		4931.38683664985
7370063	2480		4868.98939018324
7371109	2498		4954.783337047324
7372161	2521		5032.36537582241
7373230	2550		5092.580522004515
7374237	2536		5000.21611726284
7375256	2514		5060.518004801124
7376198	2444		4979.196290297434
7377240	2480		5070.174393104389
7378226	2452		4946.835744516924
7379250	2463		4927.79131305404
7380365	2527		5124.44914277643
7381441	2602		5111.557970728725
7382496	2650		5258.834083890542
7383577	2730		5364.418010799214
7384694	2800		5360.117260608822
7385749	2820		5433.687104936689
7386884	2912		5715.7828598786145
7387848	2875		5629.196031441912
7388888	2895		5624.666931882501
7389849	2812		5568.752581007779
7390906	2829		5668.562305869535
7391937	2858		5719.699850637466
7392942	2842		5648.36532109417
7393932	2792		5560.636503001675
7394908	2761		5632.550915500149
7395846	2661		5505.642188474536
7396885	2651		5516.035829037428
7397900	2652		5335.498473940417
7398896	2621		5167.950729820877
7399890	2583		5168.339972632006
7400965	2657		5298.591238569468
7402060	2699		5348.664402320981
7403116	2740		5454.358491815627
7404143	2757		5466.89888708666
7405154	2718		5441.643394071609
7406252	2777		5446.516406223178
7407277	2771		5492.463647129014
7408217	2708		5426.790902683511
7409180	2663		5368.735551286489
7410180	2661		5416.696227489039
7411171	2633		5240.9391431845725
7412179	2586		5199.107617922127
7413335	2699		5215.773375755176
7414426	2745		5202.883836910129
7415507	2792		5275.488292213529
7416572	2829		5413.961282111704
7417643	2859		5540.082426326349
7418565	2753		5399.207009345293
7419571	2735		5511.098409218714
7420673	2793		5507.336591159925
7421652	2767		5421.903799794614
7422601	2714		5340.3204207234085
7423576	2687		5458.9644566792995
7424629	2727		5668.473655663431
7425671	2746		5526.340198671445
7426718	2735		5473.0893123764545
7427706	2706		5414.443665264174
7428752	2722		5482.216657480225
7429861	2788		5585.412268055603
7430994	2876		5673.460621429607
7432036	2878		5687.562313837931
7433099	2915		5749.021301379427
7434142	2923		5862.944848576561
7435161	2924		5813.701601002365
7436159	2896		5782.520739354193
7437151	2854		5691.896544327959
7438131	2809		5720.70643081516
7439150	2818		5627.030262736604
7440175	2795		5580.352522449568
7441211	2808		5652.888134356588
7442152	2729		5649.934342091903
7443151	2724		5584.254711925983
7444185	2711		5474.035588666797
7445343	2828		5577.217056253925
7446313	2794		5524.33498708345
7447344	2801		5629.284102797508
7448334	2787		5698.867959311232
7449349	2759		5543.727763485163
7450350	2739		5464.531141841784
7451450	2796		5627.12248695083
7452450	2775		5577.578761726618
7453430	2738		5516.562714423984
7454440	2737		5459.049152731895
7455456	2730		5396.68289110437
7456437	2681		5395.952810263261
7457516	2749		5398.743150252849
7458565	2752		5464.031751167029
7459583	2749		5426.390273798257
7460695	2821		5554.18699131906
7461736	2842		5683.558435738087
7462759	2842		5608.902067940682
7463867	2942		5849.670715907589
7464840	2885		5782.341187033802
7465907	2933		5987.789757173508
7466805	2826		5872.447255756706
7467818	2830		5813.903782740235
7468843	2845		5739.531192418188
7469876	2856		5681.40268454887
7470846	2816		5672.4944241102785
7471830	2765		5615.0418485011905
7472760	2657		5482.502809600905
7473795	2683		5586.228209488094
7474887	2753		5532.646915523335
7475940	2804		5446.749012876302
7476976	2814		5488.216539274901
7478021	2835		5634.31830676645
7479109	2863		5676.063092382625
7480111	2838		5577.602371031418
7481078	2803		5639.529027398676
7482040	2734		5608.041547197849
7483048	2693		5463.3828527368605
7484118	2753		5482.673950999975
7485152	2761		5370.927066940814
7486222	2791		5567.723739342764
7487253	2776		5555.219285143539
7488254	2767		5563.684267409146
7489271	2748		5565.039856242016
7490218	2689		5465.260077603161
7491232	2654		5266.247822562233
7492206	2612		5221.888667862862
7493232	2600		5254.354834984988
7494259	2594		5238.45468628034
7495326	2610		5129.123353049159
7496418	2664		5280.080517033115
7497427	2666		5309.940533109009
7498428	2617		5207.253985833377
7499482	2644		5162.931141199544
7500574	2714		5221.645465431735
7501708	2803		5338.397509854287
7502655	2723		5395.28150405921
7503697	2753		5476.851148908958
7504667	2700		5571.849583508447
7505764	2740		5532.42456581071
7506745	2702		5549.843134799972
7507797	2704		5466.997844018042
7508791	2673		5417.5577606949955
7509743	2623		5363.339006390423
7510800	2666		5439.317522518337
7511846	2687		5377.8577621765435
7512840	2651		5340.707991473377
7513849	2633		5167.267199691385
7514842	2614		5294.671996416524
7515798	2522		5207.020080965012
7516800	2520		5162.48326671496
7517743	2443		5063.122662214562
7518815	2495		4963.230447059497
7519787	2464		4810.512027548626
7520803	2447		4729.017150664702
7521825	2453		4780.1652093771845
7522848	2461		4922.545645572245
7523877	2486		4972.160344835371
7524815	2390		4863.419237779453
7525827	2364		4871.920775484294
7526966	2473		5012.920006856322
7527925	2427		4846.834094656631
7528951	2428		4817.807508602738
7529970	2400		4867.97676663287
7530968	2380		4756.134613564238
7531990	2365		4851.8487327210605
7532971	2313		4724.764113392681
7534080	2402		4701.318429023027
7535103	2421		4689.543821727857
7536137	2446		4731.957070490345
7537179	2456		4712.668170809746
7538196	2461		4851.8003354314715
7539200	2424		4748.9994277618825
7540271	2458		4878.608194412664
7541361	2541		4971.7990134991705
7542406	2532		4961.506038021296
7543404	2510		5128.497169569135
7544399	2463		5106.213654661551
7545438	2478		5033.250583715737
7546662	2678		5253.04022760503
7547595	2587		5092.670482993126
7548667	2620		5186.977313077077
7549722	2636		5253.63318182528
7550780	2668		5299.385602876544
7551769	2630		5292.921152018011
7552813	2647		5254.150084935129
7553941	2746		5307.878103977069
7554973	2734		5387.798791337758
7555980	2717		5468.711698161438
7557053	2741		5441.317650042474
7558084	2740		5473.889378096908
7559077	2733		5503.299806162715
7560099	2711		5426.24120836705
7561074	2664		5322.923755642027
7562020	2598		5341.560931310058
7563000	2571		5182.154266530648
7563956	2505		5098.620102539659
7564991	2535		5060.662416597828
7566056	2551		4994.603765135631
7566995	2476		4925.70817758888
7568081	2519		5101.078740937635
7569129	2545		5149.836233522743
7570167	2548		5073.932158764452
7571156	2532		5106.749550797045
7572217	2539		5097.9047113619745
7573138	2441		4990.957485286519
7574153	2444		5010.24401024729
7575208	2459		4875.8250298481435
7576243	2486		4997.402724396437
7577300	2491		4979.472748992965
7578346	2492		4964.616360297427
7579379	2511		5034.6708442326635
7580484	2581		5209.596308281645
7581480	2542		5191.568185213953
7582481	2534		5160.290633529425
7583403	2448		4957.598636563867
7584393	2425		4968.579882366583
7585474	2489		4948.437205191702
7586456	2471		4920.736532412469
7587491	2482		4895.8154831063
7588572	2518		4991.748333167285
7589564	2503		4920.323524178937
7590633	2522		5018.501205360517
7591691	2535		4989.86491359584
7592658	2482		4905.6625567525625
7593667	2488		5013.829074025154
7594745	2546		5101.684488488361
7595743	2515		5107.862045032904
7596676	2423		4941.348074737936
7597760	2459		4945.702184051275
7598644	2335		4766.258634304628
7599686	2342		4772.639702005312
7600707	2322		4656.738123886287
7601690	2304		4567.143513705581
7602688	2288		4595.842659275979
7603742	2338		4700.379567487165
7604740	2317		4686.60305310227
7605826	2389		4706.729698790237
7606869	2396		4626.557003453374
7607937	2412		4739.863120721653
7608975	2405		4792.1965774782
7610020	2450		4946.469445638359
7611123	2509		4931.555949220434
7612182	2525		4823.101714877412
7613295	2625		5052.109005726874
7614333	2644		5088.250025641173
7615347	2631		5053.121292317286
7616361	2616		5097.128471797332
7617433	2677		5241.429660450667
7618508	2707		5347.645058201626
7619473	2669		5203.439542902634
7620517	2691		5334.994169544429
7621535	2656		5365.352298416197
7622604	2717		5482.253059167415
7623567	2638		5426.371896319091
7624568	2637		5360.096619166434
7625584	2627		5307.495633644983
7626619	2651		5159.625296212733
7627620	2628		5158.569407843053
7628643	2645		5320.781317869201
7629728	2681		5432.576716631651
7630778	2730		5421.943126749247
7631803	2708		5420.5458893012255
7632795	2696		5396.677842428908
7633771	2652		5419.2508352175355
7634667	2537		5276.2259028330445
7635751	2575		5283.634608028457
7636831	2626		5315.753672927618
7637865	2647		5236.2734366524965
7638840	2585		5197.68874242343
7639802	2539		5136.179493911564
7640871	2582		5204.649036793038
7641877	2552		5070.754412477836
7642912	2572		5163.916817091405
7643974	2591		5131.7242225036025
7645087	2666		5217.9430265482515
7646148	2701		5262.885232672095
7647218	2767		5380.148689998314
7648268	2795		5526.5319684408605
7649315	2834		5543.32577772066
7650303	2772		5617.20995419845
7651304	2724		5539.2586205061525
7652323	2727		5485.158264640719
7653318	2720		5480.322656510398
7654311	2711		5421.201013309881
7655228	2620		5278.719634447247
7656186	2564		5221.858677700162
7657242	2592		5253.2901058495045
7658260	2598		5120.613991737366
7659373	2697		5205.19983933866
7660418	2690		5216.115181878209
7661476	2697		5334.115958768874
7662448	2669		5247.471052424982
7663534	2748		5380.028105515987
7664583	2770		5327.308793120086
7665609	2771		5490.525967549533
7666707	2840		5576.237368596718
7667774	2889		5592.309368401766
7668827	2895		5428.232284685597
7669798	2825		5506.077726760879
7670828	2824		5657.627157622948
7671783	2749		5624.218608822674
7672771	2687		5458.2316521871835
7673772	2676		5507.701144536957
7674762	2657		5337.751871459186
7675764	2634		5205.427549822256
7676846	2661		5172.167573912069
7677872	2679		5329.9402909372
7678877	2684		5402.747041996568
7679904	2710		5469.153517305851
7680951	2752		5595.17377239652
7681961	2754		5467.760850701481
7682945	2737		5470.2497559301555
7683963	2741		5587.609204562381
7684982	2754		5552.966918017715
7685986	2719		5468.793184308335
7687037	2733		5387.624132188037
7687999	2670		5308.835863361135
7688988	2647		5289.550510900095
7689960	2606		5330.298357378691
7691046	2673		5452.415747685358
7692082	2690		5358.153112595901
7693086	2668		5396.882322652265
7694140	2697		5400.947958350182
7695197	2745		5532.774367535487
7696282	2807		5588.112484345213
7697405	2890		5677.372740454972
7698456	2902		5714.724265886471
7699519	2928		5825.655895000324
7700555	2932		5785.175915945321
7701540	2872		5641.558944240212
7702594	2864		5691.3193319085985
7703600	2868		5704.405701186508
7704580	2822		5707.32028696686
7705600	2829		5653.657281909138
7706651	2828		5700.070287719369
7707715	2869		5575.885096123442
7708747	2873		5511.912940418348
7709809	2900		5641.104252938181
7710865	2947		5700.795408708975
7711842	2898		5711.200810274109
7712851	2865		5738.097035082057
7713851	2860		5825.752696417272
7714838	2837		5822.666585927829
7715896	2853		5708.541124518961
7716986	2899		5743.666460612789
7717957	2856		5675.787044206634
7718994	2864		5773.807234551758
7720071	2902		5800.396824697033
7721106	2910		5795.312044560909
7722140	2929		5979.505208045244
7723193	2951		5818.315314905718
7724127	2852		5771.515189938247
7725193	2892		5873.283924801275
7726159	2845		5982.358488848433
7727140	2789		5761.409338256344
7728083	2719		5551.285464791581
7729151	2777		5572.502917857841
7730158	2757		5502.681752894074
7731150	2732		5413.9436577521265
7732226	2793		5404.938010351732
7733265	2795		5339.940537167713
7734217	2744		5315.145281437784
7735290	2799		5618.698418797925
7736272	2765		5536.797506837174
7737263	2756		5491.5524504594505
7738273	2725		5394.1375244781375
7739332	2766		5559.081162249669
7740350	2751		5529.285840254277
7741406	2792		5589.938026582822
7742379	2729		5459.702054833993
7743394	2719		5377.979439130053
7744403	2704		5441.030234342441
7745400	2700		5498.08825837262
7746404	2694		5434.38309812732
7747431	2703		5274.431116977707
7748502	2722		5384.034489875659
7749629	2828		5451.313996814191
7750641	2783		5450.694872310385
7751675	2807		5463.128450715914
7752650	2775		5521.552235029638
7753646	2743		5476.304537555203
7754616	2698		5499.795064045116
7755648	2698		5375.385653693229
7756672	2713		5344.976697137579
7757672	2710		5291.266261821613
7758641	2648		5284.404504073784
7759618	2612		5304.572101943195
7760639	2633		5292.508156200871
7761718	2709		5205.486495843157
7762766	2714		5224.304650055245
7763800	2679		5203.296212401241
7764861	2710		5317.066165938973
7765913	2729		5468.163920287043
7766926	2709		5559.6083065755665
7767926	2668		5510.010225057602
7768918	2645		5515.372095633298
7770033	2725		5592.538857975975
7770985	2662		5339.4821396861225
7771971	2623		5179.006464794278
7773060	2691		5231.393989617005
7774052	2660		5209.101949037984
7775064	2665		5253.308398645371
7776071	2620		5238.0162529964
7777104	2600		5177.680768001825
7778114	2593		5095.506872044876
7779151	2617		5329.510172247887
7780279	2716		5401.119471099228
7781321	2710		5400.9203337319195
7782360	2701		5396.559488181025
7783483	2807		5475.563191514462
7784554	2843		5508.257908638567
7785509	2782		5402.77309072949
7786586	2848		5725.203695524484
7787660	2883		5745.863942960277
7788616	2806		5664.158265510574
7789587	2741		5600.428442556411
7790574	2714		5609.705976320431
7791575	2700		5419.636900860816
7792612	2731		5391.608454398811
7793609	2709		5332.603031085804
7794614	2686		5351.882196471095
7795652	2691		5409.7728702537715
7796588	2619		5381.395367799327
7797609	2632		5415.21813021414
7798608	2616		5253.93199409917
7799676	2658		5255.9297196585685
7800809	2778		5413.5220029670745
7801780	2725		5435.929821699858
7802760	2699		5468.356492293999
7803790	2693		5406.978119978681
7804798	2691		5371.600234463811
7805728	2618		5343.293499235064
7806835	2692		5493.5918388180435
7807839	2689		5407.122432265431
7808868	2697		5402.540917262435
7809950	2732		5487.859151156619
7810999	2746		5571.929577788338
7811977	2690		5458.5488676689565
7812982	2658		5356.44064058736
7814001	2665		5194.133783156052
7815011	2654		5115.719308884814
7816022	2635		5223.535010440275
7817057	2665		5357.81138266623
7818109	2680		5454.284223476425
7819149	2690		5323.256494006142
7820083	2621		5171.737235201523
7821135	2661		5308.321960493922
7822094	2620		5294.13054363057
7823102	2580		5376.347471259534
7824114	2541		5225.792984852567
7825062	2486		5122.008876947686
7826053	2465		5028.38462183997
7827058	2433		4978.249267721549
7828059	2407		4952.017464958131
7829104	2416		4873.634574677795
7830163	2454		4976.412494190037
7831173	2420		4782.872284468263
7832269	2475		4824.7302662581205
7833304	2501		4842.180790681392
7834339	2494		4937.470031250268
7835394	2491		4954.922325061634
7836428	2472		5013.940481621772
7837462	2482		4938.877655414864
7838550	2544		4923.0427850186825
7839615	2570		4989.69976227358
7840687	2642		5168.933855954558
7841802	2744		5373.786435175687
7842837	2758		5508.182170383632
7843840	2740		5376.33089700155
7844913	2780		5554.205467587337
7846010	2858		5563.309303428978
7847075	2888		5655.7565468829125
7848135	2913		5729.659939382225
7849155	2900		5785.751575347036
7850130	2866		5841.99845906347
7851136	2866		5824.633412370458
7852264	2952		5902.4406752008945
7853248	2930		5910.3410691693425
7854247	2921		5921.453555036336
7855242	2884		5896.65724379383
7856267	2878		5843.38749579154
7857262	2832		5743.649111997336
7858271	2807		5766.480019208044
7859413	2912		5835.956553474069
7860352	2802		5667.291850794107
7861385	2814		5704.282929748297
7862386	2797		5746.536179579794
7863361	2743		5479.016613502055
7864475	2810		5595.698312420398
7865467	2791		5506.220146438107
7866522	2838		5675.478826394305
7867584	2875		5745.351132830605
7868577	2860		5705.010556794703
7869729	2973		5847.215750617906
7870819	3045		5891.172669593245
7871763	2963		5876.530096307397
7872755	2951		5935.78977493383
7873800	2971		5986.254750486463
7874844	2957		5842.987446229905
7875839	2932		5803.115798328072
7876837	2918		5865.243197131902
7877816	2884		5841.72377134487
7878900	2919		5831.539015740156
7880044	3028		5919.4155826978385
7881103	3057		5974.736593462527
7882181	3120		6193.975257704034
7883268	3178		6301.32584718056
7884326	3181		6311.908536920324
7885294	3134		6260.29752362147
7886328	3114		6296.444543180987
7887298	3076		6331.085577270016
7888383	3132		6298.578159062192
7889436	3155		6307.9361883010715
7890420	3125		6113.448416816071
7891371	3064		6167.137067934498
7892426	3072		6165.889549426734
7893455	3058		6145.287158997729
7894449	3047		6031.7183040343225
7895452	3036		6018.845631800592
7896414	2996		6067.495871875435
7897471	3043		6177.457764355466
7898517	3086		6236.279381722212
7899553	3072		6188.928389078006
7900568	3083		6183.655674349517
7901606	3118		6170.168533237651
7902706	3173		6143.013310037553
7903683	3145		6061.972851563245
7904748	3180		6171.777546206489
7905717	3113		6158.91548243165
7906724	3117		6237.076049448922
7907699	3060		6229.248285662383
7908748	3068		6151.530897999182
7909834	3132		6351.360723419115
7910880	3160		6349.406848628074
7911890	3148		6404.388388320804
7912875	3100		6311.355107074603
7913877	3076		6241.309800483286
7914875	3073		6177.074303243309
7915861	3047		6138.085113175213
7916875	3035		6162.221210487187
7917957	3071		6180.602203192189
7919030	3094		6162.293757118285
7919986	3005		5992.864328935742
7920998	3015		6046.108005668968
7922044	3027		6117.934334056452
7923109	3056		6066.896817501634
7924166	3077		6123.975282493979
7925137	3041		6102.3683255799115
7926165	3045		6167.354052044451
7927166	3044		6182.724752228707
7928163	2999		6043.132458651438
7929173	3005		5992.735608426854
7930215	3020		6020.981140814722
7931248	3048		6117.65593925491
7932238	3014		6080.15254460834
7933174	2944		6058.342851111665
7934218	2966		6089.9428336806595
7935266	2999		6130.039575923234
7936231	2939		5803.5476693268865
7937276	2940		5909.070519186556
7938286	2921		5869.787627758458
7939252	2872		5899.802514731884
7940319	2925		5968.646730706096
7941370	2932		5861.253938630223
7942363	2906		5824.122526753694
7943397	2918		5875.99818809703
7944395	2909		5877.734425989911
7945471	2929		5829.129804689437
7946463	2905		5758.089075116441
7947496	2932		5833.548590699211
7948493	2913		5845.7567820791155
7949580	2995		6043.623076628894
7950571	2981		6000.767228724435
7951593	2997		6085.341194665059
7952670	3039		5983.2327365241945
7953746	3095		6036.218923896551
7954743	3087		5977.591089991853
7955722	3045		5980.005102680996
7956723	3025		5994.797006167471
7957746	3035		6084.778581371531
7958827	3093		6278.645633148029
7959845	3077		6310.364362487569
7960874	3073		6289.1824171599
7961936	3113		6322.597539126873
7962903	3063		6113.533056939021
7963914	3019		5961.185329649597
7965026	3094		6015.690637866035
7965945	2993		5922.2984317597
7966921	2964		6025.322310745716
7968046	3069		6273.588461564854
7968996	3004		6223.336924085394
7970045	3027		6103.183666003868
7971036	2988		6194.699459599331
7972087	3002		6139.118481274694
7973096	2971		6037.1559133064
7974060	2917		5890.549530988559
7975138	2972		5940.516711749136
7976111	2903		5886.115552784875
7977194	2968		5890.943270174786
7978253	2989		5956.018699232489
7979317	3032		5954.222304364666
7980354	3013		6020.412812029943
7981368	2991		6071.126002561301
7982411	2985		6080.357665807009
7983465	3028		6121.569033609703
7984540	3072		6100.932920727879
7985566	3087		6052.272372189909
7986570	3070		6019.576359895989
7987604	3092		6065.83826292865
7988506	2965		6048.310049474239
7989463	2914		5938.6286796964705
7990466	2898		6065.458615647629
7991545	2943		5912.940656343475
7992609	2987		5948.88250332512
7993632	2958		5825.432233856991
7994668	2962		5973.397798266262
7995704	2986		5974.458597805351
7996804	3047		6064.084023516625
7997811	3027		5982.509393200278
7998732	2929		6002.179599316791
7999706	2891		5974.040722448379
8000590	2772		5879.347327452153
8001565	2740		5689.496217612177
8002539	2700		5611.389973923564
8003553	2682		5376.1520334314555
8004642	2732		5357.889091739431
8005709	2775		5412.535716501996
8006707	2765		5404.6364254280925
8007705	2728		5535.768720438704
8008709	2710		5519.185859847814
8009767	2754		5440.435786597431
8010800	2765		5306.592975636944
8011789	2716		5397.008485099301
8012788	2694		5443.501449435949
8013855	2722		5525.306015033275
8014897	2717		5508.540197597817
8015971	2759		5537.101095752791
8016914	2673		5466.895826430991
8018007	2740		5430.958942482248
8018994	2715		5486.895950131118
8020018	2731		5548.584591139108
8021113	2792		5605.1273006387055
8022136	2791		5445.777625730261
8023179	2803		5550.190645767376
8024130	2749		5537.697290230542
8025213	2811		5754.65008527413
8026219	2806		5705.679004540667
8027258	2810		5663.666974695399
8028294	2804		5556.698048485443
8029290	2741		5388.44471822679
8030294	2727		5424.31218155846
8031357	2778		5553.884942488745
8032479	2865		5501.571513263509
8033551	2908		5558.729706626385
8034594	2918		5622.710978187621
8035604	2884		5755.515585716814
8036617	2881		5754.240020086989
8037727	2958		5769.93090493232
8038767	2988		5726.667515264824
8039767	2987		5685.139651278034
8040827	3000		5789.337669013068
8041795	2953		5835.806192575023
8042807	2929		5880.211677834392
8043814	2924		5880.495868360624
8044987	3080		5995.424857867882
8045973	3065		5969.68978555128
8046942	3027		6020.03320748359
8047971	3023		6168.875222232193
8048987	3027		6126.602949053049
8050045	3036		6068.410417901352
8051074	3037		6071.614823142067
8052055	2972		6004.324583292007
8053127	2999		6027.336822763085
8054071	2917		5928.890494391322
8055048	2861		5867.716534053907
8056047	2836		5833.36263416335
8057023	2775		5683.9447433725
8058033	2767		5566.335111441091
8059075	2774		5582.809288853779
8060050	2730		5385.795711878687
8061104	2760		5492.958259254694
8062181	2788		5523.689728783444
8063204	2784		5494.960557810962
8064230	2783		5484.193029003218
8065302	2837		5530.682378692552
8066282	2797		5551.706826649606
8067321	2828		5558.920972829685
8068382	2836		5706.710175557062
8069405	2848		5702.290923047811
8070446	2855		5754.343686748296
8071382	2791		5693.053961655125
8072438	2800		5724.8615814540535
8073506	2835		5765.982759535313
8074563	2874		5703.099838387221
8075648	2917		5727.952940104529
8076711	2934		5754.778329899535
8077723	2924		5775.567471781746
8078719	2910		5795.645627563819
8079776	2937		5850.1002726741135
8080901	3026		5921.675911813974
8081898	3016		5888.816940965131
8082901	2978		5931.299848111346
8083891	2953		6032.535835005343
8084946	2978		6166.363601470366
8085992	2995		6119.479080678895
8086999	2957		5999.404601698741
8087965	2918		5862.46866094321
8088928	2863		5872.965668974444
8089957	2888		5864.818462284282
8090979	2884		5731.8451962172985
8092074	2970		5799.117885829881
8093137	3012		5866.292166901752
8094134	2986		5973.819915320724
8095122	2959		6040.529799891636
8096116	2930		5992.915664140135
8097091	2874		5807.672611992806
8098089	2862		5786.41796050407
8099126	2874		5827.738233093172
8100155	2875		5801.007007308304
8101180	2868		5735.678767498583
8102278	2941		5797.4256350863725
8103269	2900		5691.055470392108
8104353	2940		5848.277327362448
8105353	2902		5884.571387425065
8106263	2795		5774.860437920317
8107384	2851		5830.333000099286
8108482	2897		5869.349540095776
8109610	2994		5803.512718908489
8110698	3038		5924.104710360989
8111725	3032		5933.133479086682
8112835	3104		6167.956710631028
8113965	3185		6144.507953783497
8115051	3225		6188.6965924892575
8116040	3158		6099.697762599215
8117015	3108		6187.1572085395455
8117947	2996		6205.609060101211
8118966	3000		6250.694180691615
8120005	3019		6159.204986138269
8120979	2952		5945.2446928638965
8122008	2953		5821.648488756269
8123037	2949		5958.838345497847
8124007	2890		5803.234557835385
8125067	2924		5919.293611513451
8126101	2934		5929.566463198513
8127124	2951		5912.119798474014
8128176	2969		5907.474287865683
8129221	2993		5947.353437721729
8130305	3043		6026.415649000555
8131337	3068		6025.006145853549
8132320	3045		5900.243185844272
8133396	3115		6072.13495096378
8134477	3172		6159.155672369525
8135447	3114		6165.469998534769
8136510	3177		6311.6950105801225
8137530	3196		6332.900619465858
8138539	3202		6438.177178774029
8139548	3178		6354.4070790447295
8140569	3170		6479.615154772997
8141603	3166		6310.563166473061
8142643	3174		6360.511735575274
8143669	3183		6286.1214632783085
8144660	3142		6262.352048596367
8145624	3104		6243.458475442603
8146576	3044		6249.678660521284
8147618	3056		6268.8842253591865
8148667	3072		6252.647137003019
8149644	3040		6111.134659171104
8150591	2950		6054.778076969087
8151547	2889		6015.579184567556
8152534	2873		5958.357970274985
8153543	2835		5844.7815864905715
8154547	2801		5586.302081508562
8155596	2836		5439.379995986819
8156621	2841		5521.591545719653
8157629	2815		5667.096041912213
8158646	2797		5818.344800369814
8159642	2779		5732.070928739384
8160666	2760		5527.553775295615
8161653	2708		5385.176213040948
8162753	2773		5499.856952589005
8163649	2666		5474.151370789856
8164682	2644		5411.522613245994
8165708	2633		5354.103746585548
8166726	2617		5126.523031221703
8167798	2683		5234.649079859257
8168774	2636		5355.046112516895
8169778	2602		5310.791040446609
8170791	2615		5262.739864837378
8171796	2580		5099.726116830483
8172850	2618		5184.151350183412
8173942	2676		5278.643079755828
8174932	2622		5273.3194421343505
8175935	2596		5320.590285526589
8176943	2595		5334.716079488397
8178060	2675		5354.685735875741
8179065	2647		5237.1524114552885
8180024	2603		5291.056365950033
8181075	2632		5394.106035357341
8182086	2597		5305.815442044288
8183122	2611		5313.510201547295
8184230	2709		5364.90606578812
8185172	2650		5281.30367715843
8186239	2658		5322.090918110684
8187222	2608		5285.421578729525
8188279	2649		5248.58932732977
8189272	2610		5255.575684860349
8190314	2627		5260.1176322847605
8191310	2612		5370.747086644173
8192350	2637		5281.387455917895
8193394	2669		5319.117058221251
8194389	2654		5244.755046496168
8195463	2703		5376.546675575897
8196500	2733		5522.03646456264
8197483	2697		5441.0859618429095
8198407	2588		5310.744244677946
8199420	2582		5241.688230169937
8200389	2519		5069.777942772955
8201391	2513		5032.0047918222845
8202363	2483		4953.490338977426
8203330	2447		4742.380824724212
8204346	2430		4870.147460877895
8205381	2461		4934.346200089902
8206470	2546		4915.121409127489
8207575	2616		5023.792724281549
8208587	2597		5161.6174361296
8209579	2581		5214.11021431908
8210595	2580		5275.474534399807
8211590	2566		5221.341389212757
8212566	2530		5188.284680336714
8213559	2498		5113.026375712827
8214572	2491		4995.015955841169
8215580	2493		4912.279111633077
8216589	2458		4823.565417613834
8217646	2509		4976.015462199226
8218627	2485		4970.645302098244
8219688	2540		5077.4293394088745
8220766	2596		5188.471869407222
8221755	2551		5037.76657131128
8222877	2659		5171.379536334425
8223969	2707		5193.738392161205
8225045	2753		5315.818958276883
8226158	2863		5532.441619539633
8227240	2901		5525.506734739989
8228274	2887		5634.575416041538
8229365	2962		5850.332119880244
8230382	2973		5733.451584888622
8231367	2950		5717.397571090609
8232420	2997		5788.795109761879
8233497	3050		5955.549428367987
8234545	3073		5876.444759082049
8235485	3000		5787.605372775346
8236524	3007		5836.341320725158
8237602	3076		6030.377751780674
8238613	3083		6109.931499816477
8239724	3172		6164.276806635782
8240766	3205		6278.752313185483
8241825	3225		6316.038609288633
8242838	3185		6338.42837099731
8243860	3156		6219.042868755758
8244871	3134		6250.480786951259
8245784	3014		6268.200738023967
8246741	2923		6160.915851354599
8247780	2935		6055.916795967147
8248752	2900		5880.276892932132
8249816	2940		5825.150740204379
8250913	3009		6022.8524622339755
8251934	3015		5974.979540808126
8253000	3055		6053.757753407583
8253952	2986		6014.324646081775
8254984	3005		6121.568146759644
8256030	3002		6039.07514064014
8257037	3008		5955.434852072969
8258076	3019		5923.667450753972
8259043	2986		6041.999672429636
8260081	2989		5979.81482595019
8261097	3001		5957.301416074857
8262187	3087		6100.282173546031
8263145	3043		6054.465555805713
8264117	3013		6091.367964010686
8265178	3045		6091.622522437945
8266211	3046		6044.090665454045
8267231	3035		6016.039407137781
8268411	3168		6294.317644678056
8269475	3205		6391.283134428784
8270484	3178		6361.981155429035
8271488	3167		6485.863313736394
8272561	3184		6620.72592841275
8273591	3192		6465.1517134308815
8274643	3180		6342.425350410864
8275666	3166		6335.41310104914
8276686	3150		6299.445679673925
8277689	3141		6295.167873317376
8278628	3030		6133.739778991789
8279625	2984		6080.616614455357
8280611	2949		6062.51883312501
8281591	2921		5909.347181675956
8282603	2872		5784.596456652507
8283678	2926		5835.832729404792
8284688	2929		5769.095294266939
8285704	2912		5802.876578228548
8286726	2901		5943.33415421471
8287737	2903		5906.848242530599
8288760	2888		5766.603365115821
8289744	2833		5664.627519255504
8290796	2853		5587.326381187886
8291812	2858		5616.676433259621
8292833	2879		5744.072798533365
8293830	2835		5698.6100544296205
8294897	2875		5732.138932434842
8295909	2875		5643.664515409619
8296886	2807		5568.76719269529
8297924	2813		5590.964587779716
8298902	2749		5492.299172407016
8299903	2704		5418.49166495353
8300962	2714		5426.036847786978
8301974	2685		5396.730807805434
8302965	2673		5406.485763235018
8304049	2709		5375.968875797465
8305099	2724		5391.659826889634
8306114	2702		5398.99747547321
8307211	2744		5403.763066815212
8308248	2776		5472.092719400302
8309357	2857		5597.9878152702
8310363	2856		5653.3765463698655
8311339	2795		5646.479540117085
8312280	2733		5507.681707745418
8313292	2724		5404.951167702675
8314391	2782		5440.161358498037
8315370	2727		5426.432123653591
8316406	2752		5532.837114254013
8317426	2735		5591.498407803476
8318502	2771		5583.619401231408
8319492	2745		5507.32776507549
8320519	2742		5406.931692723185
8321557	2740		5455.602701650932
8322566	2742		5474.34185141325
8323596	2731		5489.381200538948
8324663	2782		5538.667339136824
8325686	2758		5497.16709305346
8326790	2826		5519.510430201888
8327819	2837		5473.283248856664
8328896	2865		5533.109710549936
8329935	2881		5716.725944656879
8330915	2817		5665.237614192069
8331873	2770		5618.74715013057
8332845	2736		5661.172899032012
8333824	2700		5605.604828279465
8334946	2796		5550.273580268025
8336022	2846		5651.323108080775
8337053	2841		5591.345823226497
8338022	2808		5657.121282098815
8339071	2844		5685.270661212504
8340118	2855		5679.506516300142
8341142	2872		5586.882256940007
8342241	2936		5620.607932103798
8343223	2912		5613.67078900151
8344225	2873		5685.698263080791
8345278	2918		5780.09983096458
8346296	2935		5781.6493653114885
8347377	2972		5749.079225016758
8348373	2968		5859.262322179973
8349346	2931		5879.408224036917
8350308	2879		5828.730009671301
8351309	2880		5777.778299048543
8352262	2795		5653.490399148315
8353219	2713		5659.203644545749
8354205	2674		5575.527269469574
8355298	2746		5465.203172173351
8356259	2707		5448.027430649847
8357308	2710		5507.230882264674
8358359	2715		5505.009393731132
8359414	2746		5507.261559393257
8360426	2744		5416.1378185376525
8361564	2836		5562.149194475263
8362538	2805		5465.245519189164
8363553	2771		5554.393236629665
8364587	2781		5571.14567011036
8365733	2883		5610.040759012103
8366830	2955		5685.282714853063
8367888	2984		5652.451662842184
8368940	3026		5849.703364325687
8369951	3021		6008.5920637995005
8370950	3013		6109.864198410884
8371993	3039		6075.878450665623
8373042	3037		5966.297070557252
8374045	3007		5925.108077414334
8375072	3019		5991.507169315591
8376035	2981		5868.212359197438
8377060	2991		5865.507717071101
8378057	2967		5847.568697839975
8379068	2977		5900.287247585133
8380105	2974		5830.410823054612
8381132	2960		5836.995142154396
8382158	2982		5913.928056064993
8383248	3041		6069.903567671776
8384224	2982		5993.475093759596
8385310	3018		6054.475202590227
8386266	2952		5835.952134657651
8387330	2985		5862.146723261103
8388372	2983		5820.03721367009
8389482	3058		5992.636800752953
8390459	3011		6073.7580877915025
8391467	2989		6048.0942137707025
8392442	2926		6027.558947106823
8393508	2980		5952.403348682448
8394550	3001		6053.99347262457
8395568	2990		5972.759273465723
8396621	3008		5977.968005146831
8397659	3032		6028.519259702414
8398728	3051		6097.158701866865
8399785	3092		6136.894799806178
8400767	3062		6107.790987353772
8401792	3084		6134.034618537873
8402806	3077		6212.9489420726895
8403859	3108		6227.686612185091
8404799	3024		6262.282752946019
8405771	2986		6039.106443431228
8406849	3060		6131.116141181439
8407856	3037		5936.994652282447
8408877	3029		6075.646957732737
8409837	2982		6089.634197834879
8410920	3041		6153.548824124038
8411933	3026		6037.6163193285465
8412939	3007		5899.25818470493
8414063	3099		6003.705156378448
8415123	3114		6030.819062173367
8416128	3117		6080.79190229252
8417138	3102		6136.209917906672
8418102	3052		6158.334990881383
8419091	3015		6097.2023088485
8420162	3045		6131.831864073873
8421184	3052		6036.314883414656
8422158	3009		5974.243252128363
8423268	3076		6139.15930731222
8424188	2988		6078.047344453633
8425155	2915		5925.49321077764
8426171	2930		5952.725658111274
8427207	2923		5800.145509466529
8428255	2919		5779.350704908371
8429226	2890		5800.38655250147
8430248	2860		5694.617352850735
8431299	2872		5734.095317751169
8432337	2898		5787.466539055109
8433355	2912		5798.549413822591
8434408	2937		5884.810017444193
8435401	2910		5834.729697078466
8436398	2878		5743.836132586002
8437403	2856		5659.288339063525
8438373	2799		5687.275667633861
8439446	2827		5710.4513492919505
8440436	2812		5741.9592537768185
8441447	2821		5674.919105064124
8442444	2784		5611.297883693129
8443490	2829		5724.527846250683
8444509	2829		5683.054943125695
8445471	2774		5576.623340971768
8446458	2722		5600.296016100794
8447431	2674		5604.23776102066
8448481	2694		5438.121068395674
8449532	2692		5394.038042850792
8450566	2723		5271.684272263199
8451615	2720		5300.106405291706
8452626	2696		5483.339888505638
8453627	2676		5445.486228857189
8454687	2724		5344.774650547653
8455613	2648		5200.849011801183
8456669	2695		5300.397806748748
8457707	2720		5284.754997007549
8458686	2696		5312.4843380488455
8459716	2712		5463.171328023076
8460790	2763		5536.577402431518
8461811	2771		5569.088616531342
8462806	2730		5335.766005527228
8463896	2773		5518.977274086326
8464966	2811		5531.432155333459
8465968	2806		5486.109999760985
8466925	2736		5545.244365796447
8467970	2781		5576.727113857865
8468946	2735		5548.301955632865
8470041	2798		5617.611311152577
8471061	2785		5657.703255590051
8472103	2782		5661.652406811714
8473162	2804		5617.546215806156
8474196	2811		5530.165685757995
8475246	2838		5543.071528106928
8476221	2792		5477.645924814045
8477175	2742		5433.079993605614
8478217	2767		5483.6966816447675
8479193	2700		5454.662849038839
8480200	2707		5428.363553829491
8481241	2733		5538.0687892995775
8482305	2747		5483.898648183793
8483323	2725		5508.706411134452
8484368	2727		5494.326962497085
8485456	2769		5534.366706807166
8486513	2784		5462.937009125948
8487476	2736		5348.377606846392
8488460	2678		5385.603646032512
8489458	2658		5327.361053571105
8490515	2710		5426.242360506207
8491584	2757		5466.129982288927
8492611	2765		5553.640011884272
8493617	2764		5591.734723452479
8494596	2730		5518.282987646759
8495630	2755		5519.90657908842
8496706	2798		5577.425101507455
8497754	2803		5534.73690970242
8498832	2852		5656.743467692286
8499846	2853		5654.191969409585
8500932	2907		5718.3912961483
8501936	2906		5737.211065497249
8502902	2859		5721.7718836553395
8503992	2905		5926.628541693091
8504961	2856		5883.747463990003
8505985	2845		5846.395726621151
8506968	2799		5714.864280935377
8507982	2774		5679.579184155911
8509073	2811		5663.981201969087
8510161	2839		5692.636947803199
8511069	2730		5556.419839885086
8512111	2745		5478.796404503286
8513179	2764		5440.418358054012
8514230	2773		5430.118314564228
8515224	2741		5446.117177337408
8516375	2851		5521.988136988133
8517450	2903		5580.3730156086385
8518516	2936		5671.009121660143
8519553	2924		5829.224028136581
8520601	2934		5841.798867203295
8521742	3030		6004.944600816816
8522764	3014		5908.091919038445
8523819	3011		5892.426606092602
8524798	2983		5966.094989210367
8525796	2958		6046.582443840802
8526870	2982		5952.6246584020555
8527880	2961		5965.46458889544
8528845	2900		5854.209475424141
8529841	2886		5901.21393622458
8530879	2917		5921.346931166947
8531778	2805		5770.234379079193
8532818	2791		5757.842359025031
8533769	2742		5622.373923968524
8534786	2744		5546.242585282773
8535838	2748		5533.017812550068
8536992	2888		5629.064817104489
8538030	2884		5689.826409161091
8539141	2975		5898.593716848642
8540261	3055		6026.806091938168
8541242	3018		6050.160428874195
8542280	3038		5994.150790795684
8543251	3005		6022.004926107824
8544300	3008		6017.240174613893
8545340	3011		6099.290122892708
8546401	3042		6079.4739525690675
8547384	2993		6117.8564031384885
8548459	3032		6100.747571200132
8549471	3006		6147.708139549941
8550462	2980		6003.508508168161
8551523	3022		5996.557788889855
8552494	2978		5914.147674236447
8553470	2911		5824.776441283524
8554469	2879		5880.460398107767
8555532	2903		5816.567209608853
8556520	2879		5752.945086866617
8557559	2905		5828.994122911245
8558546	2885		5836.180251229554
8559576	2890		5903.002025038004
8560651	2931		5874.777706999332
8561658	2894		5761.606938377023
8562711	2918		5786.682890634984
8563703	2878		5810.771055396646
8564725	2868		5780.834355887026
8565734	2872		5770.614016663283
8566788	2913		5765.1383910775185
8567792	2893		5847.852446295321
8568841	2898		5919.478721920401
8569943	2994		5953.439562980086
8570886	2930		5860.870386581868
8571929	2943		5936.127515811473
8572959	2960		5988.248751763254
8573976	2950		5893.810985319316
8574949	2888		5848.297323577106
8576025	2950		5960.769404549152
8577088	2969		5897.324319969863
8578095	2948		5935.405570171773
8579118	2933		6051.539162520319
8580244	3022		5994.819991450757
8581267	3004		5963.602521799505
8582355	3041		5926.149636786431
8583317	2997		6045.726641505957
8584358	3032		5972.068237479776
8585319	2949		5943.702620115131
8586377	2958		5921.640143692493
8587447	2991		5985.216132123023
8588490	3020		5999.943691365421
8589484	2994		5992.516256093979
8590500	2968		6046.255115058273
8591500	2919		5923.465117931366
8592546	2937		5945.5764727555215
8593573	2926		5913.16212747246
8594601	2944		5844.992983657867
8595661	2975		5910.434310309589
8596742	3009		5904.640751417726
8597770	3028		5887.441505972296
8598734	2970		5889.990528497845
8599751	2977		5931.901978440583
8600791	3012		6076.776095699519
8601850	3060		6107.6654238551855
8602872	3078		6128.003119185567
8603862	3056		6074.536380507052
8604874	3052		6050.123805612326
8605912	3032		6077.868812322617
8606889	2974		5999.221150241792
8607942	3007		6088.0529293604195
8609035	3056		6084.844021100551
8610014	3032		5998.893279641867
8611058	3026		6018.330373104662
8612096	3031		6062.883984271437
8613142	3047		6048.732696291059
8614191	3062		6073.050547204912
8615191	3059		6139.316183313727
8616260	3101		6156.685144800693
8617327	3126		6185.156875189394
8618304	3088		6146.658926781267
8619307	3083		6181.80417149514
8620326	3074		6155.38254602626
8621371	3108		6090.8768859915435
8622329	3035		5923.177411094308
8623369	3038		5973.669440623373
8624361	2991		6102.039207153022
8625401	3004		6042.067689619958
8626463	3015		6048.465091530234
8627491	3040		5921.230115197599
8628551	3080		6035.976229116321
8629593	3085		6108.524508688599
8630640	3110		6224.881453949958
8631720	3185		6325.280974123627
8632746	3193		6375.621706921607
8633763	3176		6301.3311194218695
8634805	3171		6354.7025724723935
8635881	3209		6365.895568519831
8636862	3151		6299.120940100402
8637868	3126		6240.699018958956
8638843	3075		6188.737551342696
8639887	3074		6196.903844635934
8640976	3125		6228.014930989593
8641976	3123		6173.892764873803
8643037	3150		6199.377891950309
8644100	3183		6287.698816910386
8645161	3189		6307.944816224277
8646205	3193		6350.881486337632
8647275	3234		6432.736394066364
8648299	3212		6443.367452904582
8649345	3223		6471.494945202023
8650421	3269		6532.828034926206
8651348	3191		6350.592284042388
8652498	3295		6518.348760921508
8653527	3311		6602.908605795354
8654598	3324		6566.346006859094
8655549	3269		6617.37165234983
8656563	3259		6542.980846595019
8657605	3267		6618.125755760819
8658689	3350		6629.4791705310345
8659721	3372		6754.128915820271
8660663	3296		6701.478965166956
8661673	3279		6759.013003900647
8662780	3359		6937.877753466368
8663782	3314		6709.592935942113
8664797	3293		6527.753998938948
8665855	3320		6549.51839762181
8666844	3285		6681.105656862259
8667828	3233		6635.341213151813
8668785	3179		6686.37419103086
8669828	3202		6610.645684514195
8670803	3174		6497.127400398254
8671777	3127		6366.065147746354
8672857	3189		6391.132363352925
8673880	3206		6407.155575398356
8674949	3260		6281.889375142753
8675979	3280		6285.716179203242
8677050	3337		6413.799904126674
8678078	3342		6631.045862551779
8679061	3316		6644.540352459997
8680090	3338		6780.030606888235
8681132	3351		6699.153126016259
8682140	3328		6742.90244628489
8683235	3367		6640.74518219009
8684216	3327		6581.3423002026975
8685249	3296		6494.345185067505
8686261	3272		6609.774357661605
8687235	3214		6556.512302279472
8688239	3175		6480.668094612658
8689252	3135		6336.591426320374
8690226	3104		6182.032707680017
8691280	3126		6256.867654439062
8692303	3144		6278.438721958548
8693328	3134		6462.030564632267
8694387	3158		6415.532860364765
8695328	3076		6292.797061167657
8696299	3042		6170.295787699521
8697365	3058		6280.123918641359
8698358	3048		6236.2231183461845
8699364	3024		6120.615586813539
8700350	2999		6024.312980066985
8701386	3019		5983.704605016857
8702354	2987		5990.957181163132
8703334	2934		5875.583470482379
8704358	2925		5906.857151418924
8705372	2909		5931.080206956714
8706423	2938		5805.779419977218
8707411	2902		5792.210594162345
8708371	2859		5738.882407631725
8709352	2834		5818.020618967712
8710389	2823		5818.267301551998
8711358	2774		5701.8930623196065
8712389	2784		5561.779512699693
8713490	2868		5732.07594531402
8714470	2827		5613.091970887035
8715461	2769		5568.830557703972
8716512	2789		5506.603174377233
8717532	2806		5482.105145320296
8718551	2807		5451.276761572808
8719493	2709		5397.800010826439
8720556	2710		5448.340559326112
8721458	2608		5311.35299635306
8722513	2611		5290.361110031605
8723522	2593		5192.505710903555
8724608	2656		5304.573362808675
8725604	2647		5225.432318333536
8726634	2639		5284.0111975856125
8727680	2683		5418.9286415837705
8728657	2639		5344.45576473698
8729693	2650		5372.764699745923
8730674	2612		5294.138646502048
8731743	2673		5367.9045390971005
8732836	2728		5359.580912850797
8733845	2733		5369.07470227778
8734937	2791		5393.0280828513205
8736004	2821		5546.710721515119
8737055	2847		5722.727311324328
8738138	2910		5836.090196680278
8739254	2974		5848.856887135655
8740341	3027		5783.389428835362
8741376	3043		5835.628396157175
8742393	3045		5931.109070863575
8743353	3001		5980.078381165862
8744375	3017		6034.203963078558
8745352	2974		6029.460960112512
8746324	2920		5899.838258229196
8747331	2909		5910.5757617503405
8748246	2822		5761.76523828879
8749389	2924		5718.187008421868
8750419	2944		5827.067977722734
8751518	3029		5851.0803480781615
8752500	3008		5885.406630977988
8753588	3050		5862.749762646854
8754642	3086		6014.072665911168
8755666	3067		6141.6710870191455
8756659	3021		6075.378648076206
8757641	2994		6092.0909261628985
8758677	2976		6028.926632847637
8759704	2977		6034.02795881778
8760821	3079		6165.120128598064
8761809	3064		6166.623407322913
8762867	3059		6063.13856453076
8763843	2986		6118.828579954803
8764829	2927		6086.742144368589
8765873	2969		6226.833037398756
8766968	3030		6087.290506906807
8768040	3042		5973.413020431995
8769004	2984		5862.455773908645
8769988	2937		5936.692695647478
8771068	2993		6031.419516365975
8772115	2985		5976.4306157156825
8773133	2979		5839.777009919286
8774089	2908		5876.925949525088
8775108	2907		5914.776790469885
8776101	2868		5902.059988327324
8777046	2808		5672.595624294132
8778041	2791		5605.366812683642
8779099	2832		5568.056801728904
8780120	2843		5579.674396440387
8781182	2875		5550.587789922953
8782134	2821		5680.380226992071
8783150	2830		5724.489291574806
8784140	2808		5677.6006202585995
8785168	2797		5623.588449314237
8786226	2853		5629.732677843422
8787221	2821		5596.549816746265
8788213	2774		5487.055340599269
8789178	2696		5421.466163143516
8790192	2661		5509.251327719539
8791168	2582		5334.091834869236
8792122	2526		5129.270814720541
8793172	2562		5145.10748167336
8794224	2567		5161.9966064579785
8795257	2563		5179.742947459221
8796262	2561		5120.134521950036
8797293	2566		5109.7716239616275
8798289	2554		5122.894966479391
8799279	2500		5071.5821601338685
8800256	2460		4981.031196407974
8801267	2452		4894.123636525124
8802354	2521		4944.912075277418
8803379	2520		5011.771118778735
8804430	2544		5113.592375032604
8805477	2579		5115.534191466868
8806496	2575		5039.5181198865175
8807538	2606		5142.965106219053
8808546	2593		5301.942973013967
8809564	2573		5229.5443183891475
8810638	2637		5193.484558783472
8811594	2592		5173.045508086681
8812596	2576		5129.599778972566
8813610	2580		5091.8759756051
8814631	2576		5117.081115067005
8815765	2675		5314.753582648933
8816695	2601		5212.245864134282
8817734	2613		5255.429083332419
8818793	2632		5313.594836443663
8819898	2711		5330.748867493123
8820853	2664		5295.481171667576
8821858	2626		5369.473406679928
8822857	2611		5398.791821952909
8823807	2552		5146.350561790168
8824854	2552		5146.290954876691
8825880	2524		5075.408261284232
8827003	2623		5164.8740785345435
8828028	2607		5099.844989031553
8829108	2624		5249.4828091822565
8830067	2564		5256.0669927001
8831109	2587		5222.467599440366
8832162	2603		5192.3970814831555
8833246	2648		5196.455153193325
8834313	2683		5271.10829610005
8835381	2707		5319.104067813605
8836358	2645		5219.106216687709
8837291	2561		5149.003407560289
8838288	2552		5204.609599877149
8839345	2607		5203.2218476086855
8840473	2675		5266.308984380215
8841538	2701		5269.730270892382
8842551	2664		5312.44448171556
8843599	2679		5352.297172099352
8844619	2664		5319.94781281054
8845652	2675		5320.077086370438
8846635	2616		5384.611106630415
8847657	2613		5329.157413572073
8848701	2629		5347.425901725888
8849707	2619		5261.7696138210595
8850781	2669		5303.639818415046
8851842	2689		5316.360569044948
8852913	2724		5340.161289565265
8853887	2694		5425.068625565618
8854907	2680		5570.43226474151
8855957	2693		5691.804120849818
8857101	2778		5627.153403714299
8858133	2770		5580.183793522418
8859211	2805		5534.43249899894
8860236	2800		5638.189168035984
8861194	2729		5592.704543251544
8862173	2674		5522.073924724013
8863156	2638		5417.5884404070675
8864255	2704		5394.423888988793
8865266	2709		5292.204897716641
8866306	2723		5363.8188751377165
8867325	2710		5462.899709124118
8868373	2749		5565.900357507169
8869392	2744		5632.6108924895525
8870333	2666		5477.7757144756615
8871443	2737		5576.829810533673
8872428	2710		5494.967092067003
8873401	2669		5397.715486481786
8874426	2688		5530.414996456355
8875385	2614		5372.227301850915
8876451	2666		5413.028019711375
8877444	2643		5354.450408510864
8878423	2617		5113.337418328971
8879454	2600		5184.579603642225
8880513	2644		5170.05323857069
8881573	2677		5207.24226045236
8882617	2698		5302.016377903521
8883645	2711		5374.544161286205
8884722	2750		5441.937977332622
8885726	2709		5359.0701249316335
8886670	2650		5274.357978992164
8887616	2552		5210.863421771675
8888698	2603		5304.051492251456
8889681	2572		5229.439094673842
8890641	2508		5155.509964607656
8891720	2562		5224.27345585078
8892721	2541		5085.131434392184
8893761	2565		5155.4016097821295
8894785	2558		5062.562545791268
8895842	2563		5067.533281221986
8896871	2552		4981.527481965721
8897886	2548		5128.680986307561
8898817	2456		5095.700150135905
8899797	2420		5073.9700173176825
8900782	2378		4979.97462316975
8901817	2412		4907.9542803913355
8902798	2342		4663.686282221228
8903816	2338		4777.912352398038
8904827	2303		4638.266708496958
8905861	2334		4647.30793318525
8906916	2350		4647.732641998678
8907891	2325		4639.473175048828
8908916	2341		4703.141571156681
8909926	2318		4700.23049165681
8910955	2344		4686.262626811862
8911931	2298		4575.98408023268
8912918	2255		4731.515144314617
8913959	2252		4663.986210018396
8914967	2229		4582.259870741516
8916001	2224		4557.391023609787
8916965	2175		4455.007785517722
8917941	2118		4326.030992887914
8918964	2109		4332.618527609855
8919994	2107		4312.709058947861
8921000	2082		4172.695433288813
8922051	2116		4209.864213753492
8923084	2120		4288.287557352334
8924060	2092		4242.456806670874
8925090	2082		4249.469515386969
8926198	2154		4216.580246083438
8927228	2167		4261.301890134811
8928231	2156		4373.4711257219315
8929241	2158		4263.798320442438
8930356	2230		4344.228697434068
8931400	2230		4314.581377401948
8932462	2273		4401.563080128282
8933535	2340		4542.961919199675
8934585	2373		4631.909887000918
8935637	2404		4660.6021646000445
8936734	2472		4820.740305457264
8937746	2473		4869.241335444152
8938785	2459		4878.598862089217
8939841	2506		4956.7846227660775
8940874	2527		4989.610327281058
8941925	2542		4933.649063453078
8942904	2500		5044.84505154565
8943851	2429		5047.643184043467
8944817	2387		5005.498668126762
8945835	2369		4951.9637334086
8946824	2336		4868.063800167292
8947936	2448		4915.575451109558
8948985	2478		4921.3449985049665
8950080	2560		5022.2654821798205
8951046	2512		5029.266809467226
8952113	2577		5053.396549012512
8953163	2608		5139.449978232384
8954202	2600		5156.010375265032
8955235	2593		5211.340745545924
8956298	2637		5191.943509813398
8957398	2694		5182.59762179479
8958485	2745		5305.109918203205
8959511	2737		5399.589867461473
8960550	2730		5489.458813227713
8961623	2794		5604.632091831416
8962646	2782		5513.081335265189
8963676	2811		5471.866355594248
8964728	2814		5455.451981924474
8965814	2833		5628.62541757524
8966799	2818		5716.805279925466
8967788	2771		5634.91558258608
8968891	2855		5759.405596546829
8969934	2870		5786.822865754366
8970958	2887		5725.834461923689
8971995	2899		5835.249800633639
8973024	2901		5837.159307897091
8974054	2898		5827.126045577228
8975057	2849		5648.342634279281
8976075	2837		5677.054647367448
8977097	2836		5736.591362338513
8978069	2769		5602.120866347104
8979158	2826		5572.674304656684
8980157	2806		5571.663385167718
8981138	2757		5374.868887491524
8982181	2775		5491.4393179528415
8983193	2781		5447.0534976273775
8984341	2918		5599.199952960014
8985385	2927		5547.132756508887
8986441	2980		5586.046524077654
8987477	2980		5816.0149320065975
8988489	2959		5927.576694332063
8989521	2968		6063.90271351859
8990541	2956		6046.025720849633
8991616	3028		5995.048876218498
8992630	2991		5851.394963257015
8993682	3028		5885.64947411418
8994653	2957		5943.73691983521
8995635	2916		5905.421909891069
8996592	2863		5902.461424775422
8997607	2868		5828.5217107869685
8998612	2842		5693.012545261532
8999580	2792		5603.363434705883
9000566	2736		5633.296989809722
9001622	2749		5678.60797829181
9002654	2753		5503.749275971204
9003594	2692		5297.994903218001
9004629	2689		5395.80815552175
9005751	2776		5557.282601039857
9006814	2791		5568.492465864867
9007887	2802		5604.943678177893
9008879	2751		5555.741024963558
9009917	2785		5540.935421828181
9010941	2804		5599.249143157154
9011913	2751		5557.833065677434
9012959	2789		5675.670837353915
9013950	2763		5599.823757588863
9015026	2801		5592.817359916866
9015994	2769		5486.156888496131
9016975	2726		5482.706456374377
9018032	2756		5576.998058181256
9019171	2868		5679.15929768607
9020179	2851		5696.657984208316
9021166	2815		5679.640735864639
9022185	2799		5631.350894782692
9023141	2743		5571.345411296934
9024171	2767		5541.006113130599
9025143	2714		5515.568597756326
9026226	2792		5535.662561565638
9027176	2719		5406.0153712295
9028091	2607		5188.880447331816
9029121	2584		5165.377516545355
9030103	2556		5131.539224136621
9031113	2523		5020.344438642263
9032089	2495		5034.906073670834
9033189	2569		5085.474710073322
9034197	2557		5096.070908103138
9035236	2569		5011.293899916112
9036252	2550		5222.464000269771
9037341	2615		5212.54643855989
9038397	2620		5201.640478871763
9039426	2643		5129.09299043566
9040382	2596		5217.116655450314
9041366	2579		5279.077590458095
9042353	2528		5176.057007376105
9043406	2566		5176.227792147547
9044361	2500		5067.098434675485
9045420	2551		5144.470380213112
9046462	2556		5181.393149726093
9047506	2539		5062.9068675376475
9048477	2503		5010.5087914168835
9049454	2477		5067.31735952571
9050466	2462		4885.178712915629
9051480	2443		4737.441476233304
9052463	2407		4732.387380439788
9053452	2387		4819.906177394092
9054459	2362		4817.093194946647
9055522	2378		4816.897786509246
9056557	2380		4766.333952810615
9057599	2390		4733.135180674493
9058572	2326		4682.58315159753
9059502	2226		4505.107428397983
9060419	2097		4369.224384624511
9061521	2145		4454.702308345586
9062591	2176		4414.469176974148
9063629	2202		4494.007711019367
9064637	2201		4425.473573368043
9065659	2161		4337.54489294067
9066744	2212		4428.4200043194
9067834	2262		4392.278220724314
9068897	2286		4485.103808708489
9069904	2280		4473.281332075596
9071046	2393		4754.202155858278
9072108	2411		4741.918099593371
9073108	2397		4752.041014593095
9074161	2398		4778.160375948995
9075188	2390		4806.2004926502705
9076192	2381		4771.925758007914
9077282	2451		4819.36512414366
9078301	2450		4732.899185653776
9079322	2454		4817.82669313997
9080298	2407		4854.837799768895
9081305	2407		4839.122234430164
9082322	2395		4789.415460508317
9083412	2435		4767.599967155606
9084399	2397		4725.623347539455
9085477	2440		4814.355756826699
9086461	2387		4764.927241772413
9087514	2406		4837.080518554896
9088586	2428		4849.665073916316
9089649	2478		4917.42149707675
9090624	2433		4869.079295706004
9091631	2383		4757.213037505746
9092701	2444		4705.674046095461
9093659	2395		4743.402863837779
9094714	2412		4855.962973512709
9095701	2395		4823.072486650199
9096702	2364		4692.683968901634
9097720	2349		4755.106142133474
9098725	2332		4706.64209574461
9099758	2340		4748.768161732703
9100793	2374		4673.419248688966
9101856	2390		4757.900778647512
9102961	2457		4742.734518762678
9103919	2409		4794.695306289941
9104973	2418		4816.089781489223
9105939	2351		4804.826791476458
9106951	2352		4792.799952983856
9107979	2379		4686.335425004363
9108955	2352		4680.419846147299
9110039	2422		4914.16357903555
9111084	2452		4874.091438207775
9112035	2351		4756.809504199773
9113139	2453		4886.773655124009
9114251	2512		4826.262127805501
9115205	2456		4795.6459056809545
9116301	2501		5088.2647948898375
9117383	2572		5063.197153482586
9118462	2619		5029.962639033794
9119407	2564		5110.508787311614
9120382	2526		5136.331604756415
9121392	2497		5140.605843547732
9122417	2482		5153.805061966181
9123391	2455		5020.912677872926
9124387	2441		4969.353955425322
9125371	2420		4908.595800641924
9126358	2392		4733.332521267235
9127354	2339		4680.532316595316
9128393	2334		4858.350607383996
9129362	2294		4831.996432162821
9130381	2263		4666.111942581832
9131375	2222		4524.64606789127
9132476	2292		4499.265749655664
9133503	2291		4418.229475274682
9134558	2339		4585.1847006082535
9135598	2365		4686.641660723835
9136587	2312		4768.352748859674
9137658	2373		4867.524630434811
9138676	2365		4737.143640425056
9139756	2411		4817.557089846581
9140789	2416		4847.875789035112
9141845	2429		4847.379367463291
9142898	2469		4923.174831628799
9143939	2476		4959.062610395253
9144967	2496		5006.835031621158
9145909	2427		4871.6992800273
9146909	2415		4823.8027523085475
9147905	2400		4878.154206618667
9148840	2321		4812.390135593712
9149915	2355		4807.733894459903
9150933	2321		4691.63610592857
9151963	2320		4646.443708233535
9152979	2309		4587.047307051718
9154029	2340		4769.117382157594
9155026	2327		4738.191616810858
9156041	2298		4582.190421577543
9157068	2273		4559.860026743263
9158148	2341		4566.113997668028
9159112	2255		4424.231880430132
9160138	2279		4657.9061036631465
9161246	2376		4673.047685854137
9162214	2298		4554.738447908312
9163253	2310		4608.067445412278
9164193	2208		4487.022252034396
9165223	2207		4396.967019934207
9166299	2234		4338.815623175353
9167244	2178		4392.741576436907
9168266	2190		4461.042352028191
9169275	2150		4342.397378277034
9170313	2136		4375.464063465595
9171269	2082		4287.255765348673
9172275	2068		4244.6992976255715
9173308	2091		4131.719835869968
9174312	2071		4074.017386931926
9175356	2111		4218.343063335866
9176355	2108		4229.833930514753
9177307	2042		4193.216847155243
9178256	1984		4151.1719541959465
9179223	1935		4048.649672664702
9180242	1921		3865.420690126717
9181263	1913		3869.1796191185713
9182244	1846		3777.8109038583934
9183360	1952		3782.819505725056
9184380	1931		3841.365342475474
9185337	1885		3907.455706898123
9186421	1959		3967.9035658091307
9187449	1971		3841.361091878265
9188396	1916		3880.307672649622
9189379	1897		3932.2112139984965
9190400	1890		3733.6692881435156
9191500	1975		3800.1477734409273
9192564	1995		3875.3172749318182
9193540	1942		3864.589299764484
9194545	1924		3879.873135909438
9195506	1860		3685.989405222237
9196457	1795		3663.1314849704504
9197440	1752		3589.519648846239
9198548	1826		3570.6507442630827
9199535	1800		3482.135323174298
9200620	1824		3579.6482610590756
9201634	1782		3587.5471928343177
9202757	1849		3691.646968547255
9203752	1816		3589.7151176705956
9204749	1794		3602.6486008130014
9205775	1785		3709.4684945605695
9206810	1760		3680.878721203655
9207840	1748		3477.596797350794
9208900	1792		3463.9033022411168
9209901	1783		3495.2772078067064
9210989	1851		3676.083809643984
9211970	1827		3632.3974384889007
9213066	1893		3848.6598927006125
9214075	1866		3811.4837719984353
9215084	1870		3819.971522051841
9216053	1832		3712.890185378492
9217011	1747		3579.067983608693
9217993	1674		3459.2973552420735
9219063	1729		3420.595607083291
9220015	1662		3402.260469984263
9220985	1613		3256.0173205696046
9222094	1702		3248.950391743332
9223077	1660		3286.8030064478517
9224029	1590		3325.1796864122152
9225073	1604		3149.1181217320263
9226038	1564		3151.9276554100215
9227047	1547		3169.2023937404156
9228066	1557		3264.9186197966337
9229094	1579		3199.1504098176956
9230188	1628		3155.269448403269
9231119	1534		3194.722941197455
9232112	1522		3121.240828011185
9233081	1481		2954.174370251596
9234075	1459		3030.6369666308165
9235049	1412		2843.709092862904
9236108	1439		2715.203016307205
9237139	1445		2919.1913287974894
9238044	1330		2798.8204330541193
9239019	1267		2600.019488532096
9240051	1252		2538.930087156594
9241182	1356		2653.321366492659
9242183	1335		2664.8302977010608
9243183	1320		2630.2474906928837
9244215	1345		2748.839887343347
9245216	1331		2684.4076318331063
9246271	1352		2654.611504368484
9247281	1314		2581.8490470200777
9248226	1232		2566.2439829073846
9249253	1258		2569.7139227576554
9250248	1230		2465.801411770284
9251349	1284		2589.951392032206
9252355	1284		2553.0053666345775
9253357	1281		2525.2025258913636
9254430	1328		2587.6712406650186
9255409	1305		2603.5578780323267
9256340	1231		2557.6075078621507
9257355	1231		2453.741118300706
9258418	1264		2495.9360402040184
9259359	1178		2404.708134982735
9260398	1208		2313.4779966287315
9261460	1253		2499.734659027308
9262462	1231		2475.3446511290967
9263525	1260		2466.344499513507
9264506	1240		2469.598753426224
9265498	1211		2474.0514864102006
9266524	1214		2490.9255835190415
9267516	1193		2411.0189943425357
9268578	1204		2375.442401096225
9269622	1207		2449.7820820361376
9270645	1204		2483.760949034244
9271604	1114		2306.106364350766
9272668	1135		2163.476749561727
9273716	1181		2241.972429342568
9274797	1244		2430.12184805423
9275861	1274		2495.659407105297
9276884	1273		2566.0420936979353
9277899	1248		2578.4113682061434
9278858	1190		2495.797460220754
9279913	1201		2421.1318931616843
9280951	1226		2521.898199364543
9281943	1204		2573.0895011350513
9282960	1206		2490.741450306028
9283940	1167		2366.8756093867123
9284983	1162		2304.693727146834
9285976	1117		2238.840064357966
9286929	1063		2108.2140237912536
9287924	1018		2057.401608195156
9289030	1066		2034.6102447286248
9290068	1068		2150.681359678507
9291156	1113		2145.2891744449735
9292176	1119		2194.1751665994525
9293181	1086		2245.557491119951
9294232	1125		2266.710284218192
9295317	1166		2365.8510406911373
9296436	1237		2465.4646728895605
9297437	1220		2441.8683330900967
9298517	1300		2553.6769975870848
9299442	1206		2431.503267224878
9300476	1234		2423.6849696412683
9301500	1200		2311.987031072378
9302539	1196		2435.6125167496502
9303530	1128		2368.847814273089
9304500	1090		2259.216416656971
9305538	1113		2150.2374185547233
9306495	1059		2192.4977474808693
9307501	1035		2053.8970515057445
9308520	1021		2006.9990236386657
9309572	1053		2202.116303090006
9310570	1038		2201.3631053082645
9311694	1112		2175.031944207847
9312736	1118		2261.3689734451473
9313834	1162		2217.6980430968106
9314900	1223		2391.529504209757
9315947	1227		2407.5097813419998
9316950	1210		2416.012040939182
9317977	1212		2374.041675545275
9318951	1172		2395.6286451742053
9319944	1156		2300.857619896531
9320968	1164		2387.60344267264
9321999	1160		2206.9043938554823
9323047	1166		2365.3164427503943
9324012	1100		2225.450414210558
9324998	1058		2138.8956278935075
9326078	1124		2194.9691816307604
9327163	1165		2251.8852353319526
9328268	1241		2459.465660870075
9329178	1126		2306.69273179397
9330208	1138		2228.1630342826247
9331180	1096		2263.1695387251675
9332149	1033		2210.6206178702414
9333206	1033		2063.761790253222
9334205	1025		2047.6455507613719
9335200	978		2068.2977882176638
9336307	1077		2053.06330152601
9337344	1089		2169.605479247868
9338368	1079		2122.877985637635
9339386	1087		2128.532615698874
9340388	1082		2120.626187954098
9341381	1029		2066.411756783724
9342387	1013		2006.388098847121
9343456	1051		2067.5771410278976
9344508	1093		2172.8967052549124
9345587	1145		2260.3417921699584
9346637	1143		2271.916630152613
9347758	1227		2426.3322171606123
9348825	1262		2514.5004534609616
9349812	1227		2469.49787357077
9350769	1156		2447.7117102965713
9351831	1173		2322.239831376821
9352824	1150		2333.290814489126
9353776	1070		2250.874592464417
9354763	1048		2130.039497576654
9355762	1041		2100.9087826646864
9356788	1052		2064.7114314697683
9357795	1018		2023.3090424351394
9358772	975		1997.3443314060569
9359855	1021		1978.9472038783133
9360895	1053		2018.3226826377213
9361922	1022		2091.4516257978976
9362966	1050		2012.29032247141
9363939	997		2054.21836316213
9364999	1025		2032.31656980142
9366050	1076		2143.0474018342793
9367063	1078		2109.6611508131027
9368183	1165		2280.6901674717665
9369289	1215		2434.0749691836536
9370207	1126		2291.467999253422
9371216	1107		2307.3446285799146
9372298	1163		2360.0742450766265
9373300	1132		2259.6990670002997
9374256	1079		2209.9841895364225
9375249	1047		2104.205897528678
9376266	1036		2027.3928459770977
9377386	1136		2134.1827607490122
9378433	1126		2271.3928425088525
9379352	1042		2237.574118360877
9380294	963		2038.8773702420294
9381288	928		1896.808237399906
9382339	939		1946.9017120599747
9383388	948		1855.2303958833218
9384413	963		1929.115390010178
9385412	923		1940.4171352051198
9386433	911		1796.6240620911121
9387475	943		1809.6273424625397
9388540	966		1928.5838227532804
9389544	967		1924.1362313106656
9390574	964		1884.0520188733935
9391592	955		1955.0226962715387
9392538	891		1884.0900902152061
9393570	894		1828.6044672243297
9394560	849		1743.340648777783
9395599	882		1811.1964140087366
9396588	851		1692.390114415437
9397518	774		1574.2307514697313
9398473	728		1450.3434170261025
9399516	725		1500.1646298095584
9400532	692		1439.8007860593498
9401503	651		1289.6260502040386
9402441	584		1276.694809563458
9403476	604		1119.492166545242
9404502	628		1276.4442696645856
9405458	578		1163.4084371775389
9406490	601		1192.4596003890038
9407578	660		1292.11110265553
9408614	661		1334.623403068632
9409695	706		1348.4513260759413
9410720	705		1431.941802456975
9411751	686		1434.5153465494514
9412786	704		1415.698139179498
9413752	648		1343.1285100840032
9414743	593		1164.4438123218715
9415736	569		1136.025380127132
9416720	525		1109.390110913664
9417761	516		1096.4598425514996
9418742	478		1030.8947893679142
9419712	431		838.8667343519628
9420820	515		934.8036098442972
9421857	527		1057.2584365867078
9422917	584		1110.3670823648572
9423898	560		1121.9790122583508
9424965	578		1171.997093051672
9426062	624		1232.8194470070302
9427079	634		1322.0777727775276
9428063	579		1152.985911089927
9429065	566		1117.7658527866006
9430075	572		1132.7552077509463
9431067	521		1102.5936733186245
9431982	426		828.3273729048669
9432959	381		823.6588145494461
9433973	342		708.004266101867
9434954	323		668.6720199100673
9435986	316		608.8775787763298
9436928	255		524.8028967641294
9437955	279		625.1372059881687
9438962	253		560.2763687968254
9439932	198		387.5625916272402
9440969	214		412.43892246857285
9441928	173		348.81653310731053
9442973	182		355.28942278400064
9444059	231		442.84825644269586
9445215	360		656.1156634874642
9446223	367		774.494166508317
9447247	366		694.0785215348005
9448255	367		729.5170437805355
9449324	417		774.5729799829423
9450330	377		772.9521381668746
9451290	330		725.5461075082421
9452335	331		677.2893131822348
9453324	315		608.2753950953484
9454246	219		448.0982596129179
9455262	195		357.9999809861183
9456337	215		416.6618971414864
9457379	231		446.71155220270157
9458368	195		408.47047413885593
9459334	145		307.78259386494756
9460377	160		281.8432551622391
9461354	120		250.5767460204661
9462394	126		241.38024389371276
9463429	110		232.61856743320823
9464436	75		162.72293009236455
9465511	137		278.77817314490676
9466502	120		218.67759436368942
9467510	103		186.05320654809475
9468506	87		158.94183333218098
9469560	120		232.63069926202297
9470650	207		425.6832048110664
9471767	319		603.8589085452259
9472801	350		774.7240877486765
9473810	355		721.0877100899816
9474835	354		718.763072129339
9475848	337		675.7480990253389
9476877	338		704.8619752526283
9477884	333		677.3550548441708
9478893	297		573.9232805483043
9479910	293		612.9774278514087
9480908	251		514.585995618254
9481887	224		435.66112822666764
9482895	216		396.171366982162
9483787	99		187.94779304787517
9484770	74		184.75357111915946
9485798	74		153.2183792553842
9486886	134		245.8480354808271
9487825	72		159.01865724101663
9488811	54		131.33788041770458
9489815	42		63.5549949593842
9490822	36		59.72881696373224
9491876	72		152.96468802541494
9492953	113		231.55158540979028
9493970	96		194.82831950485706
9494969	92		205.18667712062597
9495991	81		150.71769704297185
9496970	50		84.7655664421618
9498028	92		176.07574193179607
9499045	90		194.8347467519343
9500091	83		180.98614954203367
9501120	112		218.52715907990932
9502142	121		228.47076276689768
9503152	88		181.0862237997353
9504197	98		218.75574741140008
9505248	112		214.56711132079363
9506211	59		119.11945424973965
9507321	112		221.97742333635688
9508292	32		63.804802149534225
9509330	48		82.44859490916133
9510356	69		133.55721767619252
9511402	77		132.64973791316152
9512392	39		69.2883941270411
9513382	16		26.616487827152014
9514410	36		66.62865763157606
9515411	10		18.113133497536182
9516472	47		105.58306491747499
9517528	82		194.4827177785337
9518556	85		197.55758507177234
9519645	143		283.229779381305
9520687	165		308.1759620383382
9521651	99		194.44051530212164
9522592	32		53.93943338096142
9523601	22		45.04651785641909
9524616	14		25.55085664615035
9525639	0		0.0
9526685	6		9.682017277926207
9527732	3		14.157019346952438
9528748	1		2.2554947398602962
9529759	7		10.844104122370481
9530760	8		16.14988462626934
9531827	68		130.81503092125058
9532814	29		51.93330894038081
9533821	1		7.223052781075239
9534879	27		52.694931883364916
9535887	27		61.39478874579072
9536984	95		151.62085138633847
9537942	53		96.53154791891575
9539113	170		302.1254554800689
9540160	192		374.7695856206119
9541218	227		469.46941955015063
9542213	216		405.0063309893012
9543240	233		466.4208666533232
9544224	202		366.9847204014659
9545259	194		393.33231896162033
9546234	133		277.1262109205127
9547299	171		316.1195681579411
9548330	148		320.669691182673
9549374	132		248.12139869481325
9550467	206		406.81949918717146
9551462	192		372.7611532136798
9552480	205		401.16363998129964
9553464	159		328.4517434500158
9554484	177		348.23315917328
9555649	325		615.8083080351353
9556688	364		702.0776656791568
9557731	366		767.5775628834963
9558737	364		732.546539966017
9559762	367		761.6980889886618
9560758	331		676.8287067897618
9561783	328		647.8866588026285
9562768	313		626.2144975326955
9563845	345		755.9831221811473
9564796	277		588.4319654405117
9565821	281		584.4767895564437
9566869	316		676.7399151809514
9567851	285		559.3374207951128
9568883	308		573.7230887003243
9569928	311		604.3332088217139
9571064	427		860.0550689920783
9572137	459		922.6108611486852
9573175	447		910.7258701659739
9574130	398		797.9332553334534
9575130	360		682.0950476750731
9576112	323		622.1963607445359
9577220	417		776.1085960231721
9578219	399		855.0110385119915
9579255	385		793.5029074437916
9580284	386		729.9237918369472
9581318	371		779.2778613828123
9582351	367		762.6927207000554
9583339	315		631.3567334413528
9584313	259		451.5182377323508
9585407	306		609.8664645589888
9586402	301		604.3763741627336
9587415	308		650.0402423553169
9588440	323		605.354392144829
9589446	319		631.7617729827762
9590553	395		739.2792949080467
9591529	338		662.2935185693204
9592427	206		424.0942187421024
9593427	201		401.283209733665
9594366	127		262.9379709996283
9595420	131		228.1827453300357
9596427	98		188.5270855128765
9597412	82		163.88635061308742
9598368	10		35.738437328487635
9599462	78		175.44786430895329
9600525	108		235.4703746251762
9601538	97		226.64724465087056
9602524	79		152.10581410303712
9603580	127		242.31804274395108
9604604	141		266.9030505940318
9605668	200		375.3439612276852
9606656	155		330.14519929140806
9607671	160		268.66477985680103
9608765	203		432.85397793352604
9609801	236		436.4528901986778
9610798	213		413.6800387389958
9611844	258		488.2732005082071
9612876	250		464.586677916348
9613855	219		446.3000162355602
9614858	200		424.1813939400017
9615941	247		509.4989559650421
9616870	134		262.1543044671416
9617914	162		340.19660686701536
9618982	178		345.0542255975306
9620043	211		435.13312746956944
9621092	221		452.18407951667905
9622122	227		437.14876206591725
9623152	248		517.3834639526904
9624157	252		490.88652508333325
9625177	224		452.42448299750686
9626214	232		444.85250575840473
9627160	132		283.28084487468004
9628192	158		276.39167491719127
9629130	90		178.84118990972638
9630118	29		42.03504906594753
9631169	44		73.8376252502203
9632230	65		103.8504231646657
9633268	100		193.81831875815988
9634255	80		168.29553776606917
9635340	164		318.58757827430964
9636326	120		215.62697778642178
9637393	155		294.2097873687744
9638414	132		267.5781643129885
9639389	101		206.4257607460022
9640390	70		128.1893630810082
9641411	35		67.99715618044138
9642385	3		7.066967703402042
9643520	106		179.27804562821984
9644543	108		201.00540721416473
9645548	73		151.21323788538575
9646620	92		181.13999946415424
9647655	83		167.2605296894908
9648673	88		177.9855879843235
9649613	26		68.06787508353591
9650632	0		0.0
9651748	82		197.0912906564772
9652815	131		265.79338358715177
9653876	159		309.1368605196476
9654841	75		140.51756263524294
9655860	93		216.91973742470145
9656902	132		236.65379606932402
9657860	88		160.56796666234732
9658913	89		185.24522314220667
9659991	122		221.14479838311672
9661004	121		253.23674679920077
9662019	111		214.41922264173627
9663047	114		250.1869519725442
9664070	80		168.76143664121628
9665027	7		20.554876919835806
9666070	43		80.02045514807105
9667110	32		56.866311106830835
9668132	23		32.20831125229597
9669198	83		145.38595471903682
9670184	64		136.87687331065536
9671157	26		55.834925796836615
9672143	11		23.175243347883224
9673157	10		22.24891536310315
9674197	23		45.897459492087364
9675228	10		22.423837933689356
9676263	30		58.021222706884146
9677282	30		65.03825674206018
9678310	29		77.35264482721686
9679341	27		58.141626708209515
9680345	23		27.28436802327633
9681377	21		44.269605826586485
9682443	42		82.3409782834351
9683432	23		54.105074778199196
9684521	107		212.9935900270939
9685476	54		115.58267917484045
9686567	108		219.84258567914367
9687529	68		131.5981906913221
9688491	26		54.0977459102869
9689582	72		141.44597264006734
9690644	97		200.32970202341676
9691657	108		233.99124758690596
9692617	55		112.19305386766791
9693668	73		149.1570654809475
9694721	102		205.2787735015154
9695807	171		284.57049994543195
9696814	176		341.533210683614
9697880	215		391.20698856934905
9698889	203		423.9523382373154
9699859	164		337.2911675348878
9700857	159		320.95055666938424
9701898	167		320.3109412379563
9702917	161		313.9496217928827
9704029	225		444.8733488731086
9705028	195		413.104122325778
9706095	249		509.14495849236846
9707098	228		470.64104448258877
9708090	188		395.71334920451045
9709159	238		463.2529731653631
9710220	255		479.43950644508004
9711278	293		565.1033388823271
9712266	272		519.4941473342478
9713324	310		495.26224529743195
9714318	293		607.1564171984792
9715286	259		578.4643845818937
9716277	227		420.6498459652066
9717292	235		505.17425874248147
9718317	225		447.6198233664036
9719434	283		584.8813601285219
9720453	279		578.5902081392705
9721467	277		561.0361795388162
9722507	283		635.8642421029508
9723445	207		474.53937958180904
9724467	195		405.08372650295496
9725526	229		450.0093367174268
9726459	137		265.051502738148
9727525	176		353.21292655542493
9728534	155		306.6487132422626
9729494	106		203.6476303972304
9730472	52		112.1110555678606
9731542	93		159.24705054983497
9732525	71		151.2066761031747
9733549	72		144.4186024479568
9734550	72		155.30723862349987
9735510	26		57.342245798558
9736553	66		119.41625946760178
9737579	65		133.23515520617366
9738549	35		55.77525093406439
9739575	30		60.06020461022854
9740698	111		224.25975603610277
9741693	93		175.0628359951079
9742697	87		187.18188109621406
9743701	61		144.4613474458456
9744716	72		165.98860152438283
9745718	50		82.86625581607223
9746831	148		299.4806448556483
9747829	143		296.4762245453894
9748884	169		303.81532241404057
9749892	163		326.98274908959866
9750916	161		325.71964801102877
9751910	125		242.4387427866459
9752894	82		159.74661426618695
9753959	107		215.21861732378602
9754960	61		130.2286916822195
9755942	1		2.183074653148651
9756981	22		34.21525219082832
9757988	0		1.3465009592473507
9759069	81		165.43832639604807
9760153	131		243.45587588474154
9761139	83		171.8182123415172
9762151	63		129.47439512982965
9763221	121		258.7208764255047
9764256	131		258.1935722604394
9765269	108		235.8351853005588
9766234	39		71.13978027924895
9767244	2		6.651914272457361
9768301	33		69.70214049890637
9769393	92		208.90893547609448
9770406	65		139.6355309970677
9771588	203		361.04597179219127
9772602	194		434.3221326544881
9773600	161		344.72071205824614
9774656	193		305.20562690123916
9775642	173		301.32240503281355
9776559	79		174.78303930163383
9777562	68		160.3181848526001
9778524	16		35.41359218209982
9779555	12		24.969331443309784
9780620	35		77.79584792256355
9781651	26		53.86249439790845
9782651	8		20.838801510632038
9783693	3		8.534230813384056
9784716	26		59.85283846408129
9785761	61		97.00030452758074
9786781	53		105.5134753510356
9787862	114		235.68592255190015
9788918	129		265.9685689844191
9789953	155		292.70792561396956
9790931	107		191.27508835867047
9791992	165		298.82488745078444
9793061	192		364.8955957368016
9794093	181		354.2762235067785
9795091	153		300.40322967618704
9796022	75		174.62091791257262
9797031	58		132.31288923323154
9798045	43		108.34561755880713
9799050	38		81.64035615697503
9800091	51		97.0185922421515
9801070	14		30.54862977564335
9802151	61		145.4808152243495
9803130	24		57.652033265680075
9804158	43		80.69730716198683
9805200	46		72.85590967908502
9806234	70		121.38349780067801
9807338	154		307.35347624495625
9808485	292		538.085680745542
9809452	251		481.4516136944294
9810576	363		743.7480867952108
9811559	307		624.1001019105315
9812704	410		779.0021008439362
9813774	435		827.9850352108479
9814872	509		990.1287327297032
9815907	500		1034.5025533027947
9816901	457		984.7205753177404
9817906	444		917.325870398432
9818971	506		935.451044600457
9819961	475		933.8111325241625
9820952	443		912.032993350178
9821985	463		897.6370612308383
9822997	463		896.8356548584998
9823871	324		729.8675269782543
9824861	282		546.9218531399965
9825869	278		571.5243227295578
9826799	202		452.9486868567765
9827837	233		476.8043502829969
9828844	211		412.1116795912385
9829900	238		472.65567003563046
9830965	244		511.91127997264266
9831961	207		381.62855184450746
9832942	173		370.7012185752392
9833981	187		406.7152398265898
9835020	186		375.0518433973193
9836031	180		312.3363639973104
9837061	200		408.8290363922715
9838140	232		499.5746442973614
9839243	285		526.175129853189
9840313	325		667.7137657254934
9841370	337		673.9905211664736
9842447	345		647.9933372624218
9843491	358		726.9882630705833
9844478	300		613.5866239927709
9845457	256		507.7975209914148
9846478	258		484.1238795220852
9847509	265		501.3734367676079
9848446	197		426.62318951264024
9849439	179		351.1455810032785
9850348	79		183.6613880097866
9851325	22		40.91002972796559
9852317	12		8.418113797903061
9853356	51		99.62460777908564
9854480	137		267.03705257177353
9855449	95		187.79991935566068
9856477	123		255.40643464401364
9857471	117		236.31798404082656
9858561	176		348.0990202091634
9859544	157		303.79270359128714
9860523	133		240.95837288722396
9861479	84		195.87593618035316
9862467	63		117.48698040097952
9863521	88		143.90030062943697
9864514	47		105.75180967897177
9865587	113		250.60759093612432
9866546	47		106.75571824982762
9867554	42		101.78649721294641
9868614	94		192.37074526399374
9869686	151		286.6532948501408
9870698	124		240.64422621577978
9871730	120		222.09594116732478
9872734	100		198.4007089175284
9873790	153		291.552086468786
9874911	230		469.4173431508243
9875909	201		440.89316783100367
9877012	264		563.7732789702713
9878052	270		576.2983174398541
9879005	173		390.08596228808165
9880027	170		308.15648133680224
9881026	159		278.66240886226296
9882074	176		402.598329115659
9883147	236		426.08205004781485
9884215	274		511.5098280124366
9885201	223		491.30170080438256
9886177	190		336.5152468159795
9887156	158		355.7276280373335
9888142	136		269.7080230861902
9889120	93		223.03806540742517
9890050	23		35.42234779149294
9891057	19		31.26034528017044
9892103	40		46.74802561476827
9893155	48		97.36564164981246
9894138	30		58.00294344127178
9895171	57		111.60915653407574
9896165	48		91.57364548742771
9897145	9		11.806565448641777
9898188	46		88.13985209167004
9899176	10		33.02302885055542
9900186	12		18.70842155814171
9901280	52		108.8222782202065
9902304	36		102.96271787211299
9903362	59		174.3903562501073
9904320	7		11.916356660425663
9905404	54		114.6546888537705
9906366	5		0.8190634585916996
9907406	12		22.038522008806467
9908400	6		12.584391880780458
9909453	36		70.98683100938797
9910461	20		29.80079708993435
9911505	24		56.33522588759661
9912573	46		83.22398460283875
9913561	1		5.593779873102903
9914586	5		12.341624837368727
9915637	56		102.87419003248215
9916626	29		45.50688463449478
9917614	4		17.626875925809145
9918775	141		289.44712172076106
9919818	164		317.3571720086038
9920835	178		417.4061425551772
9921861	178		326.34178498387337
9922906	165		282.93093431741
9924024	280		455.21009335294366
9924959	215		446.34050081297755
9926022	224		462.78575256094337
9926976	124		235.05082736164331
9928022	156		307.09547339752316
9929120	211		421.7755859680474
9930101	161		343.4484722055495
9931113	161		284.4495104216039
9932166	164		283.7220699340105
9933160	153		307.8289904333651
9934207	185		326.2871121875942
9935196	141		252.09333299845457
9936225	142		310.8560982681811
9937230	128		227.57874981686473
9938275	157		311.21301658824086
9939372	197		400.80225010961294
9940467	258		496.9568422175944
9941480	259		522.4725872203708
9942591	354		702.4295489192009
9943622	377		733.3149856887758
9944600	354		709.3389084599912
9945671	397		746.8106206320226
9946723	443		850.3169754110277
9947737	427		855.8788688480854
9948823	464		896.4993605315685
9949942	559		1081.700111746788
9950996	599		1131.5794252716005
9952064	630		1220.6933313049376
9953073	607		1192.6634342297912
9954096	604		1301.5903325676918
9955051	550		1133.2245051674545
9956073	532		1019.9941556453705
9957102	533		1095.3679376877844
9958073	503		1042.1108844168484
9959079	502		982.8658634983003
9960150	536		990.1549523770809
9961258	623		1236.288915965706
9962220	584		1205.6750898361206
9963326	653		1229.109954904765
9964347	639		1260.7777715735137
9965342	623		1280.006653815508
9966423	650		1302.8548700362444
9967428	655		1258.3172271177173
9968491	686		1357.8009977005422
9969578	738		1419.6151605211198
9970668	808		1603.885113157332
9971720	810		1558.1586021482944
9972742	824		1697.4928747415543
9973786	833		1623.0821222662926
9974755	758		1571.241996459663
9975794	779		1571.0022130608559
9976802	743		1554.015009611845
9977760	680		1461.267666105181
9978863	775		1459.8760169558227
9979888	785		1423.0381957031786
9980940	827		1701.353836927563
9981984	831		1560.398063722998
9982978	817		1696.4728110432625
9984000	838		1657.2596570290625
9985076	876		1693.61246355623
9986083	880		1713.0993590764701
9987067	853		1726.2827629484236
9988149	897		1741.6125147119164
9989168	900		1757.5608949922025
9990126	831		1715.6547531969845
9991246	934		1757.3288398571312
9992217	895		1863.1711574420333
9993248	881		1804.3986585624516
9994307	906		1785.9126758761704
9995445	1001		1920.355787858367
9996497	1051		2099.950441826135
9997518	1033		2133.5834544301033
9998464	968		2064.0581394918263
9999427	931		1931.049045138061
10000453	937		1931.7215338945389
10001531	973		1952.0993853770196
10002528	949		1886.1704928986728
10003545	936		1920.571369715035
10004569	936		1927.859725434333
10005572	936		1878.0239249616861
10006667	992		2006.1691409535706
10007729	1007		1994.2825471870601
10008792	1040		2023.8918586224318
10009839	1050		2104.4095444455743
10010876	1051		2122.8843867368996
10011982	1106		2101.9484132640064
10012973	1079		2156.756099563092
10013955	1021		2086.299687385559
10014994	1050		2010.271282788366
10016042	1054		2103.8325889073312
10017147	1145		2182.3739890120924
10018191	1165		2213.148277707398
10019281	1219		2443.0095431618392
10020218	1112		2382.4629168882966
10021324	1167		2318.026980251074
10022422	1235		2345.350929580629
10023420	1190		2380.278264939785
10024481	1222		2402.825013484806
10025487	1204		2378.6216380931437
10026444	1114		2311.4895417168736
10027403	1057		2207.847795378417
10028404	1029		2165.2576298601925
10029414	999		1970.6515067070723
10030433	1000		1954.1396420560777
10031408	940		1916.4549126140773
10032449	978		1983.5379727855325
10033437	934		1872.4016057364643
10034547	993		1902.5501135960221
10035585	1028		2073.1597485281527
10036642	1053		2096.6485555246472
10037702	1074		2120.0558012127876
10038789	1154		2224.1067013964057
10039776	1133		2244.3121493197978
10040855	1167		2277.2492144033313
10041855	1112		2331.7057152613997
10042789	1018		2214.7262328378856
10043771	991		2023.097145177424
10044772	978		1947.0298178009689
10045806	962		1948.5477084070444
10046826	964		1869.5598844960332
10047779	901		1795.1615067757666
10048781	903		1781.2787373363972
10049864	932		1793.0783873684704
10050867	919		1832.3469816558063
10051859	874		1741.4351468980312
10052920	891		1747.4361756369472
10053918	851		1812.7428341247141
10054929	816		1705.501271352172
10056047	902		1702.3078520670533
10057048	886		1860.857752572745
10058059	872		1721.4881622381508
10059045	856		1739.5436117500067
10060071	871		1744.4986318573356
10061147	907		1716.0959469340742
10062185	927		1888.4891567267478
10063193	917		1842.850175306201
10064114	837		1706.681495115161
10065086	798		1530.2302196621895
10066110	821		1613.8834078274667
10067169	879		1714.0961117818952
10068097	774		1590.628172595054
10069092	739		1466.597621038556
10070068	693		1471.492478210479
10071047	669		1404.8867748193443
10072078	651		1330.855437297374
10073115	630		1276.597755767405
10074076	591		1237.3086970709264
10075176	668		1291.3268284238875
10076273	714		1387.36926908046
10077306	717		1503.7148197330534
10078240	618		1348.3955693505704
10079266	623		1246.3503645919263
10080374	694		1304.7707444019616
10081518	800		1558.7668946832418
10082521	786		1530.781262114644
10083479	734		1535.5213010534644
10084470	715		1482.2205647081137
10085525	752		1474.8320293575525
10086549	767		1504.164056878537
10087489	663		1431.921743247658
10088576	737		1473.2943146377802
10089565	718		1502.1126996949315
10090639	776		1580.9918827861547
10091630	749		1540.965712953359
10092608	719		1478.913310714066
10093692	775		1482.7019206136465
10094675	727		1469.558762125671
10095744	765		1473.091884560883
10096779	743		1435.565611731261
10097799	757		1601.2675249502063
10098813	743		1455.6550952792168
10099826	747		1536.5738220587373
10100880	781		1528.4823013059795
10101872	770		1574.207747541368
10102944	833		1661.4610225073993
10103888	769		1540.5052100419998
10104846	714		1440.5454820208251
10105922	766		1506.9888741150498
10106946	773		1456.1567493714392
10107999	799		1621.9708611369133
10108985	774		1568.2601917423308
10109963	708		1486.4593837186694
10110968	692		1390.9539640806615
10111999	698		1309.2040447071195
10112977	670		1397.038527391851
10113944	633		1247.753737192601
10114969	617		1286.5331313237548
10115939	553		1107.7736374773085
10116963	559		1113.6740296185017
10117961	526		1035.125428467989
10118918	470		933.5107653923333
10119974	511		1008.5219434015453
10121030	546		1131.2155218198895
10121969	476		937.0774740241468
10122948	414		821.6782934628427
10124022	468		928.8311545923352
10125032	470		925.6372368223965
10126005	424		880.3914277814329
10126983	397		805.2466150857508
10128082	472		919.4357288144529
10129125	492		969.6826760023832
10130171	516		1064.0792820677161
10131140	441		863.034998755902
10132197	484		957.5062559396029
10133255	534		1042.945253573358
10134257	510		1004.2179157324135
10135400	586		1132.0435161180794
10136419	594		1179.5428307279944
10137467	626		1242.0313825756311
10138545	675		1257.9762862212956
10139493	618		1302.1566228680313
10140503	623		1275.2350433915854
10141505	586		1255.1156428270042
10142534	581		1226.0544327497482
10143477	515		981.1103417240083
10144568	564		1062.0052348710597
10145569	541		1092.5835579521954
10146644	600		1228.3523665182292
10147656	583		1225.4665500745177
10148674	593		1140.147525049746
10149626	543		1111.215411696583
10150656	547		1120.609035346657
10151681	512		1086.5910036116838
10152658	441		837.1443195641041
10153777	512		996.2458472773433
10154775	490		1032.6788236945868
10155819	519		1065.2170995995402
10156940	639		1167.5831080712378
10157902	561		1211.5878137610853
10158961	605		1197.376791793853
10159962	602		1330.7610132470727
10160946	544		1160.7546578757465
10161987	558		1137.4447653144598
10163086	650		1220.4254310317338
10164110	651		1286.906596634537
10165095	591		1205.2939984053373
10166163	630		1236.496715027839
10167197	608		1208.1459830962121
10168215	580		1123.9936046339571
10169225	541		1097.1277049817145
10170281	571		1108.8360896743834
10171274	535		1121.8187851384282
10172322	555		1124.2351544983685
10173267	478		974.1894574388862
10174342	523		1011.5974230542779
10175358	530		1040.625033762306
10176369	516		947.1239255964756
10177462	557		1000.8078459538519
10178452	536		1133.8903424218297
10179453	529		1062.993464179337
10180412	460		993.265229344368
10181509	556		1109.2261154688895
10182570	578		1163.793841406703
10183614	610		1212.4214469864964
10184625	592		1190.6783939525485
10185582	545		1126.7822948619723
10186555	462		937.4361325018108
10187521	384		741.3460426293314
10188602	416		784.9983461722732
10189618	409		761.4297269023955
10190653	432		921.4802342578769
10191683	421		911.7695160023868
10192714	425		877.6529900580645
10193698	395		837.6955119259655
10194754	415		782.4386085569859
10195781	429		806.0413436032832
10196795	437		913.3779336996377
10197814	441		922.5629887208343
10198768	390		820.494929049164
10199802	380		759.0693458430469
10200855	415		900.074620578438
10201933	486		967.8925200030208
10202992	522		1031.897738147527
10204014	527		1064.3071695528924
10205064	546		1126.0469069220126
10206124	576		1161.570597462356
10207241	654		1171.9469290710986
10208259	618		1278.552158471197
10209293	642		1305.610724721104
10210294	638		1282.3450780883431
10211231	574		1258.3249902166426
10212208	549		1122.0443779081106
10213180	517		1072.4603287391365
10214223	535		1070.4334212429821
10215252	540		1096.4499294832349
10216301	587		1179.1633826047182
10217301	586		1224.4088178761303
10218289	553		1126.1342514008284
10219375	594		1125.0578203462064
10220387	556		1164.6666876338422
10221532	657		1196.3602853231132
10222550	625		1281.1162472367287
10223513	586		1268.4950151480734
10224580	610		1222.1597450859845
10225619	613		1267.0059868618846
10226699	656		1333.9942351952195
10227838	761		1390.0088422894478
10228863	780		1536.5679984502494
10229833	734		1483.8986961320043
10230888	745		1470.506555147469
10231837	672		1439.2037942446768
10232989	773		1348.2978475019336
10233997	768		1562.0110683590174
10235007	748		1474.2451664432883
10236029	740		1496.9207243546844
10237074	773		1441.916919965297
10238143	814		1645.277961101383
10239158	803		1586.8817591518164
10240174	783		1635.5644738674164
10241182	744		1464.5108483843505
10242251	760		1492.27004256472
10243225	715		1462.7880140766501
10244201	682		1280.7487463094294
10245230	663		1328.1424151696265
10246281	688		1411.6372144073248
10247310	693		1309.8868921808898
10248400	731		1482.1048581264913
10249398	727		1483.4955258183181
10250412	717		1528.239291716367
10251399	701		1429.2452553398907
10252352	645		1296.7083056420088
10253453	709		1377.7227916680276
10254492	708		1432.0011501833797
10255477	646		1344.1744913756847
10256545	707		1300.7414957545698
10257618	725		1441.7740857563913
10258572	678		1347.3523342311382
10259519	585		1274.9694218076766
10260526	591		1197.3390407599509
10261553	595		1258.779616970569
10262655	690		1281.5140295401216
10263699	717		1427.8337168581784
10264694	712		1440.2948198281229
10265660	678		1436.8990301564336
10266662	658		1244.1693415790796
10267703	684		1310.3247781433165
10268694	626		1285.8236163444817
10269726	614		1253.844527516514
10270727	608		1217.3848245032132
10271786	648		1246.359067324549
10272829	649		1257.4842135123909
10273884	674		1398.7320468835533
10275024	806		1520.2684053257108
10276044	806		1563.5464207194746
10277062	781		1646.8681123629212
10278075	764		1457.2583859413862
10279049	736		1513.2704188376665
10280006	693		1464.053961802274
10281008	670		1375.631294220686
10282032	683		1393.3424304798245
10283029	668		1305.0407910235226
10284125	743		1429.7806773632765
10285137	737		1500.1960827112198
10286163	760		1464.2109614014626
10287216	797		1597.9088539220393
10288259	794		1616.1547397002578
10289245	768		1548.2766319066286
10290251	773		1529.118619132787
10291248	736		1584.4052776247263
10292336	787		1536.1158703528345
10293414	811		1646.2622564695776
10294378	756		1559.1242379620671
10295395	745		1572.7038593553007
10296421	763		1574.179680582136
10297493	799		1566.456521652639
10298595	864		1599.7619174867868
10299582	812		1637.7664196006954
10300582	781		1511.9597228392959
10301551	726		1442.7402407340705
10302598	772		1462.8584106117487
10303648	778		1479.1714925654233
10304696	782		1596.3888876065612
10305695	738		1519.5667799003422
10306872	877		1589.7976424731314
10307934	921		1798.1187684200704
10308953	940		1846.6055692248046
10309971	937		1927.309975810349
10311016	959		1937.6818953044713
10312022	963		1922.18663424626
10313026	915		1886.562623295933
10314036	879		1715.518695525825
10315027	863		1733.9795943014324
10316093	901		1755.4641994535923
10317146	924		1867.603207256645
10318168	936		1860.3877142071724
10319217	953		1896.9554949142039
10320230	933		1865.822031956166
10321250	912		1884.581093776971
10322343	956		1913.6276743784547
10323315	922		1887.2799980901182
10324306	902		1841.0388570018113
10325279	860		1765.2349663600326
10326377	938		1806.2025981023908
10327437	973		1841.3125798627734
10328445	946		1946.7888750061393
10329443	893		1787.0194803252816
10330449	866		1756.6534192450345
10331479	865		1771.3333411216736
10332490	844		1671.9309190623462
10333515	822		1695.087075598538
10334548	819		1648.455562774092
10335653	896		1704.2813576757908
10336696	903		1819.6566394343972
10337830	1010		1964.0866013355553
10338857	1007		2042.8520262539387
10339912	1034		2070.0647345483303
10340953	1063		2037.6988460049033
10341860	958		1995.006779897958
10342940	1024		1979.8392436914146
10343954	1025		2135.489149712026
10344926	996		2068.0469427257776
10345952	977		2013.2776561640203
10347041	1022		1977.2830388955772
10348118	1075		2091.2282090447843
10349136	1070		2087.63560571149
10350195	1098		2187.305073481053
10351273	1139		2196.7237335033715
10352343	1171		2333.425272088498
10353365	1163		2284.0022363737226
10354349	1120		2304.1974930353463
10355386	1131		2191.367097720504
10356425	1158		2233.439874880016
10357440	1157		2358.6701738983393
10358401	1079		2232.488789282739
10359470	1146		2263.236041095108
10360469	1085		2263.3601797036827
10361446	1043		2122.8659009076655
10362555	1114		2109.708224441856
10363562	1106		2199.095300845802
10364566	1084		2143.372082684189
10365608	1080		2189.779307477176
10366580	1020		2108.996795028448
10367621	1059		2049.9187972322106
10368662	1059		2130.3252831846476
10369718	1113		2128.7975581288338
10370688	1056		2185.7683941312134
10371773	1125		2196.9350419938564
10372813	1148		2308.640339989215
10373855	1163		2259.5311454236507
10374839	1136		2274.4842335507274
10375829	1118		2286.4799683503807
10376814	1070		2163.2448180504143
10377902	1114		2142.2721922434866
10378875	1041		2125.315123911947
10379956	1121		2088.7716125287116
10380908	1069		2240.750726055354
10381976	1088		2140.131413925439
10383019	1098		2198.0338850952685
10384035	1108		2281.1999477408826
10385142	1178		2342.4914893619716
10386124	1134		2266.856181524694
10387118	1117		2138.611640408635
10388095	1087		2200.4280119799078
10389111	1102		2170.4793143980205
10390141	1080		2213.65910070017
10391231	1145		2203.253338113427
10392186	1086		2360.0034741684794
10393241	1111		2242.588306106627
10394247	1100		2169.1779437996447
10395292	1134		2187.5568815283477
10396354	1175		2308.011692713946
10397350	1161		2440.757133834064
10398313	1104		2303.646130140871
10399294	1069		2307.325515870005
10400357	1128		2272.1803613081574
10401446	1182		2299.849703513086
10402487	1172		2335.869161207229
10403547	1222		2391.867615401745
10404542	1183		2488.13413374871
10405496	1111		2299.9456376843154
10406567	1147		2284.58115984872
10407581	1121		2190.824957255274
10408627	1142		2318.858409460634
10409641	1153		2276.312378965318
10410667	1149		2312.9496698006988
10411678	1132		2223.4745754376054
10412645	1093		2260.269445989281
10413685	1113		2253.3612155020237
10414728	1154		2236.7990802414715
10415781	1163		2284.013432893902
10416779	1109		2292.5674085505307
10417866	1174		2297.2894987761974
10418897	1169		2380.5482669845223
10419957	1223		2419.120677869767
10420921	1180		2436.909965734929
10421895	1133		2206.8663829676807
10422946	1161		2217.010554011911
10423990	1196		2502.6159075312316
10425073	1232		2429.215933866799
10426058	1195		2431.6655887775123
10427030	1125		2436.9407275356352
10427998	1074		2217.2316302657127
10429109	1138		2164.192360430956
10430059	1081		2242.448327358812
10431098	1085		2191.173558820039
10432126	1102		2168.107309732586
10433155	1093		2239.0733078233898
10434170	1091		2171.8745610788465
10435257	1176		2288.286113873124
10436207	1107		2230.431178405881
10437282	1149		2340.773137483746
10438355	1180		2313.9826544336975
10439362	1185		2390.5371173731983
10440353	1137		2321.984741281718
10441438	1180		2274.286975353956
10442428	1155		2309.9000634513795
10443450	1141		2228.8591671846807
10444443	1118		2298.148028321564
10445396	1071		2210.571675028652
10446403	1043		2185.302309188992
10447573	1175		2209.8948415331542
10448580	1158		2417.9967197850347
10449521	1092		2199.3596361353993
10450577	1103		2177.093572668731
10451578	1098		2199.373894535005
10452641	1149		2168.4854746982455
10453698	1172		2335.133210659027
10454768	1220		2408.1284518428147
10455779	1198		2365.9539353512228
10456755	1125		2235.9651860520244
10457763	1113		2206.861623842269
10458797	1131		2178.3135928995907
10459854	1145		2278.0819635875523
10460916	1175		2303.8405715972185
10461930	1178		2321.2851583063602
10462978	1189		2370.2523929663002
10464039	1235		2455.81952913478
10465066	1231		2410.399960462004
10466117	1279		2473.202242396772
10467223	1371		2527.239350002259
10468317	1459		2762.7478748857975
10469404	1503		2980.6432040035725
10470369	1427		2810.9112362600863
10471447	1490		2929.1112707406282
10472488	1489		2851.95641618222
10473438	1381		2831.453283365816
10474507	1410		2809.1107340566814
10475610	1473		2829.2138137742877
10476661	1502		2949.8456577695906
10477746	1547		2948.1246432736516
10478828	1589		3105.2805530689657
10479883	1608		3213.6998018063605
10480986	1662		3315.827380012721
10482051	1674		3318.0543855018914
10483085	1674		3212.1832609809935
10484152	1690		3296.018941745162
10485166	1656		3229.5988561585546
10486155	1614		3235.9470666348934
10487231	1656		3335.6585950255394
10488332	1752		3404.7182547822595
10489378	1752		3457.807571325451
10490363	1720		3481.757912017405
10491418	1725		3341.4742597974837
10492450	1719		3409.6338274404407
10493466	1705		3489.0745535716414
10494567	1765		3507.1125075146556
10495591	1757		3524.276814840734
10496589	1725		3517.3885257579386
10497605	1716		3376.2600146643817
10498598	1689		3354.80808897689
10499621	1704		3362.267118718475
10500672	1706		3433.4252944402397
10501676	1677		3415.1972514018416
10502686	1687		3326.5819041728973
10503763	1752		3368.427421823144
10504740	1715		3427.142897989601
10505809	1743		3479.061327908188
10506846	1759		3527.0798499062657
10507894	1792		3615.469517376274
10508899	1784		3634.005833543837
10510031	1874		3714.8404849134386
10511039	1873		3685.286955051124
10512051	1837		3729.265822093934
10513072	1841		3752.875151898712
10514023	1765		3667.097437746823
10515023	1749		3620.402491670102
10516080	1763		3537.655607499182
10517150	1819		3554.638791140169
10518210	1832		3615.385860040784
10519270	1856		3657.2049565017223
10520316	1887		3761.162768173963
10521301	1847		3676.9214616045356
10522333	1866		3792.3568004332483
10523376	1872		3743.089431926608
10524446	1930		3809.7932124622166
10525462	1941		3910.4320029355586
10526486	1931		3904.735410757363
10527486	1927		3807.505098734051
10528449	1882		3743.5206035636365
10529390	1774		3539.848878439516
10530398	1760		3509.6216779090464
10531451	1781		3572.2053161896765
10532481	1795		3539.622379489243
10533514	1792		3434.824543263763
10534563	1810		3593.540897767991
10535554	1791		3623.1305311247706
10536553	1768		3540.4236214384437
10537490	1682		3438.890409514308
10538561	1718		3399.039253797382
10539598	1726		3416.975301794708
10540592	1718		3468.3549286462367
10541699	1783		3574.230084091425
10542666	1747		3550.7425166592
10543779	1857		3703.724994510412
10544772	1841		3582.0148957818747
10545752	1814		3679.2805992141366
10546732	1780		3599.3569111563265
10547684	1715		3550.569418106228
10548726	1750		3511.2726344019175
10549814	1830		3534.5629530102015
10550854	1866		3719.954635500908
10551835	1822		3738.8954361751676
10552862	1825		3717.529760159552
10553873	1805		3623.610822606832
10554883	1781		3636.7279347479343
10555901	1788		3607.8122657835484
10556941	1795		3595.618760365993
10557933	1774		3634.8675599507987
10558916	1726		3585.0335552468896
10559899	1692		3454.5265262313187
10560922	1698		3347.5978090390563
10561956	1717		3302.898884329945
10562995	1745		3359.907531518489
10563949	1693		3488.880884755403
10564951	1690		3450.11646842584
10565988	1702		3468.914042174816
10567019	1720		3349.3678557239473
10568016	1691		3318.3463811464608
10569001	1643		3420.6897498108447
10569927	1569		3248.508032847196
10570896	1514		3147.481278926134
10571889	1498		3022.0016547851264
10572995	1577		3045.2988414503634
10574102	1662		3149.2265747375786
10575082	1638		3192.1856876015663
10576130	1677		3383.035307481885
10577137	1662		3319.223073992878
10578182	1681		3292.7330725491047
10579176	1657		3288.9428740739822
10580193	1652		3307.23310861364
10581208	1646		3233.295323677361
10582222	1634		3289.5707390643656
10583259	1629		3288.889131281525
10584374	1682		3262.7562479153275
10585432	1707		3370.8782474435866
10586525	1779		3485.8829102665186
10587617	1838		3527.5563515871763
10588645	1846		3609.794827647507
10589712	1882		3648.101035565138
10590732	1888		3699.4968882128596
10591787	1904		3768.671979639679
10592819	1893		3814.9259334243834
10593848	1887		3738.1529680751264
10594908	1903		3693.607065245509
10595867	1845		3739.1004576198757
10596915	1869		3805.8653372973204
10597872	1804		3713.327451981604
10598957	1873		3762.6110434159636
10599931	1818		3592.87046148628
10601044	1902		3785.598780721426
10602240	2076		3955.5148367211223
10603236	2056		3951.316961672157
10604278	2087		4098.866274684668
10605335	2115		4138.714221630245
10606366	2134		4200.731775481254
10607421	2165		4257.796853970736
10608470	2182		4365.8673758767545
10609557	2229		4479.91305565089
10610540	2196		4439.524718508124
10611510	2138		4366.668563436717
10612514	2122		4323.885813698173
10613526	2130		4342.690747004002
10614520	2116		4314.0112639293075
10615577	2132		4160.784354832023
10616588	2130		4124.340847983956
10617621	2154		4233.883140113205
10618585	2118		4150.214956484735
10619601	2107		4143.493554033339
10620514	1994		3914.5168010294437
10621538	2000		3995.1385368816555
10622615	2053		4003.6860912032425
10623664	2080		3999.628141090274
10624621	2012		4104.950986582786
10625652	1999		4006.3867372199893
10626683	2018		3911.6330046728253
10627684	1986		3898.9760541059077
10628694	1955		3997.973806489259
10629658	1914		3972.159403961152
10630666	1882		3912.233820423484
10631643	1853		3841.394175145775
10632681	1855		3643.254108566791
10633658	1821		3600.0461065918207
10634626	1776		3630.5980482138693
10635593	1736		3598.255454029888
10636671	1766		3412.907196793705
10637695	1770		3411.0701852552593
10638714	1757		3532.0410088971257
10639682	1675		3621.035701882094
10640744	1679		3453.1154248528183
10641737	1668		3303.4773895405233
10642819	1705		3350.067488119006
10643866	1731		3415.2028123140335
10644839	1699		3436.3970165364444
10645876	1701		3364.407338552177
10646902	1726		3354.66851830855
10647886	1703		3407.146872624755
10648985	1770		3587.506065454334
10650008	1788		3519.689693801105
10650946	1717		3390.3471424877644
10651989	1727		3365.882601365447
10652951	1682		3367.333635594696
10653919	1650		3284.511480603367
10654954	1655		3270.8036841638386
10656024	1713		3287.7952046208084
10657000	1676		3360.888188831508
10658127	1740		3399.498255673796
10659151	1744		3339.915510509163
10660125	1699		3340.9425254277885
10661126	1678		3346.2058935314417
10662162	1694		3419.232251469046
10663140	1660		3378.1821486875415
10664100	1607		3313.4959674216807
10665121	1599		3312.9808400571346
10666217	1639		3212.2855199724436
10667227	1617		3189.270752876997
10668193	1548		3176.5941759571433
10669238	1549		3135.0519310608506
10670292	1560		3077.028304796666
10671327	1547		3117.852857477963
10672357	1557		3320.074869953096
10673376	1514		3182.209250085056
10674427	1556		3101.7813146412373
10675401	1525		3010.807630866766
10676436	1527		3043.9971564784646
10677450	1508		3090.332447476685
10678479	1519		3027.0296685621142
10679494	1531		3012.5835817866027
10680523	1543		2952.261085227132
10681555	1566		3059.733624558896
10682582	1562		3121.7580841071904
10683598	1549		3130.4827512800694
10684596	1528		3055.9563413597643
10685619	1511		2945.977311268449
10686680	1522		2942.151634372771
10687716	1509		3033.691029880196
10688800	1564		3041.3694753460586
10689843	1562		3039.004995752126
10690804	1517		3146.520701393485
10691768	1460		3004.886293888092
10692794	1440		2922.290232092142
10693886	1522		2985.0430527329445
10694933	1539		3041.714403849095
10695916	1503		3060.527956031263
10696967	1514		3168.0045787617564
10697927	1449		3037.8546167314053
10698993	1468		2901.9163797833025
10699992	1457		2762.3242796994746
10701030	1482		2827.346757300198
10702125	1570		2996.1336873993278
10703247	1662		3159.2129412032664
10704243	1641		3209.0438813082874
10705366	1737		3348.710271127522
10706411	1759		3418.025802899152
10707474	1790		3533.3839294686913
10708500	1810		3550.973290089518
10709480	1787		3557.8680334165692
10710601	1898		3678.5969782695174
10711662	1931		3619.645606942475
10712610	1851		3686.826556880027
10713646	1846		3779.3410323038697
10714727	1914		3794.960057705641
10715723	1881		3726.1467897742987
10716750	1876		3796.345533914864
10717742	1859		3863.6587106995285
10718795	1907		3932.5771200992167
10719735	1826		3745.2455102838576
10720740	1796		3780.1610365770757
10721810	1846		3717.841993369162
10722820	1854		3764.9028942734003
10723752	1749		3719.5445678569376
10724800	1781		3499.1072489097714
10725927	1878		3536.279700342566
10727028	1951		3734.5015958212316
10728054	1961		3756.5167827419937
10729049	1927		3888.4389519020915
10730139	1977		4002.5079229213297
10731168	1996		3847.481185503304
10732259	2082		4019.6251690275967
10733289	2090		4130.93598684296
10734248	2019		4146.214407756925
10735221	1988		4124.1118991188705
10736301	2020		4012.7781573086977
10737351	2038		4007.096861742437
10738364	2048		4047.7987238653004
10739309	1987		3959.8049672432244
10740292	1957		3960.9698050171137
10741387	2034		4109.819984797388
10742376	2002		4037.6272804252803
10743365	1961		3965.055068705231
10744444	2012		4008.303820196539
10745496	2061		4066.2258017659187
10746568	2105		4157.823102440685
10747549	2058		4113.676517058164
10748543	2010		4059.0278411582112
10749526	1966		3964.256502561271
10750550	1976		3940.7411398403347
10751573	1994		3884.347051948309
10752490	1906		3845.9402795769274
10753578	1944		3871.30452208966
10754582	1908		3745.903745636344
10755617	1913		3750.5739978142083
10756574	1842		3703.796376116574
10757599	1855		3847.4916624240577
10758543	1786		3739.300192259252
10759551	1790		3654.344074483961
10760630	1850		3604.8958659395576
10761641	1852		3612.398949775845
10762670	1855		3654.144402410835
10763640	1821		3650.912181057036
10764665	1819		3704.5273316018283
10765714	1815		3547.041190750897
10766754	1824		3706.7744306772947
10767822	1842		3738.318730663508
10768896	1878		3851.4798964858055
10769926	1875		3824.809474814683
10770944	1884		3893.7641642950475
10772026	1930		3867.486606206745
10773005	1870		3718.8782147429883
10774125	1957		3802.2240226715803
10775208	2012		3900.318548154086
10776238	2023		4093.242321167141
10777207	1982		4068.7512318082154
10778245	2019		4019.2039236985147
10779256	2008		4025.2211778499186
10780218	1965		3989.752567946911
10781199	1932		3760.0048254951835
10782218	1938		3879.697320833802
10783146	1858		3935.4166466258466
10784182	1888		3914.5200954936445
10785179	1848		3730.188378226012
10786204	1823		3657.4765594899654
10787196	1774		3631.7903259694576
10788314	1847		3614.3724268339574
10789431	1946		3727.9907781407237
10790382	1866		3702.349502339959
10791389	1854		3807.498875487596
10792390	1835		3686.5371700786054
10793427	1837		3787.648858718574
10794439	1835		3692.0034698843956
10795444	1808		3675.9730239138007
10796449	1804		3631.1314706616104
10797521	1836		3636.8182974793017
10798454	1716		3456.0071253106
10799429	1690		3360.790640089661
10800501	1720		3367.8029677420855
10801484	1692		3405.6470675058663
10802480	1682		3338.1226657405496
10803549	1717		3373.6820287182927
10804692	1817		3527.3656000755727
10805678	1772		3487.076838169247
10806697	1767		3512.5884980373085
10807643	1671		3422.822327334434
10808627	1620		3352.486644845456
10809628	1614		3240.353890694678
10810644	1600		3262.4658043272793
10811664	1611		3236.7115666382015
10812708	1651		3220.590977616608
10813731	1644		3256.878058832139
10814729	1597		3346.257174178958
10815776	1600		3265.8525678627193
10816885	1660		3281.4838599935174
10817965	1718		3391.4626582302153
10819020	1725		3409.2719750516117
10820022	1673		3432.7402903474867
10821027	1656		3373.1757442317903
10821997	1585		3233.9648398309946
10823115	1684		3265.1172198206186
10824217	1761		3392.0779414512217
10825273	1794		3516.3077971823514
10826327	1822		3607.386034473777
10827390	1847		3635.1722949258983
10828409	1853		3623.631001766771
10829418	1848		3635.5736514404416
10830437	1852		3790.9514937102795
10831341	1744		3748.402364630252
10832380	1726		3715.837582554668
10833397	1734		3523.1725172027946
10834427	1749		3496.529827762395
10835427	1719		3596.4425628073514
10836551	1809		3534.6027272306383
10837620	1853		3644.652843542397
10838634	1830		3673.9372271746397
10839677	1829		3635.6454782299697
10840737	1867		3717.2558072395623
10841746	1838		3648.013687353581
10842788	1857		3694.144387550652
10843794	1860		3683.942267984152
10844768	1823		3684.6206367239356
10845744	1770		3646.506491895765
10846712	1728		3472.7579118460417
10847784	1756		3522.3129826635122
10848881	1837		3759.6966026313603
10849871	1819		3670.6630884483457
10850835	1768		3609.2431485913694
10851899	1803		3725.6771181486547
10852974	1831		3644.053390737623
10854022	1841		3513.7338434122503
10855118	1888		3566.4849373064935
10856128	1882		3759.2212988324463
10857169	1897		3915.1345830112696
10858182	1891		3748.28356956318
10859170	1863		3733.753480836749
10860256	1925		3876.4520214162767
10861235	1881		3831.881994072348
10862184	1786		3727.9230735376477
10863209	1772		3652.9063806682825
10864270	1787		3496.839561507106
10865354	1832		3529.123778820038
10866335	1780		3589.6381538286805
10867384	1793		3616.4224106371403
10868438	1802		3468.793615050614
10869520	1859		3539.496767051518
10870537	1860		3653.1778194233775
10871508	1805		3698.197928082198
10872461	1753		3594.073667228222
10873441	1727		3469.903863001615
10874449	1723		3451.1911193467677
10875421	1690		3479.2124655880034
10876445	1679		3459.8844998925924
10877380	1585		3400.9281862974167
10878294	1483		3098.6386194601655
10879292	1461		2951.615458726883
10880266	1393		2910.22818640247
10881307	1390		2819.2332815118134
10882334	1361		2644.4920452050865
10883326	1351		2679.7630167342722
10884377	1389		2730.5772191248834
10885479	1491		2844.86541505903
10886454	1436		2832.0837884172797
10887535	1458		2860.6034094281495
10888614	1504		2871.718287203461
10889611	1469		2983.6051760837436
10890617	1447		2965.696079853922
10891620	1448		2933.8227680511773
10892676	1448		2858.1079389564693
10893618	1383		2746.9116378873587
10894605	1355		2735.904160436243
10895547	1281		2660.584131836891
10896610	1329		2691.125612076372
10897664	1328		2751.5315079167485
10898710	1339		2739.761776432395
10899771	1336		2639.0553233362734
10900666	1225		2519.615728877485
10901655	1197		2481.6845188736916
10902748	1260		2433.893931746483
10903794	1294		2567.2235818468034
10904813	1272		2619.2392515949905
10905855	1263		2589.1787401027977
10906899	1275		2535.8860560916364
10907887	1244		2511.3641362264752
10908908	1249		2446.6250018812716
10909987	1286		2563.1074029766023
10911008	1301		2651.412953078747
10911977	1243		2551.969120334834
10913049	1302		2488.3029630482197
10914111	1330		2629.337904728949
10915161	1364		2575.529634717852
10916212	1377		2755.4641066379845
10917247	1401		2748.2016927860677
10918284	1392		2822.1944662816823
10919297	1403		2767.796231467277
10920300	1383		2733.603125959635
10921347	1393		2654.9894980452955
10922415	1411		2730.8152299262583
10923474	1459		2871.458251070231
10924512	1479		2961.7149570696056
10925560	1482		2950.8731053993106
10926622	1543		3063.7348182424903
10927552	1464		2976.642947770655
10928522	1426		2912.4212901219726
10929611	1503		3070.3269669897854
10930759	1605		3174.0893125012517
10931808	1616		3197.9576939977705
10932753	1557		3131.9553212486207
10933823	1589		3190.071768786758
10934811	1537		3150.4769110046327
10935815	1503		2982.244226012379
10936826	1512		2966.730909924954
10937811	1463		3032.51659302786
10938864	1515		3139.9157223664224
10939873	1502		3010.2397596538067
10940940	1541		3000.1128124184906
10941974	1574		3066.281829211861
10942967	1562		3084.746773917228
10944009	1602		3267.3104453496635
10945065	1616		3218.1097182407975
10946184	1710		3246.233641576022
10947183	1700		3327.0863280296326
10948211	1687		3429.7401108704507
10949259	1686		3428.002116575837
10950311	1716		3387.095108360052
10951310	1680		3297.331980917603
10952312	1676		3303.747130550444
10953417	1750		3345.3441224843264
10954447	1753		3549.33810563758
10955567	1832		3540.8637137673795
10956619	1842		3459.897881627083
10957691	1893		3661.079762440175
10958775	1935		3793.77465390414
10959800	1955		3759.551216971129
10960824	1962		3843.671233482659
10961901	2013		3917.0972284041345
10962947	2005		4007.1540861539543
10964095	2114		4114.994008071721
10964994	2010		4012.0977167077363
10966074	2045		4241.204398278147
10967083	2028		4073.1408298052847
10968208	2114		4050.4839753471315
10969231	2111		4021.0140486694872
10970284	2142		4226.19506585598
10971306	2162		4377.652736477554
10972316	2150		4332.857705246657
10973333	2121		4289.584746532142
10974323	2093		4293.001702964306
10975411	2135		4210.051822509617
10976386	2079		4126.765242964029
10977455	2127		4260.170882418752
10978489	2139		4156.965537086129
10979491	2100		4155.301400855184
10980472	2074		4185.712770622224
10981509	2078		4216.437387160957
10982546	2113		4162.745789423585
10983627	2163		4183.959319461137
10984731	2230		4286.79932687059
10985735	2204		4297.560911867768
10986732	2190		4304.942429188639
10987812	2230		4499.9010581076145
10988853	2259		4501.264559082687
10989829	2229		4463.056384716183
10990820	2173		4399.797234803438
10991823	2176		4367.691692456603
10992815	2165		4270.255758348852
10993770	2117		4271.04984067753
10994797	2123		4362.887180373073
10995821	2110		4329.667994245887
10996864	2142		4359.652943350375
10997859	2102		4218.934182558209
10998885	2109		4273.210265927017
10999847	2055		4250.603425960988
11000992	2176		4354.466926667839
11002074	2213		4278.187080793083
11003106	2203		4286.708201568574
11004093	2147		4349.178469404578
11005143	2172		4500.226523078978
11006138	2153		4430.754484694451
11007146	2112		4424.172545194626
11008242	2208		4414.440027799457
11009246	2172		4347.053870290518
11010356	2240		4528.222268063575
11011392	2242		4490.54914297536
11012471	2286		4494.037790108472
11013565	2356		4534.442016556859
11014586	2347		4615.488461308181
11015510	2263		4661.010128866881
11016526	2246		4648.7302685417235
11017522	2230		4527.486133065075
11018625	2331		4555.21384287253
11019621	2287		4575.0186704061925
11020647	2312		4650.116517856717
11021634	2290		4523.340031079948
11022641	2279		4550.880585197359
11023674	2310		4552.224019970745
11024619	2235		4544.643505882472
11025598	2171		4417.953121215105
11026569	2121		4382.413130801171
11027599	2138		4386.033360477537
11028575	2085		4282.059934217483
11029567	2031		4136.272858593613
11030553	2001		4052.821041893214
11031604	2014		4067.2913777455688
11032608	1987		3956.1886745058
11033686	2048		4034.0330227687955
11034636	1984		4011.4096271954477
11035658	1964		4065.2866067774594
11036709	1978		3993.742330573499
11037705	1959		3909.4769895896316
11038756	1964		3906.234879065305
11039738	1941		3887.9441793709993
11040731	1891		3812.0673751607537
11041784	1914		3703.9282349571586
11042764	1880		3601.060573130846
11043734	1841		3608.3782464526594
11044829	1905		3695.662718128413
11045810	1884		3701.922096736729
11046855	1879		3817.6772767305374
11047820	1835		3738.5740692541003
11048815	1819		3787.995388865471
11049899	1885		3704.155280008912
11050873	1857		3640.934608988464
11051901	1865		3770.2975149974227
11053017	1942		3802.2319815419614
11054026	1942		3950.8444651663303
11054925	1833		3852.6623999141157
11055969	1842		3765.262172356248
11056966	1804		3763.6168879009783
11057913	1749		3552.332769718021
11058972	1787		3536.9206251464784
11059975	1742		3461.830797176808
11061072	1802		3531.803602296859
11062147	1821		3592.9068464636803
11063156	1792		3677.7525593601167
11064189	1776		3689.5141244009137
11065240	1790		3602.6311976388097
11066359	1900		3610.5737338997424
11067407	1916		3726.2661227211356
11068359	1854		3708.8141433745623
11069365	1836		3616.833503782749
11070397	1817		3667.9627919234335
11071440	1839		3703.155883792788
11072455	1839		3775.042530424893
11073435	1800		3686.0591569542885
11074479	1819		3718.5581506192684
11075575	1864		3645.140468906611
11076602	1854		3660.7890443578362
11077629	1843		3784.1919892914593
11078619	1820		3658.118088245392
11079640	1823		3735.1922245547175
11080686	1849		3748.8486250191927
11081733	1855		3718.96805389598
11082796	1913		3768.517986584455
11083893	1953		3766.026957243681
11084964	1980		3825.3755686692894
11085986	1992		3895.8774645738304
11087019	2025		4016.430390622467
11088027	1998		4112.330836638808
11089072	2003		4097.450510848314
11090088	1982		4050.967548325658
11091115	1993		4108.631517600268
11092138	1977		4024.6745331063867
11093191	1987		4012.037717025727
11094183	1948		3901.2468698360026
11095186	1951		3919.76009619236
11096193	1937		3932.6378181278706
11097291	2010		3986.6488692983985
11098340	2043		4000.2650005035102
11099353	2011		3995.1314348056912
11100297	1896		3782.310036510229
11101316	1893		3868.026306409389
11102387	1911		3790.2405216023326
11103416	1892		3815.6341596506536
11104405	1875		3821.3296227119863
11105463	1883		3775.8243989385664
11106472	1845		3685.33163517341
11107472	1812		3651.3478838913143
11108458	1776		3583.1156711280346
11109542	1834		3418.148423630744
11110564	1811		3480.7219596989453
11111557	1753		3610.216669343412
11112692	1840		3690.572982069105
11113766	1867		3662.2384943515062
11114727	1825		3650.5999414399266
11115778	1825		3722.555851805955
11116890	1894		3657.7093777880073
11117941	1923		3749.4551069028676
11118953	1920		3779.987810585648
11119905	1863		3649.8130508884788
11120883	1825		3724.6078001745045
11121968	1876		3842.083505589515
11122979	1876		3779.85197320953
11124034	1909		3706.47512441501
11125035	1894		3697.9080200120807
11126064	1922		3775.276140306145
11127154	1988		3825.818816985935
11128144	1973		3859.7720483765006
11129138	1950		3919.295383196324
11130162	1919		3791.744656957686
11131131	1856		3710.0833498500288
11132110	1805		3722.167399022728
11133158	1804		3647.3956588059664
11134158	1768		3553.068699590862
11135212	1787		3610.8770937398076
11136221	1762		3610.4615262299776
11137226	1760		3562.624445427209
11138151	1684		3397.535504538566
11139139	1646		3378.1515055932105
11140215	1676		3390.100837510079
11141184	1633		3381.2903445847332
11142209	1621		3229.3520273044705
11143312	1691		3234.4470233656466
11144309	1687		3333.6392161548138
11145247	1625		3384.8982807397842
11146289	1644		3392.428927592933
11147351	1666		3349.5421019159257
11148350	1621		3199.5163660794497
11149292	1530		3141.0093862637877
11150294	1488		3106.8156822174788
11151397	1552		3115.7601164132357
11152450	1565		3254.6367709487677
11153427	1527		3203.1801860779524
11154380	1428		3015.4874820783734
11155442	1473		3016.463557906449
11156402	1428		2922.338387288153
11157475	1498		3074.626811258495
11158541	1527		3034.5046917535365
11159647	1599		3072.1666593290865
11160736	1660		3130.32997078076
11161715	1632		3252.5799690671265
11162782	1657		3306.2498788759112
11163895	1730		3356.455938335508
11164965	1769		3467.36023850739
11165969	1730		3437.2678971141577
11166936	1683		3477.925296071917
11167967	1669		3384.979887958616
11168997	1689		3417.8154410272837
11169965	1628		3269.615713663399
11170916	1572		3275.108031667769
11171899	1546		3168.8473948426545
11172898	1530		3198.6773561388254
11173991	1577		3143.843018911779
11175068	1605		3194.5079696662724
11176052	1582		3190.5484171286225
11177118	1647		3263.079847369343
11178144	1625		3257.335919711739
11179173	1630		3301.6702143773437
11180100	1548		3148.260310139507
11181123	1541		3026.5284844487906
11182146	1525		3071.6869347691536
11183219	1586		3174.473644208163
11184224	1589		3246.248794492334
11185195	1560		3185.9877926893532
11186271	1624		3186.106356807053
11187422	1736		3359.3824048005044
11188487	1758		3414.1018858253956
11189584	1819		3531.7704528681934
11190611	1842		3542.7062869668007
11191575	1797		3629.7530821226537
11192578	1786		3597.992064923048
11193607	1780		3479.827886816114
11194639	1770		3543.4475187323987
11195690	1776		3571.2220736145973
11196739	1821		3633.2373045794666
11197765	1814		3695.8441120907664
11198837	1877		3637.1583980470896
11199910	1911		3678.363176461309
11200990	1943		3772.2622695602477
11202012	1932		3753.205954466015
11203033	1912		3721.156300522387
11204105	1975		3872.383143506944
11205077	1927		3880.6027068682015
11206106	1945		3881.8054108545184
11207093	1889		3765.8418079018593
11208027	1794		3616.3927027247846
11209074	1840		3714.2079962715507
11210110	1851		3752.2526873871684
11211115	1827		3751.7826194763184
11212001	1703		3628.3385295905173
11212993	1650		3430.4677190072834
11213936	1572		3267.162912864238
11214972	1558		3179.8150814585388
11215967	1536		3074.475074701011
11217043	1611		3159.9624089486897
11218135	1653		3114.0313957333565
11219125	1627		3152.970068451017
11220164	1642		3219.550058193505
11221200	1632		3223.0944501049817
11222201	1613		3222.5427428148687
11223205	1566		3173.140236929059
11224222	1567		3197.777896743268
11225273	1599		3240.8913193531334
11226292	1602		3173.5051635839045
11227314	1582		3182.783380791545
11228321	1560		3168.134129859507
11229292	1493		3215.3299304917455
11230229	1406		2866.8264987394214
11231310	1473		2950.9650171250105
11232358	1471		2897.8666902519763
11233382	1451		2945.4965359270573
11234368	1407		2848.240065012127
11235325	1331		2773.5913522280753
11236388	1379		2731.4377307258546
11237361	1315		2657.351948555559
11238433	1379		2654.938770957291
11239384	1286		2660.2185189165175
11240453	1323		2578.1314027793705
11241524	1353		2658.957396749407
11242576	1362		2670.6895418167114
11243573	1324		2642.5843585841358
11244662	1393		2672.7723064161837
11245674	1395		2714.2268719933927
11246752	1447		2805.393907956779
11247791	1456		3049.6950509250164
11248823	1466		2987.8437401913106
11249918	1518		3103.99386459589
11250997	1549		3040.439630366862
11251997	1512		3074.6076317951083
11253039	1529		3132.7642679549754
11254080	1540		3121.013237118721
11255154	1563		3099.1025740094483
11256163	1555		3056.2609840221703
11257227	1580		3136.0157119967043
11258209	1538		3070.182224087417
11259213	1538		3091.733684103936
11260180	1495		3108.9772269055247
11261277	1550		3149.213695026934
11262275	1548		3084.826387550682
11263170	1436		3096.6469188034534
11264141	1406		3001.933886349201
11265168	1412		2791.9429416172206
11266174	1400		2743.919258594513
11267166	1367		2719.027500540018
11268260	1416		2882.8028835840523
11269257	1376		2754.302230015397
11270283	1390		2724.818374503404
11271240	1345		2684.5254721939564
11272325	1411		2730.1936053670943
11273283	1361		2741.6685063391924
11274267	1323		2721.84213385731
11275272	1328		2612.171167641878
11276343	1363		2694.33127964288
11277326	1345		2701.058004911989
11278337	1328		2609.60246803239
11279336	1297		2675.338648390025
11280361	1290		2585.8693064004183
11281444	1340		2711.839723058045
11282438	1321		2649.043916914612
11283483	1348		2721.5898534692824
11284476	1306		2611.5485631525517
11285472	1286		2702.8386572673917
11286522	1303		2643.3067833445966
11287457	1233		2493.9931852817535
11288517	1256		2412.353153016418
11289588	1317		2503.832572605461
11290603	1297		2541.130260966718
11291685	1348		2580.0101193599403
11292652	1307		2670.2429991923273
11293720	1356		2692.320369500667
11294699	1323		2682.7922945022583
11295693	1300		2763.237673096359
11296686	1257		2569.9653768725693
11297725	1262		2457.8898076601326
11298776	1288		2542.067906357348
11299800	1287		2533.010893214494
11300872	1341		2591.8898139744997
11301950	1405		2730.3625867962837
11303025	1448		2832.3839866816998
11303998	1421		2791.952181261033
11305101	1480		3000.915376160294
11306149	1511		3033.5897446274757
11307224	1558		3022.7573860138655
11308304	1621		3154.3084444627166
11309358	1641		3210.1862539425492
11310388	1640		3323.70018690452
11311342	1581		3266.178756840527
11312325	1553		3193.0599690005183
11313310	1534		3046.3636029548943
11314299	1503		3009.004300620407
11315219	1404		3021.4248202368617
11316216	1365		2832.5518191047013
11317221	1366		2735.390691064298
11318234	1371		2826.8590831905603
11319267	1382		2807.9464081712067
11320324	1417		2726.501645281911
11321386	1456		2845.657618317753
11322374	1414		2790.7838740870357
11323456	1446		2841.37669910118
11324410	1371		2833.8984658047557
11325443	1392		2725.6454099416733
11326439	1382		2748.9625966250896
11327478	1400		2718.9344228431582
11328546	1453		2865.617012705654
11329621	1499		2905.24953064695
11330665	1514		3017.41905477643
11331663	1483		3053.865596175194
11332666	1475		3084.125160243362
11333695	1492		2900.5348146371543
11334655	1433		2772.823883559555
11335666	1413		2774.2947746813297
11336667	1380		2751.940799035132
11337712	1399		2728.257567577064
11338627	1307		2638.2407362647355
11339732	1353		2579.0171028859913
11340720	1306		2620.896726682782
11341792	1356		2697.284492954612
11342817	1373		2688.3089609779418
11343913	1456		2777.2161831893027
11344912	1441		2851.8031682260334
11345868	1382		2852.146194346249
11346872	1359		2732.050637882203
11347847	1302		2540.0045331716537
11348848	1242		2487.6195305623114
11349923	1284		2500.3584277555346
11350953	1287		2493.966750945896
11351932	1224		2543.6537995263934
11352880	1169		2363.4711707904935
11353866	1142		2316.3179948180914
11354869	1140		2347.6458202265203
11355976	1212		2395.808901499957
11357037	1250		2481.909013416618
11358022	1184		2413.693383999169
11359071	1232		2332.9939188174903
11360089	1222		2482.3898770548403
11361091	1185		2474.7206285335124
11362177	1213		2343.8367081172764
11363260	1256		2433.7752905339003
11364232	1225		2350.4486064128578
11365214	1182		2394.8065654970706
11366210	1159		2344.491985183209
11367336	1259		2376.561719480902
11368320	1243		2589.6396206766367
11369390	1311		2475.577188126743
11370318	1234		2474.573927734047
11371407	1291		2589.147805005312
11372479	1339		2652.7124160304666
11373412	1241		2461.3284807801247
11374330	1134		2338.3983886912465
11375352	1145		2376.892021857202
11376306	1097		2278.1420529335737
11377283	1069		2165.987049717456
11378264	1012		2149.1896871998906
11379299	1015		1968.6260964088142
11380237	953		1953.0871591418982
11381255	946		1862.5526881217957
11382245	922		1854.1029471158981
11383255	891		1739.9799340218306
11384309	941		1765.4576004557312
11385372	983		1942.522600673139
11386407	981		1990.3442460484803
11387416	960		1897.5110730975866
11388398	905		1947.119345702231
11389371	863		1809.1853472441435
11390434	885		1767.7061542794108
11391433	858		1696.399383150041
11392438	826		1663.8103287145495
11393472	837		1596.9910673052073
11394477	813		1598.0764624550939
11395485	797		1619.9675669334829
11396567	856		1642.2601480185986
11397689	946		1750.3545735664666
11398777	999		2010.7571515217423
11399797	1014		1984.733088415116
11400825	1009		2060.4099121131003
11401918	1078		2065.413324341178
11402998	1115		2169.1673701554537
11404097	1191		2377.6235867254436
11405159	1220		2415.008652307093
11406177	1203		2449.7027642317116
11407186	1201		2479.571334287524
11408216	1213		2387.1474214605987
11409302	1276		2594.6705881617963
11410390	1328		2594.9646173343062
11411430	1335		2660.179842494428
11412449	1353		2654.0798127502203
11413541	1397		2660.836499541998
11414488	1334		2781.367657739669
11415547	1351		2728.517239037901
11416501	1268		2500.1533732824028
11417594	1338		2560.548607494682
11418640	1360		2650.537063755095
11419617	1333		2666.1771511547267
11420689	1366		2798.360361300409
11421769	1425		2783.433160468936
11422851	1504		2879.250653155148
11423881	1497		3017.5032379888
11424948	1534		3068.0575782582164
11425977	1551		3043.7675306908786
11426970	1505		2993.4915226623416
11427975	1510		3026.05730516091
11428970	1504		2981.7042536586523
11429983	1511		2858.435416508466
11430964	1473		2919.3845979981124
11431962	1455		2920.1642632968724
11432936	1427		2938.0297891534865
11433900	1391		2792.244390387088
11434977	1438		2802.4340811111033
11435997	1423		2874.54832797125
11437025	1416		2918.0668786019087
11438045	1408		2748.6011999882758
11439079	1420		2870.5999946296215
11440063	1372		2765.2632853649557
11441107	1401		2710.313913412392
11442130	1388		2819.3655960038304
11443130	1365		2857.38615924865
11444131	1351		2707.408520758152
11445214	1391		2676.8849049173295
11446196	1363		2642.5793871469796
11447227	1368		2793.211197808385
11448296	1436		2877.336825620383
11449353	1461		2917.0865169651806
11450441	1516		3067.6980569064617
11451483	1549		3045.332113008946
11452464	1518		2985.6435379460454
11453429	1457		3005.5316851362586
11454511	1520		2988.2604014910758
11455567	1540		3079.242794048041
11456642	1591		3162.072060316801
11457610	1525		3080.8334171809256
11458598	1491		3063.8535827584565
11459668	1558		3114.4449465945363
11460648	1516		3065.26944854483
11461646	1486		2999.133560054004
11462660	1477		2941.3075947761536
11463576	1389		2834.671069983393
11464621	1399		2829.8020785450935
11465710	1453		2876.993683576584
11466725	1430		2888.986880660057
11467751	1427		2933.184396967292
11468810	1474		2907.4843837097287
11469844	1478		3007.1468796655536
11470830	1463		2996.3025424331427
11471790	1404		2926.899952057749
11472888	1445		2956.202857129276
11473961	1496		2958.0203266851604
11474991	1524		3063.194527834654
11476040	1554		3137.0220383517444
11477001	1515		3000.022931050509
11478111	1568		3030.504667866975
11479099	1540		3020.300848983228
11480126	1523		3073.938220027834
11481162	1538		3145.9678533375263
11482177	1549		3086.8229786790907
11483251	1584		3102.513803780079
11484207	1511		3078.1825724951923
11485224	1474		3040.1241878569126
11486220	1470		2935.1400944702327
11487189	1424		2888.782820880413
11488173	1404		2882.0337057225406
11489247	1423		2835.4031684547663
11490335	1479		2866.1208180189133
11491416	1522		2955.2765902355313
11492480	1559		3075.2552864328027
11493467	1531		3073.5254592821
11494496	1550		3031.869112841785
11495555	1576		3086.7828037142754
11496534	1552		3232.343774560839
11497592	1603		3120.363075569272
11498596	1586		3110.9634545594454
11499636	1586		3140.5456971414387
11500701	1610		3087.197583619505
11501819	1692		3225.5239506065845
11502934	1767		3323.021060023457
11504021	1817		3533.622152004391
11504940	1735		3538.9460605308414
11505995	1764		3511.8232602886856
11507092	1844		3533.7863996699452
11508164	1885		3608.6910330578685
11509202	1876		3650.782723106444
11510184	1843		3767.998029284179
11511249	1891		3687.1032840944827
11512190	1824		3574.4630465991795
11513159	1791		3694.1158278286457
11514154	1779		3654.9073066413403
11515256	1879		3638.711429692805
11516230	1839		3647.942645866424
11517245	1818		3759.3411722630262
11518252	1824		3709.598704405129
11519235	1787		3620.056787867099
11520235	1787		3753.2194552123547
11521283	1802		3672.5735127925873
11522314	1813		3577.5895779021084
11523361	1826		3617.4604798853397
11524347	1802		3635.078078892082
11525409	1807		3662.9489366337657
11526466	1827		3618.2424450702965
11527416	1777		3645.556576177478
11528426	1782		3652.2080058529973
11529486	1828		3523.7703793384135
11530539	1879		3652.9807692803442
11531522	1843		3731.9477460868657
11532471	1791		3751.068153485656
11533458	1768		3669.55807441473
11534447	1702		3546.294140327722
11535493	1710		3501.053248375654
11536480	1684		3409.0189656615257
11537511	1682		3433.779695253819
11538532	1664		3302.1485861875117
11539651	1736		3444.160728406161
11540649	1709		3402.212679166347
11541677	1736		3485.741237413138
11542746	1764		3553.6221434548497
11543797	1798		3592.6229130737484
11544793	1780		3569.218740515411
11545793	1770		3575.4095483720303
11546784	1720		3471.1671783961356
11547691	1613		3333.9982645101845
11548632	1541		3214.7819101661444
11549591	1489		3124.816993199289
11550636	1488		3037.0668163262308
11551669	1481		2901.5080689936876
11552660	1457		2897.289026696235
11553656	1437		2928.1587678566575
11554699	1442		2762.218921545893
11555729	1435		2795.0731167308986
11556807	1495		2942.511064875871
11557790	1449		3114.916349232197
11558961	1589		3178.5302308127284
11559964	1583		3114.6990179903805
11560985	1578		3097.9337677285075
11561975	1550		3086.02796131745
11563038	1605		3179.9146803468466
11564090	1610		3180.2999847643077
11565080	1574		3163.764110468328
11566125	1590		3281.407522305846
11567239	1666		3405.168619658798
11568253	1660		3250.519360639155
11569215	1609		3288.478930450976
11570250	1604		3153.2081874348223
11571265	1614		3150.6115768253803
11572264	1583		3219.7227173931897
11573299	1602		3209.961614590138
11574400	1666		3151.618254791945
11575439	1666		3332.1607828699052
11576440	1658		3352.3779120631516
11577478	1669		3342.9843757227063
11578429	1608		3340.1653339602053
11579402	1553		3133.7426308766007
11580494	1607		3141.2539756782353
11581512	1604		3188.482166785747
11582493	1540		3097.6182003617287
11583454	1464		3055.531552180648
11584504	1476		3004.3618184290826
11585597	1538		3075.9157149642706
11586626	1538		3039.6057355590165
11587663	1534		3061.6287420354784
11588721	1558		3132.9701405912638
11589674	1510		3125.144330214709
11590619	1451		3046.1070485673845
11591646	1450		2871.8672075606883
11592634	1436		2806.3002221770585
11593626	1403		2888.812322039157
11594694	1431		2877.6895676255226
11595729	1408		2846.2576289735734
11596734	1393		2775.7290321029723
11597722	1372		2742.0938896909356
11598742	1377		2716.5180831179023
11599772	1385		2749.583485238254
11600865	1440		2715.3165722712874
11601941	1494		2930.4041761271656
11603028	1538		2954.4637459516525
11604084	1574		3149.538272265345
11605081	1557		3067.975276518613
11606135	1610		3173.337630879134
11607153	1601		3103.7137386500835
11608181	1595		3173.102962668985
11609116	1526		3141.7094755135477
11610156	1552		3140.1929678432643
11611234	1602		3034.6338594593108
11612301	1661		3253.366832539439
11613323	1683		3331.9347884990275
11614335	1676		3257.931425012648
11615413	1719		3341.3571692071855
11616401	1683		3308.8287176266313
11617417	1693		3341.3495150767267
11618429	1667		3357.2515325322747
11619376	1606		3258.7063687741756
11620374	1589		3197.408966552466
11621381	1557		3068.264181230217
11622335	1502		2943.1666926778853
11623363	1515		2974.30687796697
11624249	1395		2801.7929884679615
11625273	1379		2789.4703003391623
11626236	1328		2624.178955089301
11627235	1317		2667.2737048231065
11628355	1393		2695.027289137244
11629376	1371		2717.18844775483
11630406	1377		2668.653544548899
11631383	1338		2688.035491235554
11632501	1406		2892.527614362538
11633569	1425		2838.181475110352
11634598	1405		2842.6761446110904
11635640	1392		2807.393355887383
11636664	1409		2816.049547549337
11637631	1329		2697.1276335269213
11638736	1391		2814.4057795852423
11639833	1462		2795.309617303312
11640881	1482		2795.1079528667033
11641880	1479		2895.3600463718176
11642856	1416		2901.847084529698
11643791	1346		2754.630969759077
11644827	1348		2734.0902741737664
11645862	1359		2739.8696926422417
11646921	1376		2782.082885220647
11647945	1369		2791.162178631872
11648994	1384		2799.7554932422936
11650028	1390		2729.0573747865856
11651069	1415		2836.9205312132835
11652091	1436		2884.989566516131
11653060	1387		2790.907636426389
11654099	1402		2860.406901307404
11655155	1407		2767.023457314819
11656134	1385		2833.720894996077
11657157	1394		2726.7882690131664
11658159	1386		2733.720245309174
11659224	1426		2868.343399167061
11660288	1461		2920.0492946729064
11661350	1499		3041.07933556661
11662406	1552		3081.1623065061867
11663372	1488		3051.3688439540565
11664361	1471		2952.142883196473
11665363	1444		2953.4926286786795
11666372	1428		2852.3662126995623
11667371	1392		2877.70410913229
11668330	1335		2800.2506252899766
11669412	1392		2817.3950124420226
11670432	1380		2852.2885322868824
11671419	1364		2814.7496453672647
11672443	1361		2763.553044296801
11673505	1383		2741.5085851326585
11674495	1318		2743.108638241887
11675490	1311		2657.902457486838
11676502	1311		2626.2411973923445
11677455	1239		2613.478538352996
11678536	1285		2516.9679848514497
11679616	1345		2626.6817528270185
11680688	1404		2658.174943462014
11681709	1420		2763.5912311449647
11682722	1423		2783.5047358572483
11683763	1430		2889.790452159941
11684768	1414		2801.665936514735
11685820	1417		2812.2050894014537
11686754	1342		2746.7567317709327
11687712	1292		2611.7525906451046
11688678	1237		2551.5878996923566
11689666	1194		2446.878451913595
11690626	1144		2343.3949694521725
11691690	1204		2385.2589868940413
11692724	1229		2490.028563108295
11693816	1273		2570.8831798508763
11694868	1322		2511.4921998530626
11695866	1317		2628.4026042483747
11696929	1365		2731.856618154794
11697902	1321		2709.901509732008
11698871	1260		2507.4055304974318
11699952	1306		2524.609728895128
11701040	1379		2716.324327979237
11702124	1442		2804.602619756013
11703082	1385		2743.539654701948
11704202	1475		2951.3881711922586
11705216	1441		2922.5063845179975
11706223	1428		2892.343175403774
11707248	1429		2836.974264331162
11708255	1402		2706.8729711659253
11709311	1408		2871.7444100119174
11710339	1397		2823.213838327676
11711336	1358		2753.538302641362
11712467	1459		2776.48215636611
11713495	1446		2905.2712905816734
11714550	1494		2951.630696132779
11715551	1474		2926.0445658415556
11716566	1463		2965.4393479190767
11717660	1533		3008.939120285213
11718743	1591		3139.4606210775673
11719735	1574		3282.4146327115595
11720719	1518		3167.408872451633
11721690	1479		3000.198419108987
11722749	1498		3003.2188498452306
11723744	1458		2932.2136664949358
11724820	1532		3059.9880116060376
11725810	1522		3013.2980556301773
11726860	1545		3060.0014100782573
11727892	1572		3058.28756955266
11728930	1570		3147.5722672194242
11729972	1559		3310.361159209162
11730991	1528		3252.9308203160763
11732043	1544		3129.646223079413
11733152	1617		3214.7790278345346
11734125	1581		3190.8067022301257
11735102	1520		3217.897974319756
11736039	1425		3069.848439771682
11737033	1379		2942.4460763446987
11737986	1295		2564.0567302405834
11739057	1314		2586.6182267144322
11740147	1359		2754.0657682716846
11741184	1388		2792.1298811249435
11742191	1338		2666.1288840025663
11743138	1256		2632.6379734389484
11744189	1260		2585.3226651772857
11745265	1316		2605.9206649921834
11746305	1335		2584.5996387451887
11747332	1325		2690.40480883047
11748317	1263		2540.6057046465576
11749352	1271		2574.395815178752
11750409	1280		2539.870411556214
11751460	1295		2660.0156285576522
11752524	1313		2598.352841693908
11753530	1299		2582.946799594909
11754545	1283		2520.378712758422
11755490	1188		2462.1960721351206
11756434	1102		2380.38276373595
11757485	1149		2215.44546578452
11758501	1154		2280.5284144580364
11759561	1162		2323.5260911881924
11760575	1151		2350.4073994979262
11761595	1148		2254.3308632858098
11762534	1074		2167.676395293325
11763490	1008		2112.854690529406
11764509	986		1933.8793684132397
11765545	983		1987.2237052246928
11766552	990		2061.0129629038274
11767556	980		2051.017831426114
11768526	924		1898.389016661793
11769533	898		1788.4150051362813
11770606	969		1810.2076287791133
11771707	1055		2098.0933560729027
11772710	1018		2026.639660537243
11773693	994		2024.445541974157
11774746	1013		2013.8399558626115
11775816	1059		2083.458438400179
11776843	1076		1986.9594787359238
11777827	1051		2113.2784178480506
11778886	1071		2131.3815520741045
11779901	1074		2115.457969110459
11780908	1079		2145.821091968566
11782002	1131		2163.030912552029
11783017	1133		2222.044823836535
11784056	1156		2297.149940174073
11785106	1195		2433.320946391672
11786108	1172		2382.0308711491525
11787065	1109		2323.368296880275
11788080	1103		2266.5666610375047
11789142	1145		2288.1415530219674
11790252	1220		2426.304145153612
11791256	1196		2396.975743819028
11792260	1198		2407.331401847303
11793206	1103		2349.692702129483
11794245	1115		2273.670285373926
11795271	1103		2264.3693026304245
11796310	1117		2253.116746749729
11797287	1087		2225.809227451682
11798280	1042		2108.3187309019268
11799347	1063		2097.1100939437747
11800441	1113		2131.5911641418934
11801522	1154		2255.7693634293973
11802539	1124		2305.013132944703
11803610	1169		2343.0747046284378
11804653	1210		2443.4770090952516
11805692	1231		2380.6882870420814
11806742	1261		2461.328255236149
11807746	1228		2442.194639597088
11808782	1232		2533.7004562690854
11809824	1230		2482.6293936371803
11810844	1231		2393.0078110583127
11811881	1232		2366.5206051319838
11812908	1249		2492.6977317258716
11813963	1300		2480.260073993355
11815106	1421		2713.231707200408
11816110	1382		2871.553598087281
11817084	1325		2743.524928614497
11818131	1337		2701.42108027637
11819114	1311		2633.1501631252468
11820127	1293		2714.4935712628067
11821115	1278		2650.2817766442895
11822178	1303		2578.5244422517717
11823252	1339		2727.8017108514905
11824221	1296		2604.9755893982947
11825310	1352		2634.3154909461737
11826308	1297		2563.3681306429207
11827345	1302		2636.610785316676
11828334	1264		2591.385358005762
11829452	1349		2656.985148500651
11830557	1402		2768.118256498128
11831546	1365		2871.0258445777
11832577	1357		2792.282312951982
11833660	1397		2733.4765070080757
11834672	1381		2673.9875201173127
11835724	1390		2753.4290418475866
11836801	1429		2688.1345181800425
11837834	1411		2667.252583179623
11838802	1377		2790.425624296069
11839755	1291		2686.8578944392502
11840748	1257		2631.452551331371
11841880	1366		2575.0873646363616
11842932	1392		2853.3258955664933
11844030	1465		2855.840943492949
11845076	1498		3011.1560860984027
11846161	1556		3019.7671509981155
11847162	1540		3022.9751866534352
11848170	1522		3155.6395086720586
11849183	1503		3116.797054477036
11850212	1501		3048.073790833354
11851301	1548		2958.0464025214314
11852418	1625		3072.8522635512054
11853479	1647		3199.449130464345
11854520	1673		3260.2595336548984
11855410	1554		3189.319237306714
11856535	1630		3238.910712093115
11857553	1646		3212.007405459881
11858647	1707		3347.635899607092
11859617	1656		3322.1499867886305
11860643	1667		3346.314556065947
11861597	1611		3203.474972575903
11862686	1666		3241.561201233417
11863722	1655		3302.60607817024
11864713	1631		3256.718170490116
11865733	1621		3315.492977298796
11866709	1594		3380.957941442728
11867687	1531		3168.3243787400424
11868742	1542		3096.3898329623044
11869762	1541		3140.7839918099344
11870759	1506		3164.894842118025
11871721	1454		3043.0885260142386
11872712	1409		2891.920501191169
11873705	1369		2821.9382703602314
11874723	1353		2817.7627954110503
11875687	1314		2787.9044972881675
11876765	1343		2652.5903929919004
11877801	1373		2734.137019701302
11878842	1377		2727.1830644086003
11879844	1335		2783.113554261625
11880773	1260		2603.575188100338
11881752	1236		2396.519599299878
11882811	1251		2490.948201995343
11883841	1232		2544.4991720095277
11884847	1226		2428.679063461721
11885750	1110		2354.918495628983
11886804	1149		2293.467130821198
11887807	1149		2270.4481649398804
11888800	1114		2225.078583981842
11889801	1085		2182.0390614792705
11890790	1057		2246.8519589416683
11891777	1032		2094.6041847877204
11892833	1062		2107.797526024282
11893866	1066		2079.2789112217724
11894928	1116		2124.4980539493263
11896116	1266		2350.016725987196
11897146	1296		2559.3335682712495
11898208	1330		2518.8084601014853
11899242	1338		2603.909843467176
11900167	1248		2518.019855849445
11901197	1273		2470.420947212726
11902197	1231		2403.8535982705653
11903258	1265		2510.1386200748384
11904272	1240		2482.32446026057
11905290	1239		2427.12614300102
11906347	1259		2503.2184735126793
11907325	1213		2463.8556143157184
11908359	1223		2476.6489244177938
11909374	1197		2329.810974109918
11910349	1147		2445.650256883353
11911344	1117		2283.1827783621848
11912306	1063		2190.1689154841006
11913365	1097		2187.3108133114874
11914440	1162		2318.0679648295045
11915554	1228		2434.7762990295887
11916676	1343		2511.91829238832
11917663	1266		2484.762548919767
11918669	1254		2542.008748151362
11919648	1232		2513.521407905966
11920623	1178		2301.2273800596595
11921721	1233		2479.5586495287716
11922758	1243		2552.358009468764
11923739	1222		2522.1150597147644
11924715	1159		2355.438354998827
11925773	1174		2323.7803759910166
11926845	1211		2416.0783566348255
11927885	1228		2364.4239230528474
11928922	1225		2457.531740311533
11930008	1299		2529.6055250391364
11931092	1381		2656.6696786805987
11932059	1335		2693.2807810120285
11933121	1391		2654.546549960971
11934190	1427		2739.7338748015463
11935147	1379		2691.809295695275
11936210	1435		2704.2000135071576
11937254	1454		2821.6677389480174
11938238	1404		2977.604791287333
11939250	1398		2917.180548861623
11940150	1281		2769.9798383899033
11941198	1276		2578.586518075317
11942272	1319		2592.4260122403502
11943263	1299		2547.362322166562
11944235	1269		2431.5488593913615
11945209	1231		2479.581212747842
11946167	1141		2330.71678025648
11947179	1125		2276.252981159836
11948168	1106		2215.7301553301513
11949177	1101		2285.85280123353
11950174	1095		2204.7295252606273
11951279	1190		2284.621527954936
11952337	1233		2422.0911372564733
11953418	1278		2480.605615399778
11954382	1222		2521.094134707004
11955347	1133		2360.9500641711056
11956414	1187		2364.424289856106
11957321	1078		2330.844994969666
11958319	1031		2170.8294733576477
11959392	1070		2088.3047239407897
11960505	1148		2167.7358529940248
11961442	1066		2134.3544498458505
11962547	1122		2228.242251429707
11963578	1140		2309.291011363268
11964641	1192		2375.745663076639
11965726	1240		2513.314295966178
11966712	1179		2379.6733198836446
11967725	1167		2330.036746188998
11968701	1137		2321.634708881378
11969757	1180		2383.5424495339394
11970767	1189		2332.3448599018157
11971798	1169		2360.344272132963
11972873	1202		2354.1580236442387
11973914	1206		2444.391412436962
11974933	1192		2441.5378540568054
11976065	1275		2392.5348910205066
11977056	1226		2530.319016646594
11978122	1265		2513.838295273483
11979133	1267		2498.202408850193
11980244	1344		2560.311290897429
11981325	1405		2700.5233611240983
11982300	1358		2849.8209397271276
11983233	1289		2712.9685211367905
11984324	1379		2648.0032611452043
11985300	1339		2642.5862228274345
11986337	1359		2733.9794965051115
11987332	1349		2763.721541211009
11988282	1280		2648.394160628319
11989420	1379		2659.6335117667913
11990438	1381		2727.369939751923
11991410	1349		2828.8758358694613
11992459	1373		2788.8646417073905
11993472	1339		2658.913287766278
11994564	1422		2633.5533957369626
11995573	1366		2754.436465218663
11996659	1427		2920.9376287721097
11997705	1423		2869.7770381569862
11998710	1384		2754.0514182262123
11999667	1291		2650.2379380203784
12000700	1305		2703.770388804376
12001701	1268		2511.26637108624
12002772	1323		2621.2755915261805
12003800	1311		2621.674750920385
12004802	1303		2636.1086930558085
12005875	1346		2626.5078783407807
12006907	1368		2647.216143488884
12007923	1380		2713.528910469264
12008904	1315		2691.007340002805
12009913	1310		2715.1740646213293
12011019	1412		2764.117879010737
12011923	1313		2692.1936705186963
12012868	1245		2671.803569249809
12013934	1273		2561.045231450349
12014991	1326		2618.8872693292797
12015953	1270		2568.9448870532215
12017002	1287		2595.4279428087175
12018042	1291		2581.837239328772
12019049	1286		2562.3071539849043
12020050	1287		2574.8778338953853
12021038	1245		2548.1459658779204
12022057	1246		2442.5340033359826
12023024	1158		2376.869856726378
12024094	1199		2362.0353692881763
12025144	1210		2460.2831764370203
12026162	1208		2399.0632927007973
12027256	1249		2497.081931654364
12028227	1219		2485.6949823237956
12029264	1254		2427.357990272343
12030287	1274		2586.4972109012306
12031297	1278		2523.967443842441
12032240	1214		2479.860307428986
12033257	1218		2409.6232209205627
12034376	1305		2462.780490901321
12035339	1226		2490.9652673080564
12036408	1255		2501.2176078036427
12037469	1297		2554.8204499147832
12038516	1320		2622.461530417204
12039498	1260		2571.039569232613
12040588	1334		2473.4494583792984
12041566	1300		2630.705325104296
12042616	1330		2554.329162593931
12043718	1432		2762.274593885988
12044709	1403		2779.1032841727138
12045651	1327		2784.2314102090895
12046694	1350		2734.7370157688856
12047676	1294		2646.9196734316647
12048666	1279		2575.0067851170897
12049753	1356		2647.62419546023
12050775	1377		2721.643140718341
12051770	1371		2710.946803867817
12052765	1346		2682.572679631412
12053829	1372		2669.3124967329204
12054825	1364		2697.173643358052
12055870	1369		2771.6461242847145
12056880	1364		2768.256502389908
12057870	1301		2677.4642291367054
12058988	1393		2665.751591358334
12060011	1373		2718.2586247064173
12061042	1360		2766.0294502303004
12062139	1418		2783.597879398614
12063111	1369		2710.787945661694
12064105	1345		2780.5909120664
12065141	1339		2591.144223421812
12066205	1402		2754.994582116604
12067215	1377		2802.9659630209208
12068250	1360		2790.9515336565673
12069356	1416		2798.948675714433
12070300	1357		2739.083855625242
12071266	1308		2571.8988797441125
12072270	1278		2518.09506110847
12073320	1278		2535.778837736696
12074341	1267		2553.02921192348
12075310	1224		2568.2426188997924
12076237	1133		2326.2033239863813
12077304	1172		2289.4147779643536
12078354	1172		2307.4865437224507
12079381	1190		2285.0752619318664
12080493	1252		2376.766616951674
12081519	1228		2382.9258868955076
12082591	1275		2508.9557526633143
12083638	1292		2381.5937235690653
12084622	1249		2568.499276019633
12085602	1228		2478.1382604129612
12086643	1231		2472.7007100731134
12087695	1268		2545.6543608233333
12088691	1235		2482.679033957422
12089730	1256		2530.6903018653393
12090813	1310		2542.955935973674
12091882	1338		2608.4586668610573
12092819	1258		2651.680869128555
12093875	1284		2591.156904824078
12094912	1294		2517.272106360644
12096085	1437		2755.518263336271
12096997	1329		2712.7550186291337
12098031	1363		2749.987396571785
12099069	1399		2819.476132541895
12100022	1351		2828.796591106802
12101096	1409		2775.511323977262
12102089	1397		2806.757160194218
12103151	1412		2812.2492953538895
12104212	1438		2814.2142246700823
12105249	1427		2755.4029398597777
12106306	1454		2904.934663683176
12107300	1444		2818.10141948238
12108343	1472		2936.378034863621
12109422	1543		3062.635391533375
12110443	1536		3059.47284893319
12111450	1511		3026.9076447039843
12112531	1549		3054.3354876860976
12113563	1556		3182.1135619319975
12114599	1559		3209.417301379144
12115619	1565		3093.678655896336
12116674	1620		3177.8732511140406
12117663	1599		3191.3671281933784
12118678	1611		3177.5059909783304
12119681	1608		3305.729815505445
12120697	1613		3224.186501841992
12121744	1618		3147.797128047794
12122800	1617		3224.405405022204
12123770	1546		3109.1783045120537
12124831	1588		3173.214815802872
12125971	1690		3323.6048825979233
12127079	1774		3513.531379289925
12128062	1722		3473.6861149035394
12129076	1682		3468.0255588702857
12130105	1699		3440.2839168049395
12131154	1715		3372.2820600531995
12132208	1716		3431.78393079713
12133304	1759		3490.958674810827
12134367	1820		3608.2686380036175
12135324	1748		3552.816194497049
12136280	1698		3453.019951675087
12137329	1728		3421.1430971100926
12138337	1711		3421.533081356436
12139364	1728		3507.199492175132
12140403	1747		3538.6905592754483
12141521	1850		3598.97571009025
12142522	1845		3620.932021703571
12143519	1804		3613.6421790868044
12144579	1853		3683.4153192676604
12145533	1786		3521.940597679466
12146509	1753		3549.2132708653808
12147588	1804		3623.3119352199137
12148532	1728		3448.17364725098
12149537	1723		3443.2160180918872
12150585	1751		3510.147460527718
12151612	1766		3580.0373371727765
12152623	1746		3595.424193929881
12153692	1789		3607.4340175762773
12154744	1808		3603.711175415665
12155754	1813		3464.8992470651865
12156810	1859		3586.9081581272185
12157778	1801		3685.6091295182705
12158885	1856		3661.037266097963
12159870	1805		3581.8199935108423
12160934	1827		3676.2548620402813
12161952	1808		3595.914643123746
12162959	1790		3622.044903691858
12163978	1798		3544.2785705178976
12164978	1748		3442.5006526336074
12165977	1742		3435.3870233781636
12166980	1710		3549.88086957857
12167999	1719		3421.9558971375227
12169046	1743		3457.2303896695375
12170119	1790		3540.4998337626457
12171085	1753		3452.0397621504962
12172080	1700		3399.1516261175275
12173120	1691		3478.3855117075145
12174175	1697		3399.5298117659986
12175184	1695		3328.909522574395
12176168	1653		3285.7938889674842
12177139	1613		3329.479249443859
12178183	1637		3298.6551835611463
12179320	1724		3371.3772825449705
12180307	1662		3321.275071877986
12181322	1643		3298.224476352334
12182370	1674		3279.9917814061046
12183403	1679		3403.6695259585977
12184444	1696		3441.740827910602
12185501	1713		3408.067964054644
12186546	1737		3454.56724563241
12187518	1687		3466.8378019183874
12188498	1667		3472.715195272118
12189537	1688		3496.150400172919
12190535	1641		3411.5253775827587
12191564	1647		3333.1521959491074
12192596	1676		3323.871690183878
12193639	1700		3480.5269238613546
12194654	1675		3302.6659671142697
12195647	1658		3312.552231799811
12196657	1658		3339.026923429221
12197696	1692		3342.0815585665405
12198704	1654		3345.074586123228
12199681	1609		3218.5916316471994
12200633	1535		3127.2262720800936
12201644	1544		3141.261647146195
12202671	1569		3050.284889422357
12203622	1487		3031.9422141462564
12204640	1467		3025.1554869562387
12205656	1441		2940.0651002004743
12206660	1445		2918.427035380155
12207715	1460		2927.4333548508584
12208692	1434		2892.4883257113397
12209711	1436		2968.489090397954
12210733	1437		2924.6572376713157
12211772	1472		2854.4442198090255
12212843	1535		2953.833850875497
12213941	1599		3053.07018841058
12214901	1533		3136.508919760585
12215919	1543		3063.679274905473
12216963	1574		3045.993729941547
12218029	1593		3055.545670878142
12219060	1567		3032.8340468779206
12220079	1583		3097.3595915324986
12221059	1525		3055.195497509092
12222092	1533		2975.775325436145
12223159	1566		3018.7794051766396
12224233	1586		3060.9422439448535
12225224	1556		3088.884149823338
12226205	1505		3068.141875382513
12227161	1430		2943.055270370096
12228252	1493		3021.703943107277
12229231	1444		2988.6335568763316
12230232	1428		2886.163380973041
12231227	1375		2744.6369869187474
12232341	1445		2748.2894715219736
12233231	1315		2640.39014801383
12234253	1312		2635.5189865082502
12235311	1336		2633.905556283891
12236347	1371		2627.274756602943
12237422	1415		2752.8192575015128
12238576	1534		2945.593491472304
12239557	1495		2966.8361465595663
12240595	1492		3055.3908331133425
12241624	1477		2971.307981669903
12242667	1501		3000.190835054964
12243674	1477		2913.827744383365
12244668	1445		2907.982703052461
12245607	1342		2802.8356099165976
12246560	1293		2651.3776736781
12247487	1191		2531.550890918821
12248380	1084		2309.84173239395
12249486	1151		2189.3796056583524
12250571	1207		2363.2149317003787
12251581	1197		2434.8714650534093
12252549	1158		2351.1164365671575
12253522	1128		2278.107473332435
12254530	1115		2211.062245965004
12255527	1094		2168.1467476710677
12256525	1092		2187.491757400334
12257547	1097		2135.072834685445
12258591	1139		2289.5027930364013
12259706	1214		2361.9653294607997
12260746	1217		2352.0422803908587
12261729	1171		2517.089000556618
12262735	1163		2280.352475706488
12263779	1166		2405.579623069614
12264787	1140		2374.568447418511
12265778	1114		2286.324397046119
12266821	1123		2237.3437478281558
12267851	1099		2260.5201735273004
12268902	1125		2211.2399148233235
12269876	1056		2067.195602219552
12270919	1070		2147.127426289022
12271905	1021		2072.6572059318423
12272913	1003		1992.5251236781478
12273938	1008		1967.5416306890547
12274894	956		1998.4530923552811
12275894	931		1882.146421764046
12276805	837		1846.1430703401566
12277855	855		1658.92975525558
12278888	881		1761.2934369444847
12279938	887		1744.4426167346537
12280978	923		1773.0579683594406
12281924	825		1768.360420845449
12282997	878		1750.5536275692284
12284060	905		1792.5484430491924
12285073	902		1754.6647800132632
12286129	937		1871.3676433451474
12287074	874		1764.4938302449882
12288132	896		1801.9669215232134
12289289	1027		1948.9491622969508
12290432	1130		2177.7221984118223
12291407	1096		2312.5536080412567
12292517	1164		2312.5170664787292
12293610	1204		2316.7383978143334
12294595	1178		2361.6743406914175
12295552	1108		2416.3608681336045
12296566	1101		2183.8649350889027
12297568	1046		2081.0850252471864
12298535	1012		2090.9191186986864
12299540	1015		2020.1289409957826
12300647	1121		2135.2091833651066
12301706	1164		2169.916650108993
12302727	1152		2326.471687823534
12303794	1166		2294.1877287700772
12304808	1154		2458.893566016108
12305821	1161		2352.368858229369
12306864	1190		2294.5031798295677
12307872	1161		2401.493201844394
12308945	1194		2353.5358913876116
12310002	1236		2426.2208821438253
12311148	1335		2608.4379548355937
12312171	1357		2682.743955951184
12313218	1370		2741.3199532218277
12314271	1382		2738.968306194991
12315301	1378		2783.481772005558
12316325	1386		2782.3095027692616
12317247	1300		2744.638843294233
12318290	1341		2630.673376824707
12319266	1308		2637.551458746195
12320262	1289		2601.954661194235
12321330	1320		2594.9603704102337
12322391	1372		2660.825812127441
12323469	1417		2710.5737775824964
12324518	1439		2806.1030762568116
12325522	1420		2839.599110096693
12326577	1457		2878.3547148890793
12327580	1419		2834.788301754743
12328537	1368		2837.384791865945
12329523	1348		2766.793361760676
12330570	1340		2595.0620462223887
12331509	1265		2616.764771491289
12332560	1303		2592.759995304048
12333621	1347		2650.337197907269
12334644	1338		2628.9180554635823
12335672	1313		2665.5754294991493
12336678	1307		2662.895935341716
12337661	1277		2577.7362499535084
12338588	1200		2430.5184661969543
12339661	1260		2498.6403240300715
12340700	1281		2478.667981069535
12341790	1334		2433.9592376314104
12342814	1320		2634.105739478022
12343872	1350		2711.890918958932
12344837	1280		2570.836826995015
12345901	1306		2639.3722524903715
12347007	1405		2683.6369757652283
12348036	1411		2806.498523682356
12349047	1411		2871.8793373145163
12350091	1443		2830.8129594549537
12351120	1447		2817.4482987336814
12352153	1426		2859.4696496874094
12353167	1412		2941.4379777908325
12354237	1456		2889.5423662550747
12355309	1471		2989.5608296617866
12356254	1415		2835.187503159046
12357286	1430		2919.1480158790946
12358364	1471		2884.490643464029
12359385	1482		2926.054734170437
12360372	1437		2859.0362142436206
12361449	1465		2986.985989522189
12362448	1449		2899.4812040030956
12363489	1479		3033.7772818654776
12364539	1504		2944.073900654912
12365565	1480		2944.694306641817
12366642	1536		3028.232626311481
12367742	1603		3188.000756621361
12368725	1580		3278.4090941362083
12369870	1683		3381.6414548568428
12370850	1616		3224.2041392847896
12371897	1641		3175.888174314052
12372925	1638		3239.2551167458296
12373963	1636		3335.1359614022076
12374998	1639		3216.2633164338768
12375999	1604		3226.56261183694
12377006	1585		3132.9952557496727
12378073	1616		3142.1861389167607
12379016	1518		3041.5796857327223
12380102	1566		3014.997756946832
12381151	1583		3145.475219208747
12382166	1587		3124.3242928422987
12383273	1659		3332.472987703979
12384248	1633		3297.1991901658475
12385255	1611		3312.821567732841
12386391	1714		3427.3808982111514
12387403	1726		3387.9216304793954
12388413	1725		3421.2618317194283
12389518	1780		3426.8982792310417
12390609	1835		3523.9663900993764
12391687	1875		3661.2294638827443
12392708	1855		3735.3326180391014
12393729	1847		3655.997801851481
12394779	1851		3706.3995091058314
12395826	1893		3816.0767336301506
12396901	1936		3833.1289307512343
12397935	1949		3778.529891729355
12398977	1951		3844.5014843568206
12399908	1870		3779.395636651665
12400878	1840		3784.1196218281984
12401895	1849		3809.1404772549868
12402908	1810		3752.147233210504
12404011	1872		3779.1088409498334
12405067	1884		3735.4481054209173
12406104	1871		3655.2557294107974
12407168	1900		3712.8544116541743
12408194	1907		3802.9309642352164
12409251	1927		3876.616535425186
12410295	1924		3826.191068060696
12411363	1982		3874.4866998158395
12412326	1919		3795.443656884134
12413375	1957		3976.540245193988
12414304	1872		3896.142092566937
12415330	1861		3878.1882489472628
12416300	1803		3672.0416825972497
12417294	1796		3606.943064443767
12418275	1756		3661.5464954786003
12419297	1772		3717.288190126419
12420337	1781		3635.120490126312
12421354	1788		3553.7912707328796
12422362	1768		3602.9919472038746
12423383	1765		3594.932207044214
12424419	1775		3550.54136493057
12425434	1777		3531.9308679178357
12426491	1834		3621.2501212246716
12427447	1787		3536.667477056384
12428456	1790		3553.7994766682386
12429463	1789		3504.7410920485854
12430522	1816		3632.732371799648
12431467	1756		3501.382717989385
12432559	1809		3563.779489059001
12433605	1818		3608.8311426229775
12434682	1866		3803.029355801642
12435651	1819		3666.898353729397
12436666	1807		3561.1668817847967
12437650	1772		3549.7767691388726
12438726	1813		3655.522730205208
12439739	1814		3668.6871783286333
12440783	1856		3586.3013950400054
12441798	1836		3558.427702497691
12442796	1804		3565.5460242293775
12443828	1789		3617.0398321039975
12444889	1807		3614.4162499271333
12445893	1772		3544.8656869232655
12447037	1863		3617.934352427721
12448096	1912		3769.3572982624173
12449076	1887		3810.0641102343798
12450136	1922		3835.902352012694
12451123	1879		3785.6326537691057
12452140	1866		3732.534439049661
12453096	1803		3703.746282335371
12454047	1702		3513.1677752397954
12455125	1763		3548.2589019574225
12456107	1737		3462.0721153132617
12457102	1710		3493.85517552495
12458124	1684		3471.9235349185765
12459154	1708		3401.811248715967
12460182	1711		3405.3173624128103
12461318	1817		3530.8062335960567
12462357	1852		3498.5657104700804
12463342	1816		3606.7330250293016
12464363	1809		3725.206839121878
12465388	1805		3691.341216187924
12466441	1815		3679.03841355443
12467412	1773		3460.8564576618373
12468482	1791		3463.9241122342646
12469563	1822		3535.6286698915064
12470578	1818		3689.119610901922
12471554	1769		3653.0898959711194
12472479	1660		3474.77712411806
12473443	1622		3437.967299245298
12474482	1655		3267.4078314229846
12475528	1671		3321.005745049566
12476582	1722		3370.284285504371
12477561	1692		3390.5853920429945
12478571	1700		3384.6376111470163
12479614	1693		3409.7035658098757
12480558	1618		3366.0013377331197
12481515	1560		3254.917128652334
12482578	1578		3146.6134156547487
12483665	1638		3238.047573249787
12484608	1574		3174.265254288912
12485538	1480		3082.7184336297214
12486519	1452		3027.082430396229
12487602	1500		2904.297563150525
12488621	1488		2893.571237143129
12489687	1530		3015.172389909625
12490738	1539		3013.538417316973
12491756	1524		3049.311409302056
12492773	1527		2946.4971781782806
12493824	1561		3102.651870086789
12494873	1606		3238.213690318167
12495948	1661		3290.557349719107
12497021	1695		3339.4512776881456
12498087	1726		3432.8641724586487
12499050	1672		3348.2302007488906
12500085	1667		3375.549056019634
12501100	1641		3368.540837559849
12502157	1678		3418.295864764601
12503236	1714		3335.415640823543
12504266	1723		3371.6881174743176
12505325	1732		3349.8046471960843
12506289	1642		3418.9382405914366
12507285	1629		3350.6731599718332
12508334	1643		3333.5033808909357
12509421	1717		3391.22334581241
12510542	1837		3571.4289297126234
12511562	1837		3580.4835565797985
12512548	1814		3631.369348075241
12513611	1841		3679.5492759533226
12514590	1782		3604.62291957438
12515603	1765		3702.3993923179805
12516685	1797		3602.1907208785415
12517682	1774		3598.344237793237
12518735	1789		3667.460713490844
12519721	1754		3579.3080804385245
12520717	1701		3408.5735878683627
12521710	1689		3393.966007657349
12522623	1599		3268.8058588542044
12523634	1588		3150.0092224404216
12524683	1610		3229.891249231994
12525691	1593		3162.825750757009
12526601	1501		3069.0391194820404
12527573	1451		2955.9864308573306
12528575	1446		2949.070913296193
12529585	1435		2786.430800318718
12530594	1433		2842.362533967942
12531615	1412		2791.910383667797
12532646	1433		2787.560984507203
12533680	1465		2913.178136408329
12534745	1507		2997.756349604577
12535823	1534		3079.5111157111824
12536864	1553		3155.742356427014
12537891	1572		3077.093594312668
12538908	1571		3107.319980625063
12539903	1538		3101.2825403772295
12540923	1542		3156.270590480417
12541926	1495		3107.8809763602912
12542973	1491		3050.5640082731843
12544057	1525		2996.75460736081
12545020	1448		2962.804479982704
12546017	1432		3036.1110602244735
12547085	1457		3004.0101913549006
12548088	1451		3031.642258029431
12549236	1561		3038.283630799502
12550257	1548		3085.14081550017
12551245	1503		3101.2266661450267
12552245	1460		3079.7881136350334
12553318	1533		3103.2088936008513
12554312	1516		3047.271214455366
12555329	1526		3009.1480731517076
12556410	1569		3067.0998270846903
12557387	1542		3102.481062505394
12558407	1522		3141.387474242598
12559525	1596		3144.6321734003723
12560535	1589		3174.4383548796177
12561576	1612		3185.546738963574
12562517	1536		3111.867795884609
12563467	1466		3079.1035597510636
12564484	1441		3051.0521040931344
12565527	1479		2980.005926180631
12566497	1432		2824.875348675996
12567599	1515		2909.7958079837263
12568584	1461		2939.1894896142185
12569718	1564		3141.153575886041
12570774	1582		3071.2297141328454
12571780	1572		3084.3236600384116
12572821	1585		3090.868430543691
12573892	1646		3254.8869484625757
12574894	1617		3156.074924979359
12575887	1563		3095.4062247909606
12576884	1548		3107.244315519929
12577855	1513		3105.930697515607
12578879	1508		3062.814360309392
12579852	1462		3085.223115939647
12580859	1420		2882.0625516995788
12581882	1431		2826.750776667148
12582941	1467		2809.0323026292026
12583944	1445		2837.2933168262243
12584996	1464		2888.010536517948
12586150	1585		3054.631953023374
12587154	1562		3105.193376891315
12588166	1563		3065.497578062117
12589205	1592		3119.42623866722
12590234	1612		3256.129793498665
12591272	1630		3155.573170900345
12592277	1617		3138.733761303127
12593282	1621		3204.7401270717382
12594306	1618		3220.0684182941914
12595359	1631		3281.222307667136
12596377	1634		3157.6195643395185
12597509	1742		3293.275898542255
12598521	1723		3304.189329661429
12599536	1722		3367.0977299399674
12600503	1681		3411.4709353372455
12601508	1670		3256.45446773991
12602562	1723		3334.324232738465
12603622	1746		3294.534274082631
12604621	1701		3447.0001380108297
12605673	1714		3519.375820197165
12606694	1732		3432.5290007665753
12607707	1729		3357.1668171174824
12608736	1718		3401.470210917294
12609816	1767		3447.2213892675936
12610825	1745		3529.8003806211054
12611897	1787		3591.351536113769
12612943	1785		3578.5317275747657
12613940	1747		3525.271517664194
12614938	1742		3520.118388194591
12615935	1720		3501.865349255502
12616914	1674		3424.341472879052
12617938	1645		3376.9529544748366
12619017	1710		3357.3413173407316
12620024	1691		3420.2022496908903
12621060	1714		3537.5833255946636
12622012	1628		3335.185873642564
12623106	1680		3367.747691463679
12624151	1675		3296.208256587386
12625151	1675		3360.9730620123446
12626126	1635		3313.586777601391
12627165	1627		3287.0174192152917
12628242	1678		3331.156354472041
12629328	1741		3357.8450593166053
12630397	1777		3445.42505678162
12631440	1780		3531.0869302116334
12632439	1779		3542.0446662008762
12633494	1798		3560.470104061067
12634560	1825		3592.6239637322724
12635572	1802		3637.394193600863
12636586	1765		3672.958421975374
12637695	1824		3698.698356438428
12638728	1837		3712.934483446181
12639656	1765		3609.2658671475947
12640633	1740		3556.135743096471
12641636	1736		3510.984973758459
12642678	1728		3448.5609271116555
12643731	1752		3381.9267995730042
12644763	1751		3309.6164179965854
12645783	1766		3520.7360285408795
12646843	1788		3658.348378829658
12647854	1795		3626.7553513795137
12648844	1765		3514.2886908985674
12649805	1693		3462.461872756481
12650803	1686		3384.278278976679
12651892	1751		3419.079378411174
12652911	1762		3430.0678727701306
12653998	1807		3499.4106897227466
12655018	1807		3509.3506716936827
12656021	1778		3480.485233567655
12657116	1837		3546.544300738722
12658176	1874		3660.052097801119
12659288	1963		3891.398820221424
12660338	1968		3793.97660850361
12661356	1980		3813.5444556586444
12662410	1999		3966.7953815199435
12663452	2004		3996.892869886011
12664450	1990		3903.6649764962494
12665532	2019		3900.4075653143227
12666583	2029		3996.4686549194157
12667519	1962		4043.238892287016
12668628	2039		4189.861845780164
12669622	2001		4019.627486862242
12670700	2044		4131.789461996406
12671737	2044		4069.5589592158794
12672700	1986		3983.1105322763324
12673779	2058		4134.14819001779
12674839	2094		4118.426330488175
12675801	2006		4071.4461845494807
12676746	1945		4065.871336966753
12677730	1886		3908.8376074917614
12678816	1919		3866.746195372194
12679854	1909		3829.1360341645777
12680849	1877		3884.7396152690053
12681788	1813		3762.128754258156
12682743	1766		3656.5581326521933
12683863	1848		3642.8968493901193
12684871	1832		3531.1443799585104
12685885	1803		3641.654486719519
12686862	1752		3567.232337217778
12687868	1724		3463.3810499198735
12688825	1663		3400.070962667465
12689840	1661		3310.5288737639785
12690867	1674		3300.9860652796924
12691936	1731		3405.9974277094007
12692981	1762		3397.051868610084
12693996	1740		3497.1939416900277
12694982	1685		3424.7711607813835
12695990	1671		3336.2111779227853
12696995	1636		3258.3000248000026
12698012	1652		3313.3623911701143
12699033	1648		3207.7417276725173
12700043	1654		3129.877995312214
12701027	1616		3192.669058293104
12702069	1622		3176.0909906998277
12703172	1676		3317.2990274354815
12704234	1698		3349.8180972374976
12705254	1716		3389.7673217765987
12706262	1697		3341.897705219686
12707246	1629		3387.503330323845
12708300	1660		3353.93160610646
12709335	1689		3371.7076020538807
12710248	1596		3280.4513810016215
12711285	1593		3183.2181832827628
12712291	1573		3183.2027368061244
12713398	1666		3312.6115811541677
12714406	1658		3346.0720643363893
12715470	1705		3462.905847005546
12716541	1748		3332.943077649921
12717542	1738		3367.2278678305447
12718589	1757		3526.9985918700695
12719520	1686		3461.502969507128
12720566	1730		3380.7812309116125
12721584	1705		3293.86168281734
12722583	1686		3353.7898758500814
12723492	1554		3325.070433933288
12724524	1574		3304.823628306389
12725573	1586		3182.813141696155
12726594	1585		3247.106514208019
12727585	1550		3315.6420999877155
12728625	1563		3298.51153614372
12729625	1563		3152.05246341601
12730687	1588		3091.8962367028
12731684	1566		3126.059332277626
12732672	1504		3083.373886372894
12733630	1440		3025.6199896000326
12734613	1404		2740.6747626550496
12735739	1503		2800.762783281505
12736699	1441		2917.336034528911
12737745	1451		2928.737804789096
12738823	1495		2937.1461789384484
12739761	1427		2853.967721939087
12740833	1457		2848.6482371613383
12741858	1460		2850.682878714055
12742918	1508		2972.9913112930954
12743928	1511		3017.482680808753
12744905	1452		2918.724363170564
12745951	1451		2801.4076733887196
12746960	1455		2900.8206852674484
12748060	1510		2886.2822325713933
12749034	1468		2882.1123129203916
12750107	1491		2979.35191469267
12751098	1456		2914.5181310623884
12752153	1501		2913.0015216469765
12753130	1455		2948.5343359597027
12754099	1375		2856.5808883048594
12755099	1373		2744.4409211426973
12756146	1374		2778.6848219260573
12757120	1315		2612.7436228990555
12758158	1331		2609.655049908906
12759159	1321		2642.237551830709
12760103	1243		2504.45383470878
12761085	1210		2488.15358941257
12762200	1308		2524.539941456169
12763215	1288		2547.906622234732
12764277	1299		2562.0035801790655
12765326	1334		2549.4227306097746
12766327	1318		2627.801064465195
12767448	1415		2799.0620901472867
12768569	1494		2908.3013612627983
12769639	1543		2989.2971753440797
12770616	1480		2976.094139225781
12771671	1487		3073.7706551663578
12772674	1452		2917.392809405923
12773700	1452		2941.804854489863
12774720	1456		2922.215769700706
12775760	1461		2798.0692287683487
12776809	1480		2947.5446358062327
12777793	1451		2937.4757498130202
12778781	1420		2897.844227567315
12779805	1435		2861.0226120762527
12780885	1508		2982.1919590719044
12781958	1568		3133.081407159567
12783005	1608		3224.052333764732
12783991	1572		3165.70047051087
12785088	1638		3142.046786516905
12786034	1557		3104.7704554982483
12786978	1486		3080.0112589225173
12787972	1474		3005.4175225272775
12788958	1426		2911.551790561527
12789996	1432		2740.4482491463423
12791004	1401		2886.638553068042
12792017	1397		2872.3174597397447
12792992	1371		2824.7818195410073
12793998	1375		2768.051532525569
12795045	1408		2787.4866603799164
12796113	1458		2883.6198903881013
12797179	1503		2907.9875904098153
12798143	1461		2945.294856119901
12799175	1459		2967.2774228081107
12800237	1510		2930.286074526608
12801297	1536		2960.3204243704677
12802408	1619		3207.5519119799137
12803503	1678		3374.4499869272113
12804434	1591		3324.1058011502028
12805462	1591		3298.474130924791
12806479	1560		3136.7956755571067
12807459	1525		3150.717454060912
12808559	1586		3087.2311447262764
12809486	1496		3014.1405388712883
12810565	1575		3146.6227955818176
12811599	1579		3146.2071850709617
12812584	1533		3103.294298686087
12813557	1502		3077.804224599153
12814688	1604		3153.6832500360906
12815637	1502		2937.6512007303536
12816699	1545		3110.570794261992
12817732	1567		3036.7243888899684
12818776	1571		3132.5299740843475
12819832	1597		3247.8890698067844
12820794	1554		3272.468979332596
12821893	1601		3239.9798938818276
12822915	1573		3185.5565337464213
12823908	1540		3115.1842573173344
12824866	1469		3003.8279019370675
12825859	1423		2996.114785376936
12826919	1438		2961.4675971716642
12827991	1485		2944.8309139050543
12829109	1568		2998.0247370637953
12830154	1598		3149.1362271867692
12831170	1602		3193.6261411979795
12832253	1665		3152.607857465744
12833250	1654		3205.5405184067786
12834249	1643		3301.6483694911003
12835384	1741		3414.793485596776
12836419	1753		3493.5475779399276
12837459	1782		3558.0784176290035
12838451	1753		3480.592054449022
12839492	1777		3596.066329229623
12840555	1808		3518.934272289276
12841568	1818		3508.3257789053023
12842661	1863		3646.6304151900113
12843628	1829		3685.0018081627786
12844634	1826		3690.079758170992
12845661	1815		3631.1953368596733
12846667	1806		3617.6881361417472
12847736	1824		3596.4319699034095
12848722	1796		3611.3943458124995
12849724	1765		3543.295379910618
12850721	1721		3529.2013318948448
12851673	1652		3510.7514682896435
12852657	1600		3413.6502796187997
12853662	1574		3174.6469999179244
12854669	1537		3047.9914706870914
12855601	1465		2948.954229246825
12856635	1488		3004.6395061798394
12857571	1400		2909.5301273725927
12858605	1421		2825.3014091327786
12859601	1411		2831.4574005417526
12860675	1468		2883.625074993819
12861714	1460		2823.1839867457747
12862711	1435		2842.8114892728627
12863707	1395		2950.1467653289437
12864724	1373		2855.9760537855327
12865785	1399		2773.821396753192
12866793	1403		2762.9942881427705
12867899	1460		2977.384209986776
12868882	1440		2898.1082897260785
12869915	1432		2830.6839237697423
12871051	1568		2944.484757900238
12872083	1592		3046.142752107233
12873121	1617		3100.5619559660554
12874147	1625		3268.338444687426
12875136	1599		3309.729420043528
12876027	1477		3102.3348874002695
12877038	1446		3032.1291036754847
12877986	1364		2872.1852641776204
12878991	1328		2797.5086508840322
12880083	1377		2687.618260946125
12881071	1323		2600.3477788344026
12882066	1290		2634.0140639841557
12883084	1306		2529.886566095054
12884031	1236		2473.709649864584
12885063	1252		2387.4295030534267
12886077	1224		2403.107009779662
12887081	1196		2422.1218686029315
12888049	1138		2293.5848061963916
12889026	1077		2191.7050986252725
12890065	1108		2233.790260385722
12891113	1141		2215.0118066184223
12892083	1108		2303.88197882846
12893079	1095		2282.452098470181
12894033	1045		2181.201835837215
12895043	1044		2057.753769747913
12896002	1002		2120.003541059792
12896998	997		1992.9676348343492
12897967	944		2029.4534967541695
12899006	923		1849.1803273744881
12900045	951		1936.6129274480045
12901088	955		1929.9322923533618
12902147	979		1810.9049740731716
12903204	992		1959.240509852767
12904270	1048		2070.183579981327
12905332	1104		2174.293685656041
12906343	1114		2220.0264468044043
12907257	1016		2208.77375016734
12908210	927		1936.359391875565
12909238	926		1776.4809948578477
12910245	912		1898.517565947026
12911231	892		1838.737601120025
12912257	915		1869.1003788672388
12913283	886		1726.499139096588
12914276	871		1719.4976637996733
12915284	849		1800.603273138404
12916282	810		1689.328260652721
12917247	728		1435.1073651090264
12918255	723		1382.9033883735538
12919188	631		1338.6124244518578
12920211	625		1243.1082158870995
12921249	647		1291.4708490148187
12922209	604		1183.141526516527
12923182	543		1139.0650530904531
12924215	555		1187.0057287923992
12925303	613		1170.541022926569
12926243	532		1116.7133546695113
12927278	511		1008.8168854676187
12928336	548		1104.7147504165769
12929300	494		1029.166849847883
12930245	400		858.237669326365
12931201	352		663.851801738143
12932180	302		647.7858102172613
12933179	287		551.2575316280127
12934220	294		602.7114116586745
12935285	339		633.37409170717
12936366	408		830.4462320432067
12937369	361		745.8792052082717
12938393	375		681.4430865906179
12939407	365		725.2926508039236
12940446	370		778.7784284576774
12941410	325		671.1563320606947
12942392	276		571.3242655843496
12943422	271		531.8585093170404
12944434	283		559.1089461930096
12945427	236		527.1972297765315
12946466	259		525.6625207811594
12947513	274		625.9925194494426
12948526	250		539.196697447449
12949613	283		548.1377371288836
12950598	247		534.5172660127282
12951597	237		457.60278510302305
12952616	244		481.7460788227618
12953608	233		468.69389495253563
12954677	279		514.2078173421323
12955764	338		646.377162180841
12956797	337		667.5395652204752
12957811	322		681.6092320121825
12958824	309		572.3034157641232
12959890	349		725.6400019340217
12960879	323		610.7301076948643
12961852	290		544.9635390006006
12962888	293		510.40189703181386
12963875	254		500.57740442082286
12964920	296		572.2092187218368
12965936	280		524.7755039297044
12966905	244		504.1319933347404
12967917	230		418.3980071619153
12968919	216		399.68582493439317
12969903	196		364.3255143202841
12970949	209		408.2656860053539
12971938	193		410.19368294253945
12972995	231		480.46527114883065
12974059	249		529.6801523156464
12975120	281		513.018882252276
12976102	254		519.6289027892053
12977100	213		424.1803569495678
12978153	261		598.1796714328229
12979236	297		571.0220674648881
12980240	288		605.7370052710176
12981226	272		527.6381381712854
12982287	306		588.2413099631667
12983256	240		473.727507352829
12984336	302		577.3211726471782
12985294	249		527.7334965839982
12986293	233		504.2676319926977
12987260	159		312.3163752146065
12988271	162		319.83091043680906
12989268	125		275.0180909894407
12990336	167		336.3971471115947
12991322	153		290.22231912985444
12992354	159		349.74856051802635
12993383	177		359.4393572025001
12994435	195		346.15273828431964
12995545	278		510.2675541304052
12996632	325		606.4664188362658
12997568	246		463.63336942344904
12998600	246		476.09851387515664
12999647	265		567.205584846437
13000631	246		526.1502537727356
13001678	269		493.53370337188244
13002645	208		436.12292191013694
13003630	175		414.0295902900398
13004613	153		324.13081649690866
13005675	168		363.05499102175236
13006628	109		205.24419756233692
13007718	160		292.78406496345997
13008715	118		222.68759044259787
13009705	94		253.94731210917234
13010707	77		167.15427127107978
13011662	14		27.07667615264654
13012704	8		9.9424730502069
13013750	22		53.900062810629606
13014755	5		9.28580304980278
13015841	31		46.061739064753056
13016939	84		176.80453645810485
13017966	63		113.86627748981118
13019060	152		288.1933169029653
13020043	114		253.60360812023282
13021039	86		192.4737726226449
13022058	88		202.33314907178283
13023078	53		98.06982753053308
13024075	29		60.46079934388399
13025152	80		143.2131850644946
13026207	69		116.84263867512345
13027195	36		75.51971914991736
13028235	51		95.50732364878058
13029248	51		89.28114681318402
13030264	64		135.66962435096502
13031308	55		103.82802348583937
13032321	47		102.24918877333403
13033353	39		79.66363165527582
13034338	19		33.25598403438926
13035394	62		116.31880120933056
13036409	72		150.78661293536425
13037462	76		153.0908137857914
13038549	134		258.03145914524794
13039536	104		210.00482659041882
13040514	46		96.72818744555116
13041680	183		338.7414799183607
13042660	152		282.18871915340424
13043604	96		167.1272447705269
13044592	74		149.05882657691836
13045649	102		180.92269917204976
13046639	84		163.2706130221486
13047662	71		135.67224233970046
13048646	52		89.05960988253355
13049729	112		202.46475234255195
13050743	81		178.3380877673626
13051708	41		87.68916358426213
13052727	24		67.05100368335843
13053705	2		7.02013548836112
13054749	30		43.31700075045228
13055797	60		112.23732832074165
13056820	79		157.4484067671001
13057832	83		148.93465826287866
13058934	177		328.8558059036732
13059999	212		433.2431107163429
13060967	120		240.44619838148355
13061899	7		14.304814253002405
13062971	42		71.2558333389461
13063970	6		15.058019068092108
13065032	20		47.822803281247616
13066078	22		59.041293401271105
13067099	24		46.91166329011321
13068092	7		16.043769534677267
13069115	15		42.93073854595423
13070143	6		12.86638206243515
13071191	10		25.160909835249186
13072263	71		123.14805367588997
13073275	58		105.7270011305809
13074278	20		28.599415596574545
13075262	0		1.715589851140976
13076352	69		118.01482373848557
13077344	3		2.3848093561828136
13078425	57		108.85563341528177
13079430	41		66.3936687707901
13080479	89		179.99289428815246
13081447	49		89.97245465964079
13082506	87		185.53719583526254
13083517	79		166.64970573410392
13084464	2		8.490167334675789
13085582	94		181.75511861220002
13086555	64		133.45275705307722
13087619	104		202.307018391788
13088659	105		198.92363459989429
13089790	233		431.4713011793792
13090806	207		414.0517627336085
13091702	98		211.14813887700438
13092691	81		145.90767887234688
13093711	79		139.46764044836164
13094715	65		132.24010768532753
13095667	0		0.0
13096707	10		15.040550757199526
13097806	92		219.24020740017295
13098840	94		184.73575907573104
13099857	88		173.52121832966805
13100858	87		154.9132046625018
13101896	99		206.2068715915084
13102885	68		129.4400932006538
13103910	69		105.98269249871373
13104878	9		18.66637098044157
13105950	24		49.66815311834216
13106962	4		9.408917758613825
13107985	0		0.0
13108993	0		0.0
13110035	18		54.67083482444286
13111039	13		29.860873956233263
13112060	26		41.3022178709507
13113205	121		247.9905801974237
13114173	82		164.9619177058339
13115155	17		31.96408836171031
13116227	80		142.6241687722504
13117232	46		80.21378629282117
13118247	60		116.17092377319932
13119316	113		226.52978643774986
13120285	74		183.16341211646795
13121227	13		30.056616358458996
13122281	38		63.64602066576481
13123264	9		18.550606358796358
13124286	26		72.98209138587117
13125294	0		3.9388382099568844
13126311	0		0.0
13127359	22		47.59360146895051
13128495	115		204.9552445113659
13129502	100		188.1277544386685
13130545	120		223.9124841913581
13131587	137		291.58717750385404
13132635	153		287.529451970011
13133670	156		259.5710730627179
13134561	32		63.17722191661596
13135612	34		79.9493287652731
13136676	60		127.59325300902128
13137752	95		169.6711044870317
13138806	131		262.50234984979033
13139871	192		424.74165476858616
13140912	229		453.2023353911936
13141944	246		532.5673099868
13143029	316		614.7400612793863
13144015	270		530.3376411311328
13144953	168		364.14688545838
13146050	251		492.6246415004134
13147052	244		434.49556186795235
13148027	207		475.9410117305815
13149019	151		289.63978854194283
13150068	174		352.86074417456985
13150986	52		121.16276056319475
13151969	2		0.0
13153015	43		72.36217518150806
13154035	24		54.8172749876976
13155110	58		96.10860239341855
13156083	15		30.842109080404043
13157119	12		21.232039470225573
13158142	5		9.309319164603949
13159168	26		38.644541800022125
13160190	28		62.68062552809715
13161252	76		168.05911371856928
13162298	86		152.60069912672043
13163329	77		131.24256647005677
13164371	103		225.89908638596535
13165481	179		294.22677186504006
13166613	275		587.0913293622434
13167629	268		527.5581436268985
13168642	269		513.7682572901249
13169712	290		541.032344724983
13170789	353		692.2692320309579
13171844	363		755.023961097002
13172892	411		783.4325571879745
13173960	478		975.3469070456922
13174929	434		897.8437276855111
13175958	424		806.2245574221015
13176992	450		843.0318261235952
13178015	455		930.2564165443182
13179005	434		892.3848880566657
13180047	473		860.3686586804688
13181142	531		1023.1162750981748
13182114	474		973.113177139312
13183112	440		897.2448731847107
13184186	473		916.9547132141888
13185124	384		788.5906963162124
13186111	320		610.9043152816594
13187133	294		615.0407993160188
13188255	399		741.0872009135783
13189244	378		779.7631422132254
13190274	407		819.1308493316174
13191215	328		699.4569129906595
13192216	298		610.5591282658279
13193275	334		625.2995339296758
13194277	299		583.7119815647602
13195328	346		688.5333960428834
13196400	373		756.804360229522
13197380	331		700.8088484220207
13198360	306		667.5059445239604
13199410	314		625.5792050026357
13200438	306		611.5670359618962
13201451	277		591.0323716029525
13202469	286		567.0762877874076
13203482	274		573.5544865131378
13204489	253		511.51634139195085
13205492	247		471.21135732904077
13206549	262		521.0971514321864
13207539	201		406.7372098527849
13208536	166		345.42833224684
13209625	215		393.5979203619063
13210626	164		300.9519217647612
13211618	97		188.2394291087985
13212728	176		296.69888907298446
13213750	178		387.5009709186852
13214775	170		379.5372581332922
13215746	109		245.71239528805017
13216826	147		299.79652690142393
13217827	135		254.73040344938636
13218959	233		483.3761286884546
13219992	264		575.4605725519359
13221084	347		665.0178027525544
13222139	367		718.5405578911304
13223139	344		769.6050218679011
13224167	366		707.6008935533464
13225227	371		694.4859021529555
13226289	380		791.8413280583918
13227281	336		682.8538471013308
13228353	363		759.5555262602866
13229427	419		878.3765741586685
13230581	519		1029.2431825622916
13231657	557		1034.8567402288318
13232742	629		1231.4673437029123
13233830	682		1401.455398619175
13234884	699		1423.745501510799
13235872	646		1363.0296747125685
13236823	556		1153.8671693056822
13237774	490		1011.2966831959784
13238855	533		1065.2088249847293
13239866	541		1048.1966070495546
13240855	528		1018.2306761369109
13241885	530		1071.0719425641
13242855	496		977.497981518507
13243842	475		956.8644576966763
13244858	485		936.0819385424256
13245886	512		1014.6451343595982
13246898	496		988.6619884818792
13247935	511		969.9417591430247
13248945	468		962.3727341555059
13250011	512		1059.3584520556033
13251091	564		1122.2946106530726
13252064	511		1069.3319306373596
13253128	543		1062.3936049565673
13254125	512		1015.4190852232277
13255083	468		887.5844477973878
13256188	553		1034.4626556299627
13257246	599		1161.6417152062058
13258300	609		1213.8649763017893
13259307	590		1192.7798310518265
13260314	554		1208.1280237808824
13261416	648		1220.084871839732
13262430	613		1284.7096379995346
13263484	649		1292.6893777959049
13264544	673		1415.8437151871622
13265522	598		1300.8513250127435
13266564	607		1174.037660073489
13267627	665		1277.4692083224654
13268603	638		1248.5543569289148
13269619	593		1226.7856402806938
13270587	513		1040.6054885610938
13271559	479		1024.806072667241
13272584	462		940.4411110058427
13273691	519		1050.5273213796318
13274773	565		1093.6757378950715
13275791	573		1144.6693531274796
13276815	562		1086.9015692174435
13277773	471		992.595086351037
13278700	398		820.1228555478156
13279699	395		828.9749410524964
13280759	413		830.8748032823205
13281856	498		893.922838807106
13282990	593		1110.9889852106571
13284066	654		1305.1776630096138
13285043	625		1250.8402986824512
13285994	559		1159.9094660133123
13286981	528		1125.7994570024312
13287966	504		971.2230416722596
13288833	371		738.3618233688176
13289895	379		765.9306554086506
13291000	445		941.310220271349
13291959	355		789.3415070734918
13292958	316		670.5925786904991
13293999	350		702.3872802332044
13294987	333		691.9168133102357
13296007	335		660.1967868469656
13297022	334		634.558731622994
13298071	373		702.9792171791196
13299126	403		821.25948446244
13300175	443		871.992138300091
13301223	458		939.3135744482279
13302302	508		982.2589493654668
13303297	496		968.3259231969714
13304281	433		848.0003649555147
13305302	411		854.987677205354
13306369	441		862.53718226403
13307434	465		886.2806907370687
13308469	500		1031.1408769711852
13309540	533		1126.4424806423485
13310568	546		1070.3347182646394
13311654	614		1237.8713307715952
13312720	677		1256.1143073514104
13313759	701		1338.3142709471285
13314848	767		1477.463104955852
13315864	749		1526.9679211229086
13316903	737		1545.887902289629
13317976	761		1477.558382295072
13319043	785		1522.1637930981815
13320042	784		1539.7180486693978
13321084	773		1590.4117727018893
13321990	672		1449.9431601576507
13323044	698		1408.9260720424354
13324040	675		1333.0755381137133
13325168	773		1443.1905096396804
13326252	848		1613.7736251987517
13327218	813		1701.1531580872834
13328229	799		1632.726082265377
13329231	758		1596.345855716616
13330280	801		1514.0786281190813
13331280	759		1508.4830654077232
13332278	735		1520.6799095980823
13333259	688		1404.741874806583
13334266	660		1331.7745418958366
13335278	665		1343.809770334512
13336339	700		1382.247664809227
13337421	757		1464.3470121324062
13338476	794		1465.428842395544
13339456	733		1531.8567176386714
13340431	668		1371.8346813097596
13341476	704		1338.1861388869584
13342529	721		1416.472163952887
13343572	749		1492.385743804276
13344593	767		1547.4432340413332
13345635	761		1567.0082322359085
13346539	660		1378.8219919800758
13347632	707		1386.1390489451587
13348646	677		1445.959220185876
13349749	750		1481.85983511433
13350827	771		1474.430839508772
13351916	823		1520.2664808183908
13352947	802		1607.4269672110677
13353952	778		1626.9800912961364
13354919	740		1463.4095712527633
13355935	738		1562.3174359835684
13356937	720		1426.8332351706922
13358009	754		1477.4152124933898
13359084	793		1542.79833804816
13360069	750		1532.521390542388
13361064	743		1437.2334823831916
13362161	794		1500.7176419869065
13363113	737		1460.2742444053292
13364056	652		1406.9403230063617
13365062	626		1208.7547581717372
13366059	613		1213.72344346717
13367156	684		1354.7152510210872
13368232	716		1384.2648132257164
13369210	643		1296.1024011336267
13370272	683		1345.755953617394
13371295	669		1386.2634870931506
13372282	638		1275.9855983369052
13373341	659		1334.285858090967
13374361	641		1272.016913112253
13375376	627		1345.777762632817
13376407	629		1281.7447235658765
13377452	646		1318.648960225284
13378399	569		1156.9453416392207
13379419	587		1161.0399524010718
13380463	582		1137.933335185051
13381489	572		1164.0511869713664
13382498	551		1089.850107949227
13383534	586		1141.7257468253374
13384488	522		1088.514209933579
13385521	524		1050.5331221036613
13386458	452		930.6233150400221
13387487	463		896.7413420900702
13388521	484		951.2808465361595
13389609	518		978.3226275965571
13390626	534		1113.598052520305
13391596	496		999.3713428005576
13392664	517		1022.9773773923516
13393727	556		1136.3466470725834
13394630	457		904.7730339616537
13395586	406		782.2972564995289
13396607	403		730.6761552914977
13397622	406		799.0735146291554
13398644	410		793.2406038418412
13399684	400		819.4298404082656
13400622	325		623.6965569108725
13401586	263		614.6534005701542
13402656	282		569.255222607404
13403672	283		552.6211644373834
13404599	183		372.863177485764
13405650	203		389.61273293569684
13406671	186		378.9299256801605
13407731	202		411.0902124196291
13408756	185		339.4539367109537
13409759	181		388.0968734882772
13410820	218		414.26457995548844
13411868	236		445.4916395805776
13412941	304		590.010186214
13413959	277		643.8185702599585
13414989	290		608.1688363179564
13415992	254		517.4310916773975
13417136	342		612.323567610234
13418154	332		679.9989428259432
13419296	420		802.9082352481782
13420276	396		845.111082278192
13421344	424		870.8493184298277
13422409	464		823.3634790033102
13423510	518		986.6045379713178
13424559	529		1051.5148357376456
13425570	507		1052.2446563392878
13426601	531		1029.737417154014
13427651	580		1153.067661345005
13428588	507		1077.6026771776378
13429610	519		1076.325997069478
13430636	526		1030.9539853967726
13431689	555		1099.5987579971552
13432672	534		1058.7641005292535
13433759	572		1095.0283409766853
13434834	622		1266.6354149393737
13435864	620		1198.9312101565301
13436936	657		1290.9493840411305
13437972	683		1384.8673832416534
13438969	653		1381.6734185926616
13440036	680		1335.6851598061621
13441020	659		1366.5326511189342
13442087	698		1416.206664390862
13443086	663		1291.1815809421241
13444064	614		1237.4503592289984
13445073	600		1243.5496295765042
13446075	576		1204.7032249681652
13447146	618		1191.7689138911664
13448140	582		1179.1916003637016
13449126	544		1145.025393731892
13450203	577		1153.4072900898755
13451167	538		1108.4677583388984
13452214	563		1006.823262643069
13453200	529		1040.363400541246
13454204	514		1005.85362232849
13455231	526		1066.740513663739
13456282	540		1056.1907464191318
13457364	596		1164.2265638522804
13458393	620		1187.8213113322854
13459422	610		1225.459677170962
13460460	643		1279.3556047864258
13461525	684		1328.1864343322814
13462569	726		1350.0644596330822
13463610	749		1501.2982006035745
13464697	831		1478.2418613769114
13465759	868		1716.3476978056133
13466767	855		1802.1328612752259
13467824	870		1721.9022340588272
13468829	864		1708.3489401377738
13469881	880		1685.4658610112965
13470893	878		1716.0108558684587
13471894	873		1738.51388483122
13472930	875		1785.1296966336668
13473896	833		1741.1416023634374
13474867	764		1551.327478390187
13475921	784		1564.2557921148837
13476952	778		1505.6734223291278
13477921	740		1420.7327600382268
13479025	793		1524.7857204005122
13480046	776		1649.8610617667437
13481169	845		1672.4152837060392
13482183	845		1748.0151556879282
13483203	841		1706.051540479064
13484247	871		1696.046684179455
13485274	856		1731.0840539559722
13486257	825		1678.1040456444025
13487311	843		1693.9098452292383
13488344	848		1738.8629607707262
13489294	763		1541.2051978185773
13490300	757		1521.2703729607165
13491394	836		1692.7518311068416
13492455	878		1713.1748253330588
13493549	945		1827.6966817751527
13494577	963		1850.5589166097343
13495620	972		1967.9642999842763
13496631	943		1840.9173013679683
13497583	888		1882.2067301161587
13498586	882		1701.8214568831027
13499714	984		1926.088408086449
13500720	979		1956.812800694257
13501729	972		1915.932385738939
13502704	945		1852.709659896791
13503700	918		1827.0884613581002
13504702	895		1785.350864391774
13505767	936		1759.3970762826502
13506757	904		1792.2715517021716
13507857	984		1894.7694726251066
13508907	1015		2023.359426215291
13509942	1048		2121.0405947193503
13510975	1064		2064.3887708708644
13511990	1072		2112.255449909717
13513117	1170		2306.7346325926483
13514232	1285		2452.23552781716
13515124	1150		2338.169275086373
13516221	1229		2380.3559609651566
13517191	1196		2448.9751807264984
13518239	1217		2419.48342994228
13519235	1197		2338.232950232923
13520314	1241		2448.6760559417307
13521313	1210		2394.6798396259546
13522305	1191		2360.996406096965
13523305	1181		2344.0659321025014
13524378	1202		2344.681980405003
13525387	1179		2403.961224783212
13526444	1192		2341.277454804629
13527420	1167		2356.2867398150265
13528382	1098		2178.1348043717444
13529472	1153		2242.556243658066
13530474	1122		2186.5720221176744
13531546	1149		2264.174434695393
13532591	1160		2317.9514385312796
13533643	1193		2380.0180580578744
13534603	1125		2320.201385550201
13535592	1074		2187.436635404825
13536633	1075		2064.204284887761
13537661	1076		2192.504649978131
13538664	1046		1971.4366552904248
13539671	1026		2046.9090639017522
13540712	1014		2039.221535384655
13541692	948		1928.225214857608
13542803	1040		1928.2630894333124
13543898	1124		2161.431809321046
13544912	1130		2212.3766879700124
13545923	1131		2233.1683238632977
13546948	1127		2303.750483676791
13548038	1197		2299.0548317804933
13549121	1252		2461.1209239810705
13550173	1301		2562.542147912085
13551214	1293		2627.3723317719996
13552149	1219		2470.7256591953337
13553209	1265		2391.060118611902
13554269	1298		2514.3042257353663
13555327	1333		2625.1508506014943
13556316	1319		2649.506674516946
13557351	1322		2689.950407601893
13558362	1322		2750.313437681645
13559295	1255		2624.6859031170607
13560401	1335		2608.1714089773595
13561428	1328		2568.3980266302824
13562532	1379		2639.7618853896856
13563494	1315		2680.504060190171
13564493	1269		2635.4743324927986
13565474	1247		2505.400468286127
13566522	1252		2606.4240915104747
13567601	1296		2545.4527534618974
13568496	1181		2427.7160402052104
13569477	1150		2382.1438666582108
13570487	1152		2311.1317809708416
13571465	1108		2237.4490111768246
13572474	1115		2247.0560066625476
13573517	1146		2306.848052237183
13574526	1140		2411.5462163947523
13575610	1191		2333.2918336726725
13576686	1230		2365.2461446374655
13577727	1261		2526.8869780115783
13578793	1306		2575.7973886094987
13579742	1207		2645.6304240599275
13580683	1136		2436.081202812493
13581697	1139		2310.1863446831703
13582784	1196		2340.319889448583
13583845	1255		2498.7849232405424
13584849	1237		2473.223008207977
13585967	1329		2500.224332243204
13586995	1329		2609.8089238852262
13588064	1345		2711.404268052429
13589117	1384		2745.086622841656
13590104	1370		2743.682307254523
13591086	1350		2869.2076100185513
13592074	1320		2689.4860848486423
13593064	1282		2576.776420298964
13594022	1223		2416.4078989587724
13595054	1233		2403.9844829514623
13596071	1230		2504.9195909425616
13597061	1195		2433.7479288205504
13598114	1211		2396.4097930155694
13599154	1238		2381.1061277128756
13600214	1259		2461.3318698070943
13601227	1230		2410.463960777968
13602247	1231		2416.6320648677647
13603238	1186		2488.245869535953
13604205	1144		2261.8512436077
13605200	1105		2224.864550959319
13606154	1058		2147.2718436829746
13607267	1151		2175.227055128664
13608320	1164		2295.4199096523225
13609295	1111		2249.8640028499067
13610316	1119		2185.4672640636563
13611342	1142		2227.0432253219187
13612283	1075		2241.4211743958294
13613325	1113		2243.7152804769576
13614404	1178		2307.4684765823185
13615406	1168		2355.735453285277
13616482	1207		2394.0883360914886
13617498	1181		2366.186053548008
13618562	1211		2258.0865220166743
13619572	1181		2407.4542310386896
13620574	1145		2306.240144107491
13621646	1202		2377.8146897517145
13622689	1225		2452.2854068279266
13623703	1199		2486.2915881983936
13624669	1150		2334.674836333841
13625730	1181		2375.7120062969625
13626708	1157		2330.7461758479476
13627736	1177		2317.952977195382
13628727	1166		2294.2745873034
13629817	1244		2387.4651099331677
13630897	1291		2460.2730035446584
13631917	1304		2596.5372293815017
13632958	1299		2607.8712084926665
13633903	1233		2564.9535395652056
13634946	1276		2472.2524517662823
13635936	1265		2517.9173110574484
13636940	1257		2632.5942410305142
13637893	1202		2539.4339008405805
13638932	1187		2422.828770723194
13639924	1165		2328.689223587513
13640980	1193		2368.15315740183
13642078	1251		2411.2366441376507
13643043	1178		2532.776713538915
13643962	1093		2289.5220866799355
13644956	1083		2204.69412554428
13645962	1071		2124.2993861064315
13647076	1153		2188.9266023114324
13648088	1161		2321.9937906078994
13649134	1185		2369.4198684431612
13650198	1197		2360.883331146091
13651248	1225		2321.1895137801766
13652237	1201		2367.0737615413964
13653254	1212		2534.4520622752607
13654377	1321		2613.157006159425
13655419	1341		2593.381327588111
13656439	1358		2597.0723175667226
13657506	1387		2768.58824589476
13658548	1391		2682.3042214140296
13659686	1488		2904.1425651684403
13660776	1545		3005.2276600040495
13661825	1588		3061.593987111002
13662871	1613		3150.650483582169
13663843	1575		3367.697819441557
13664937	1621		3275.9033306725323
13665969	1643		3291.8705098181963
13667064	1719		3452.7373298332095
13668150	1765		3616.95167452842
13669121	1724		3478.2178330868483
13670209	1803		3447.471870601177
13671136	1729		3452.652777455747
13672109	1693		3470.527553077787
13673114	1656		3336.761740203947
13674082	1614		3379.8204532936215
13675155	1657		3298.649774454534
13676153	1624		3320.6578742302954
13677186	1608		3311.6875515580177
13678274	1695		3307.408242531121
13679302	1698		3302.2791316732764
13680342	1705		3313.2664608210325
13681380	1702		3310.4384344778955
13682377	1689		3438.402000579983
13683397	1687		3428.510127712041
13684466	1708		3396.613682653755
13685530	1740		3405.2815869934857
13686520	1703		3524.6059331074357
13687532	1708		3473.2128776684403
13688593	1762		3377.2763807177544
13689664	1797		3500.1296242438257
13690678	1806		3596.7075451128185
13691658	1754		3563.6574288904667
13692616	1709		3429.5697592683136
13693589	1674		3367.7507268488407
13694585	1661		3255.7728261724114
13695589	1636		3211.2002277746797
13696610	1619		3222.418668050319
13697616	1607		3222.9639171771705
13698660	1645		3357.358728453517
13699764	1726		3358.9534755423665
13700768	1725		3420.283696938306
13701827	1754		3508.9326358288527
13702861	1772		3580.3580174334347
13703901	1762		3487.714040685445
13704899	1748		3439.0011593177915
13705843	1677		3370.939806446433
13706892	1691		3356.3473678343
13707897	1662		3403.333461664617
13708919	1680		3394.823990032077
13709985	1700		3375.5967821776867
13711051	1728		3505.6787544712424
13712058	1686		3439.244359612465
13713053	1652		3291.669151317328
13714025	1602		3221.3314402401447
13715024	1595		3153.8906510546803
13716075	1615		3111.8485853523016
13717127	1635		3195.227520670742
13718164	1672		3241.060112476349
13719118	1609		3243.3987388834357
13720097	1529		3193.3224906101823
13721076	1489		3084.306926012039
13721983	1386		2855.5433638207614
13723052	1406		2788.415314078331
13724020	1351		2853.8105252608657
13725005	1323		2736.061336733401
13726012	1313		2736.7600717395544
13727019	1319		2671.935507528484
13728022	1283		2527.9406180530787
13729113	1355		2649.6531557515264
13730113	1332		2601.936876155436
13731148	1339		2748.3581350147724
13732130	1304		2680.783323764801
13733174	1341		2620.5593207366765
13734121	1252		2591.4175198301673
13735103	1225		2528.496377106756
13736115	1204		2439.656581312418
13737046	1092		2304.9132647402585
13738038	1052		2237.2380566820502
13738979	959		1950.7005649618804
13740012	958		1865.4690935611725
13741091	1007		1935.3199775107205
13742086	964		1908.7582394778728
13743039	913		1823.9068488776684
13744097	958		1889.8416540436447
13745162	982		1947.9728741571307
13746121	915		1904.093029409647
13747239	1003		1888.5960368216038
13748303	1046		2062.7897678911686
13749422	1120		2207.0616585612297
13750425	1116		2225.83761870116
13751492	1151		2239.940352514386
13752497	1135		2286.3259705603123
13753514	1147		2261.348780296743
13754491	1124		2264.0032813362777
13755534	1128		2282.436693057418
13756537	1110		2196.542889870703
13757560	1122		2164.5682176612318
13758647	1197		2309.787655007094
13759720	1243		2443.1389908976853
13760705	1196		2395.792502529919
13761747	1200		2308.5443081259727
13762831	1237		2446.1649532169104
13763782	1174		2451.7349277623
13764866	1231		2437.1118216477334
13765906	1263		2385.676503729075
13766939	1283		2570.499927930534
13768046	1367		2692.3363553620875
13769157	1426		2787.5354048497975
13770226	1464		2759.892552025616
13771296	1512		2851.4337926469743
13772365	1541		3051.0685376524925
13773488	1616		3231.9950935952365
13774487	1611		3207.5395749658346
13775560	1669		3304.649379823357
13776544	1606		3124.5010781660676
13777694	1706		3303.338186621666
13778796	1761		3355.954939983785
13779944	1854		3567.0599703341722
13781017	1888		3735.6046170294285
13782050	1884		3875.1045638285577
13783028	1804		3675.612748492509
13784040	1780		3605.8693980537355
13785059	1775		3613.0219934098423
13786099	1772		3553.8185808099806
13787155	1819		3486.2399152219296
13788198	1848		3627.950560580939
13789226	1864		3794.9599446319044
13790255	1876		3836.1444987617433
13791239	1846		3788.4052292741835
13792299	1877		3719.642169341445
13793296	1825		3620.7790279462934
13794343	1831		3689.034537088126
13795333	1814		3635.6108444556594
13796380	1837		3713.37112467736
13797458	1871		3768.830410659313
13798519	1887		3868.3587491698563
13799524	1880		3859.7921049445868
13800496	1843		3754.9622426591814
13801625	1964		3938.754825219512
13802641	1962		3832.5305626504123
13803672	1989		3989.1877124793828
13804724	1992		4002.0062643177807
13805823	2056		4111.5544226020575
13806860	2080		4087.0241084583104
13807920	2115		4038.146800674498
13809006	2166		4038.927316647023
13810052	2183		4183.205114096403
13811111	2190		4361.865257322788
13812094	2169		4245.834693867713
13813122	2162		4252.577568478882
13814148	2150		4291.152012284845
13815116	2103		4247.863721348345
13816107	2063		4191.487438574433
13817123	2074		4116.9321508817375
13818201	2148		4209.051668826491
13819187	2123		4220.999783121049
13820124	2060		4173.376568719745
13821202	2110		4284.526487957686
13822251	2141		4319.683566112071
13823252	2107		4327.708497662097
13824309	2154		4398.004626039416
13825367	2188		4359.234977766871
13826417	2235		4476.561947148293
13827438	2225		4508.965541489422
13828443	2208		4536.751868743449
13829433	2156		4431.381611522287
13830464	2165		4303.171595782042
13831480	2134		4215.038959797472
13832491	2133		4326.279002100229
13833513	2132		4293.436917748302
13834631	2234		4274.834908246994
13835545	2147		4352.441548414528
13836583	2165		4412.2619571089745
13837506	2084		4145.889105625451
13838589	2114		4211.674225889146
13839564	2049		4088.518077470362
13840565	2033		4105.068371351808
13841550	1982		3991.3237549737096
13842540	1963		3978.8957080692053
13843487	1909		3955.633689183742
13844523	1903		3841.258178267628
13845526	1868		3696.0626664347947
13846497	1788		3661.879084084183
13847549	1840		3681.9991401694715
13848570	1835		3724.383290875703
13849688	1926		3787.3196397274733
13850668	1887		3707.1981021650136
13851713	1926		3783.90483905375
13852671	1878		3770.842966001481
13853638	1829		3814.319715745747
13854623	1796		3688.361116088927
13855649	1806		3577.526902306825
13856667	1818		3551.9701570160687
13857672	1793		3631.4453871175647
13858671	1739		3546.815108370036
13859674	1726		3473.4956986643374
13860700	1752		3452.0659081563354
13861741	1766		3525.6339146383107
13862801	1775		3522.7660192623734
13863848	1796		3579.3771384991705
13864864	1783		3619.3812305293977
13865876	1783		3581.5386304333806
13866905	1793		3639.407475426793
13867935	1808		3599.840977091342
13869012	1877		3670.201475329697
13870030	1857		3705.946109395474
13871105	1906		3786.166838429868
13872138	1904		3769.773629259318
13873176	1929		3901.405669040978
13874181	1930		3836.9127328284085
13875200	1932		3881.7440095692873
13876263	1960		3946.12298932299
13877320	1991		3923.939072456211
13878337	2004		3946.174637351185
13879375	2042		4082.098184943199
13880435	2062		4135.9826088398695
13881524	2113		4236.920374464244
13882614	2181		4298.646819781512
13883720	2241		4291.520958993584
13884761	2272		4325.571960221976
13885771	2259		4358.950377177447
13886956	2394		4574.450437817723
13887958	2389		4589.246602848172
13888903	2312		4658.5355808623135
13889942	2306		4739.172523871064
13890989	2347		4633.943479005247
13891990	2331		4528.627290081233
13892973	2308		4609.95885303244
13893939	2274		4562.9331589490175
13894883	2198		4407.981773659587
13895954	2260		4471.1768716312945
13897017	2284		4501.845577530563
13898103	2342		4616.328247822821
13899158	2356		4638.0170394741
13900174	2363		4766.54234579578
13901228	2391		4846.654466602951
13902291	2397		4809.910210728645
13903445	2514		4785.461357433349
13904492	2544		4820.397025484592
13905582	2586		5002.607646115124
13906679	2660		5172.8740846551955
13907675	2625		5132.760233331472
13908644	2577		5137.087965972722
13909631	2548		5173.383211225271
13910674	2590		5118.549176566303
13911701	2590		5097.868018805981
13912660	2509		4991.736884973943
13913780	2609		5103.614142216742
13914753	2576		5090.215508166701
13915698	2511		5129.110811892897
13916737	2507		5157.703087300062
13917800	2539		5099.824768323451
13918780	2497		4975.6221639961
13919783	2459		4946.485470972955
13920846	2490		4964.44271576032
13921880	2505		4982.121932487935
13922923	2531		5038.720252171159
13923837	2444		5030.632667928934
13924891	2497		5090.215420074761
13925941	2503		5082.432087995112
13927057	2619		5073.000289503485
13928039	2585		4999.495614610612
13929024	2547		5007.668410059065
13930044	2559		5152.348283138126
13930974	2489		5080.460931204259
13931971	2464		5044.416644517332
13933061	2534		5168.844480536878
13934211	2649		5169.318258740008
13935261	2672		5257.917526978999
13936258	2649		5353.275764573365
13937303	2653		5465.846164442599
13938369	2702		5449.923804420978
13939438	2732		5397.493953317404
13940407	2669		5350.570361532271
13941425	2664		5445.6752480864525
13942414	2636		5322.734300579876
13943482	2693		5414.206520285457
13944485	2646		5306.905516289175
13945449	2609		5396.879369452596
13946400	2546		5211.869177762419
13947405	2551		5088.715944044292
13948348	2491		5071.380933389068
13949411	2549		5175.090467561036
13950447	2553		5152.092392615974
13951507	2597		5213.805035687983
13952465	2519		5089.131574384868
13953541	2573		5096.5348293446
13954509	2541		5203.867117900401
13955585	2570		5291.871083881706
13956620	2600		5227.302807059139
13957693	2627		5194.89296227321
13958631	2558		5191.207010239363
13959633	2512		5166.776180513203
13960746	2608		5160.609212156385
13961717	2558		5024.308359056711
13962753	2579		5061.76973182708
13963776	2566		5106.386849932373
13964742	2527		5020.871230065823
13965766	2529		5063.354185178876
13966733	2464		4935.9567189104855
13967824	2515		5043.520439989865
13968845	2498		4839.685076922178
13969902	2521		4947.037272688001
13970925	2541		5014.947954878211
13972093	2665		5148.102025136352
13973063	2621		5153.865039601922
13974104	2635		5231.864144731313
13975090	2601		5252.91475443542
13976153	2661		5224.317851111293
13977206	2686		5224.544038992375
13978208	2674		5274.350583568215
13979204	2658		5328.970717951655
13980207	2616		5200.259542498738
13981319	2709		5328.498451583087
13982379	2733		5303.875545218587
13983455	2788		5397.258427478373
13984438	2736		5416.705323670059
13985478	2750		5539.583173930645
13986565	2807		5535.374175973237
13987548	2765		5529.473881769925
13988572	2781		5573.291968498379
13989694	2857		5717.948021706194
13990735	2873		5851.075607333332
13991804	2916		5906.045171998441
13992835	2891		5873.4719811193645
13993772	2821		5749.122450795025
13994799	2820		5721.540424749255
13995811	2807		5645.51669607684
13996889	2855		5547.443977855146
13997904	2850		5591.838414654136
13998948	2877		5711.833772666752
13999941	2842		5703.4164112098515
14000920	2820		5700.362244650722
14001904	2802		5669.4234876558185
14002901	2778		5768.907398596406
14003954	2784		5688.207158390433
14005081	2870		5772.271607551724
14006080	2822		5542.199565690011
14007076	2785		5555.181139886379
14008154	2845		5528.7061605378985
14009239	2930		5618.10095994547
14010278	2936		5714.981617860496
14011291	2932		5788.840358301997
14012345	2944		5866.345342718065
14013339	2912		5787.241446983069
14014343	2895		5772.167310971767
14015363	2888		5827.030094631016
14016440	2935		5972.655342571437
14017517	2977		5968.910646583885
14018499	2908		5791.992294430733
14019594	2958		5819.8861989453435
14020572	2935		5866.131837207824
14021528	2851		5801.914601881057
14022511	2829		5794.968267284334
14023575	2872		5824.522532414645
14024632	2921		5821.2650753855705
14025691	2966		5896.782662067562
14026745	3000		5869.536234784871
14027736	2983		5871.476028859615
14028832	3044		6002.157206442207
14029862	3053		6161.987377602607
14030888	3069		6200.356537811458
14031881	3039		6172.720121048391
14032824	2972		6128.528075441718
14033820	2964		6086.031734663993
14034887	2979		6154.793121073395
14035947	3011		6083.087623920292
14036995	3036		6106.733060508966
14037980	2988		6023.251639273018
14039069	3054		6059.329269167036
14040121	3056		6055.90013326332
14041217	3138		6144.195360399783
14042243	3120		6112.922236669809
14043228	3101		5981.800073564053
14044228	3094		6093.821774072945
14045298	3139		6182.134398274124
14046343	3163		6283.213152255863
14047371	3158		6323.083723068237
14048372	3153		6352.635899700224
14049434	3172		6370.111376866698
14050545	3240		6333.922726780176
14051495	3140		6241.459311898798
14052549	3152		6269.359562348574
14053550	3114		6392.970200441778
14054544	3092		6309.519857212901
14055548	3077		6269.36741521582
14056587	3096		6138.755267303437
14057619	3114		6076.2540055811405
14058615	3091		6040.787945125252
14059629	3050		6119.328249804676
14060674	3058		6205.183649636805
14061706	3055		6132.965051684529
14062670	3010		6033.414237000048
14063712	3016		6070.749393820763
14064763	3047		6177.6498107761145
14065873	3118		6118.357330206782
14066943	3153		6161.677635602653
14067886	3061		6057.161516930908
14068879	3033		6147.795511454344
14069872	3026		6230.378242541105
14070887	3040		6181.463989857584
14071924	3032		6169.091605715454
14072964	3054		6314.814014416188
14074009	3056		6253.892718654126
14074966	2991		6073.49069821462
14076026	3012		6014.011640768498
14076991	2947		5935.8198421783745
14078042	2965		6107.242111247033
14079045	2939		6012.120119165629
14080045	2934		6064.929740380496
14080998	2862		5923.181107308716
14082073	2894		6021.7087434232235
14083216	3018		5968.056591644883
14084337	3088		5972.580237377435
14085370	3115		5954.786974698305
14086375	3106		6162.476748563349
14087419	3150		6339.345523640513
14088459	3149		6425.553990539163
14089459	3143		6315.339779432863
14090412	3081		6159.647075846791
14091367	3030		6157.466165967286
14092416	3027		6148.663746509701
14093411	2985		6064.2647714316845
14094456	3026		6080.167680736631
14095473	3013		5991.173850312829
14096518	3021		5972.24009315297
14097549	3048		5993.152188245207
14098568	3057		6022.3059207983315
14099555	3036		5992.866757225245
14100526	2970		5987.121046733111
14101523	2962		6011.3706390708685
14102578	2986		6028.003613933921
14103602	3001		6039.389052364975
14104602	2992		6028.908128742129
14105601	2963		5983.41539029032
14106528	2865		5758.573995351791
14107548	2854		5780.906410999596
14108508	2763		5698.994189474732
14109491	2742		5634.204507127404
14110542	2757		5628.253472875804
14111560	2770		5572.089691989124
14112602	2781		5645.2486631684005
14113665	2840		5737.716598872095
14114685	2836		5565.019166268408
14115669	2784		5545.009054008871
14116733	2804		5566.323318045586
14117736	2794		5542.379995256662
14118802	2854		5621.8927465341985
14119804	2853		5684.2976541258395
14120840	2876		5640.541063152254
14121953	2958		5748.28714678064
14122992	2963		5778.480418574065
14124077	3022		5888.716311864555
14125110	3049		5989.3060926273465
14126119	3018		5871.445039205253
14127129	2986		5876.958689965308
14128213	3032		6071.101317759603
14129246	3063		6069.687654789537
14130274	3044		6067.840022295713
14131299	3023		6057.428622234613
14132384	3097		6214.350645437837
14133362	3056		6138.923036944121
14134385	3062		6147.226417567581
14135415	3087		6286.425804648548
14136388	3012		6163.283102098852
14137388	2971		6136.832757789642
14138406	2951		6024.742248252034
14139406	2912		5858.816134046763
14140459	2959		5795.726708207279
14141483	2979		5796.546004407108
14142568	3020		5926.343163188547
14143640	3045		6056.870492678136
14144696	3070		6125.138566035777
14145577	2917		5924.865432322025
14146539	2827		5831.278350394219
14147580	2854		5830.500002410263
14148689	2916		5741.712243549526
14149757	2939		5760.657252892852
14150810	2987		5938.797348540276
14151829	2970		5983.436150189489
14152782	2919		6010.214846339077
14153759	2894		5995.106504648924
14154829	2923		6018.831259328872
14155858	2942		5920.764146573842
14156859	2913		5834.277049817145
14157921	2947		5846.947962608188
14158953	2965		5817.87373964116
14160041	3031		6000.760789711028
14161083	3040		6039.6661359258
14162104	3047		6071.1043582595885
14163096	3032		6026.581992819905
14164073	2988		5996.626477327198
14165086	2968		6056.498113557696
14166097	2942		6109.100913319737
14167134	2959		6075.429359920323
14168170	2958		6031.640180762857
14169198	2965		6003.834321875125
14170230	2968		5924.370114944875
14171279	3005		5899.216996449977
14172383	3071		5856.552616037428
14173372	3051		5918.901377990842
14174417	3037		5872.933142680675
14175461	3030		6009.196828357875
14176439	2996		5960.531828917563
14177434	2991		6021.028292320669
14178418	2943		5964.811656948179
14179407	2915		5894.7548890300095
14180375	2877		5853.165080152452
14181327	2801		5687.696730740368
14182274	2709		5568.333969715983
14183224	2638		5498.922511760145
14184214	2591		5376.2620911970735
14185292	2638		5309.0104718357325
14186328	2664		5301.258906334639
14187337	2663		5411.294665340334
14188395	2714		5485.667457491159
14189497	2806		5388.696853879839
14190534	2799		5382.478320688009
14191511	2764		5430.216054812074
14192434	2677		5469.073419969529
14193448	2691		5481.940220955759
14194538	2760		5458.073144715279
14195569	2781		5432.51072530821
14196607	2818		5456.872162617743
14197738	2912		5666.398663774133
14198750	2906		5708.349485762417
14199809	2930		5761.688087567687
14200795	2908		5735.789687324315
14201792	2867		5639.04422262311
14202882	2947		5743.607440754771
14203883	2928		5772.88490530476
14204906	2919		5739.247908689082
14205949	2919		5796.486461691558
14206918	2871		5669.374015893787
14207911	2839		5615.611085075885
14208921	2846		5521.839930716902
14209962	2853		5620.098202385008
14210941	2807		5765.098091270775
14211951	2787		5811.260039143264
14213021	2810		5724.3404994904995
14213946	2730		5522.492660123855
14215009	2751		5506.437633100897
14216083	2795		5584.086946185678
14217136	2820		5549.3691984042525
14218232	2884		5727.633798852563
14219353	2968		5753.126389488578
14220465	3076		5918.17483619228
14221554	3122		5906.217706974596
14222640	3163		6154.239238578826
14223667	3180		6248.47842554003
14224643	3123		6257.5333884991705
14225695	3166		6230.131494730711
14226677	3132		6329.660365987569
14227742	3159		6312.31225791201
14228721	3118		6363.356944452971
14229683	3061		6217.450950324535
14230657	2984		6142.237619698048
14231728	3052		6219.1405329965055
14232735	3033		6165.28294454515
14233797	3068		6157.839592643082
14234755	3017		6187.133037608117
14235889	3104		6195.168099023402
14236890	3097		6304.242950927466
14237858	3049		6204.790011215955
14238956	3100		6254.765630424023
14239970	3101		6178.263005349785
14241049	3156		6128.78148458153
14242117	3213		6284.234321724623
14243075	3155		6331.22286105901
14244118	3166		6270.331251073629
14245094	3117		6296.144601020962
14246112	3110		6148.672656208277
14247167	3153		6288.341420151293
14248280	3227		6386.88468599692
14249342	3234		6402.327837072313
14250422	3285		6485.105701144785
14251374	3189		6368.560105115175
14252361	3153		6374.008669536561
14253311	3099		6389.4371718503535
14254352	3112		6285.08803242445
14255372	3125		6208.023966372013
14256490	3193		6237.5122397355735
14257558	3225		6340.064670007676
14258649	3295		6441.029527202249
14259683	3297		6480.163522262126
14260717	3326		6496.945353008807
14261772	3320		6606.348184961826
14262816	3328		6623.158008854836
14263805	3302		6705.31774187088
14264818	3255		6611.197987735271
14265874	3273		6633.424419611692
14266865	3235		6450.040372673422
14267925	3259		6467.741266667843
14269032	3356		6586.534009952098
14269986	3290		6420.777696546167
14271090	3357		6580.360375780612
14272085	3348		6674.7702796421945
14273161	3411		6636.8223731815815
14274251	3476		6711.112424135208
14275291	3473		6726.082975141704
14276326	3470		6839.014644984156
14277344	3464		6909.230851415545
14278372	3466		6990.280378904194
14279353	3434		6973.981033373624
14280409	3468		6975.786859668791
14281450	3508		7077.172165509313
14282547	3583		7087.9272859841585
14283505	3513		7064.273259080946
14284520	3491		7000.283136304468
14285560	3518		7102.387890677899
14286584	3536		7016.073888722807
14287611	3518		7034.226820483804
14288592	3470		7007.535585831851
14289574	3440		7022.636155977845
14290557	3416		7187.3153808526695
14291582	3421		6967.52626401186
14292568	3407		6957.008322052658
14293643	3444		6962.404961552471
14294708	3495		6940.657719902694
14295786	3535		6940.867553237826
14296848	3566		6927.533425316215
14297931	3613		7118.559346396476
14299040	3717		7244.293289653957
14300080	3743		7367.698906689882
14301124	3752		7382.020539928228
14302200	3819		7539.850756384432
14303215	3824		7589.150307673961
14304207	3783		7517.879294965416
14305225	3752		7541.885655488819
14306233	3715		7506.105886805803
14307283	3718		7476.387811638415
14308313	3720		7406.028758805245
14309212	3618		7215.825347647071
14310248	3616		7181.619875144213
14311280	3641		7248.8556147255
14312331	3647		7239.680760588497
14313281	3587		7190.5539287664
14314313	3566		7224.199282981455
14315282	3516		7205.948830094188
14316297	3492		7076.403830286115
14317396	3545		7200.413667108864
14318429	3546		7094.877254091203
14319426	3513		7014.772302549332
14320371	3455		7044.67677090317
14321350	3427		7040.637535389513
14322312	3386		6912.717552561313
14323353	3389		6753.59949080646
14324326	3356		6644.475865073502
14325327	3355		6655.847042892128
14326337	3358		6792.482581410557
14327342	3356		6809.372138310224
14328356	3331		6819.013762976974
14329388	3328		6811.129885047674
14330382	3289		6688.36784081161
14331453	3335		6694.233276419342
14332468	3301		6641.272753417492
14333479	3312		6732.491162080318
14334480	3288		6757.526100482792
14335530	3314		6662.978151015937
14336548	3277		6508.961722463369
14337518	3235		6449.318201933056
14338510	3197		6499.45057136938
14339516	3169		6492.38960859552
14340502	3121		6386.29850255698
14341507	3125		6353.8342666476965
14342507	3096		6235.888608861715
14343545	3097		6103.804139666259
14344580	3094		6129.522890228778
14345688	3175		6188.2172770015895
14346728	3176		6281.900111254305
14347777	3200		6298.293590195477
14348767	3190		6438.16514339298
14349714	3125		6367.176835246384
14350746	3109		6393.631154850125
14351801	3162		6373.9786173552275
14352798	3140		6118.020100798458
14353844	3166		6134.937643013895
14354845	3162		6212.6903955079615
14355811	3108		6331.5793546661735
14356820	3113		6292.09277100116
14357803	3072		6235.535198420286
14358785	3042		6031.752193108201
14359885	3112		6198.3257491365075
14360849	3057		6111.171293400228
14361933	3114		6207.6491801813245
14362841	2994		6191.137859731913
14363900	3051		6200.811473578215
14364857	2981		6228.804361969233
14365924	3005		6052.735164672136
14366915	2981		6025.210834294558
14367991	3029		5995.722265161574
14368950	2974		6014.893534887582
14369937	2952		5971.887440122664
14370897	2908		6006.081194397062
14372030	3022		5977.040246725082
14373085	3077		5970.722003370523
14374058	3025		5813.789079658687
14375115	3056		6052.318025935441
14376111	3037		6111.5399499982595
14377118	3043		6061.485939759761
14378167	3049		6090.493566192687
14379145	3010		6054.297613423318
14380133	2991		5954.486472982913
14381095	2915		5869.0747463181615
14382170	2955		5872.0568755455315
14383264	3003		5952.55451413244
14384415	3112		6037.90895961225
14385492	3167		6196.23613942042
14386530	3183		6241.647988334298
14387541	3156		6359.822140544653
14388547	3097		6288.97520025447
14389564	3064		6365.323810361326
14390529	2992		6209.708710160106
14391593	3026		6269.783876620233
14392621	3027		6239.089989706874
14393729	3081		6239.87322723493
14394729	3031		6151.946310095489
14395717	3009		6214.333868712187
14396733	2983		6252.289579056203
14397764	3006		6134.547279015183
14398704	2943		5893.121235728264
14399736	2952		5886.843478966504
14400738	2924		5902.803451679647
14401832	2994		6039.464305173606
14402906	3044		6028.922848962247
14403976	3074		6060.192828826606
14404969	3053		6106.425190385431
14406052	3128		6167.839908823371
14407060	3136		6213.179365023971
14408173	3220		6135.520350817591
14409181	3225		6269.312768276781
14410324	3327		6410.211246855557
14411302	3293		6506.503548532724
14412251	3242		6547.53564774245
14413253	3222		6553.366546198726
14414232	3171		6589.7161922082305
14415280	3175		6477.521188519895
14416298	3172		6549.229756489396
14417291	3159		6420.27344879508
14418222	3047		6295.1752957850695
14419265	3047		6240.474215749651
14420185	2939		6086.57372142747
14421129	2861		5933.3804891482
14422131	2825		5913.399111930281
14423179	2861		5853.940505158156
14424249	2888		5716.209554158151
14425269	2879		5676.315025277436
14426252	2836		5828.423298761249
14427333	2870		5804.664332933724
14428347	2859		5735.7570620290935
14429433	2907		5739.224750664085
14430440	2879		5768.041366331279
14431459	2880		5811.254585970193
14432463	2883		5780.7568404302
14433407	2807		5639.446663700044
14434455	2822		5572.63268513605
14435463	2815		5522.035402093083
14436492	2793		5535.671431351453
14437446	2746		5555.856454432011
14438416	2690		5576.219482302666
14439428	2695		5506.325331144035
14440489	2746		5552.49178224057
14441512	2764		5416.740803096443
14442578	2816		5527.107176411897
14443600	2800		5592.525290034711
14444722	2889		5770.320344109088
14445722	2877		5784.787252642214
14446767	2890		5803.891344424337
14447785	2874		5720.279125332832
14448865	2934		5787.2225191146135
14449947	3009		5730.922730766237
14450969	3024		5797.849327914417
14451970	3022		5888.055478762835
14452990	3014		6048.45774590224
14454078	3056		6192.683606863022
14455093	3057		6175.608251683414
14456116	3070		6059.785089131445
14457144	3094		6148.257224146277
14458102	3011		6004.543941501528
14459054	2943		6009.345101043582
14460220	3093		6026.197731729597
14461286	3107		6040.0904002301395
14462306	3108		5958.382038000971
14463400	3169		6169.336660169065
14464452	3205		6163.401571825147
14465380	3126		6103.329146083444
14466333	3049		6117.162179719657
14467391	3092		6321.732855398208
14468446	3115		6298.134053211659
14469490	3120		6215.428840164095
14470597	3188		6357.111539646983
14471576	3141		6326.339276134968
14472492	3056		6296.84298864007
14473491	3043		6322.323344700038
14474594	3143		6379.916237901896
14475692	3200		6200.563149098307
14476611	3099		6070.370464064181
14477633	3101		6123.4151086471975
14478599	3056		6262.797722171992
14479580	3018		6189.932513985783
14480554	2965		6214.523025289178
14481578	2960		5976.178396463394
14482593	2949		5863.874322745949
14483677	3002		5891.295363236219
14484724	3027		5974.708218481392
14485656	2945		5876.002140522003
14486648	2932		5939.521521110088
14487609	2873		5789.138970717788
14488628	2857		5771.913323584944
14489686	2900		5749.317654747516
14490713	2914		5746.510683916509
14491798	2982		5640.222999878228
14492806	2954		5763.606485024095
14493814	2950		5841.8107989914715
14494914	3011		6098.120209109038
14495910	2972		5935.702077157795
14496915	2936		5870.950459733605
14498034	3029		6001.870937459171
14499017	2973		5948.181163433939
14500088	3044		6046.716559488326
14501213	3135		6192.4070615544915
14502236	3148		6137.785021457821
14503186	3075		6153.53814028576
14504279	3116		6221.461146418005
14505269	3075		6265.098336666822
14506332	3097		6179.9037444628775
14507368	3105		6322.164649795741
14508380	3084		6139.635676212609
14509461	3125		6185.361197490245
14510490	3142		6154.640982281417
14511584	3197		6285.018797840923
14512578	3163		6382.451418943703
14513596	3177		6528.591634564102
14514633	3191		6466.067067552358
14515630	3152		6332.444954365492
14516706	3178		6257.646400030702
14517759	3191		6337.353118374944
14518690	3102		6173.061443373561
14519769	3142		6249.426383737475
14520759	3123		6268.046350382268
14521666	3012		6177.228040453047
14522691	3002		6279.612325899303
14523712	2983		6269.828630037606
14524766	3007		6112.813071377575
14525749	2957		5970.6152187511325
14526731	2909		5899.86392654106
14527708	2842		5804.439071789384
14528776	2900		5816.681989245117
14529807	2902		5749.470574509352
14530809	2870		5636.327617172152
14531848	2865		5727.163158733398
14532879	2876		5780.474194150418
14533928	2910		5816.711926348507
14534962	2936		5756.220060367137
14535960	2914		5639.1088934876025
14537044	2978		5945.139042045921
14537963	2897		5882.6223662011325
14539023	2900		5789.419760271907
14540125	2981		5808.539415139705
14541124	2961		5743.835000488907
14542104	2931		5817.503416296095
14543136	2955		5901.319398619235
14544086	2904		5887.403507843614
14545142	2907		5957.98117357865
14546237	2981		6032.14681359008
14547360	3090		6006.312838934362
14548404	3116		6068.547228246927
14549413	3125		6122.716138642281
14550404	3094		6290.784603681415
14551462	3145		6266.719957783818
14552544	3182		6326.138970248401
14553607	3202		6197.648658264428
14554593	3185		6302.3815758004785
14555615	3185		6417.661887925118
14556651	3214		6472.156525120139
14557718	3243		6460.012845944613
14558708	3207		6388.1200620085
14559639	3129		6289.200877707452
14560690	3157		6296.028314936906
14561628	3095		6148.681163802743
14562695	3131		6048.719494737685
14563676	3091		6142.95125765726
14564716	3080		5990.075057774782
14565772	3087		6113.285217080265
14566806	3104		6148.538378529251
14567807	3099		6206.607089407742
14568905	3188		6303.108021270484
14569916	3196		6315.265911374241
14570989	3213		6267.575725954026
14572009	3199		6371.621826454997
14573011	3199		6416.680595800281
14574060	3221		6478.059087127447
14575136	3250		6447.446729429066
14576151	3243		6363.477044124156
14577192	3235		6398.577559098601
14578133	3176		6368.823565714061
14579211	3225		6420.323540944606
14580288	3249		6515.07180704549
14581367	3316		6603.235923908651
14582438	3335		6620.735046487302
14583477	3344		6525.806338746101
14584443	3294		6580.767520152032
14585518	3368		6639.141928102821
14586525	3374		6671.892246775329
14587576	3393		6690.599427949637
14588710	3496		6793.001578718424
14589696	3453		6757.846285939217
14590814	3536		6938.215946700424
14591858	3541		6923.955643814057
14592851	3526		6939.843456666917
14593803	3457		6838.565492033958
14594847	3458		6902.057772692293
14595846	3448		6890.097550142556
14596806	3388		6668.0881378650665
14597853	3395		6775.924714758992
14598872	3393		6872.3403348475695
14599849	3335		6677.857695013285
14600831	3317		6752.267589900643
14601868	3309		6678.0677135288715
14602947	3357		6658.58911184594
14603969	3343		6486.710359349847
14605099	3437		6648.6496959887445
14606088	3383		6792.109171248972
14607111	3365		6750.506632301956
14608143	3357		6736.436144221574
14609139	3307		6535.587768953294
14610156	3289		6596.735829297453
14611210	3313		6557.164194561541
14612293	3343		6560.898963600397
14613314	3346		6472.048227123916
14614268	3287		6565.910216923803
14615280	3283		6663.212778907269
14616220	3191		6670.491792779416
14617262	3212		6667.237490646541
14618343	3246		6610.132302351296
14619395	3261		6457.8589629121125
14620442	3284		6508.468653969467
14621354	3190		6429.134816378355
14622439	3250		6569.298892211169
14623430	3231		6565.013448145241
14624458	3247		6599.492822371423
14625534	3280		6581.367723241448
14626490	3212		6495.9523336701095
14627545	3227		6534.949852112681
14628552	3209		6530.895438142121
14629638	3267		6429.049481105059
14630665	3275		6480.121440947056
14631656	3249		6388.170884180814
14632637	3214		6420.878236439079
14633626	3186		6462.2063443139195
14634671	3223		6395.0803152397275
14635688	3207		6321.84341622144
14636780	3256		6321.4506978318095
14637747	3213		6368.60095243156
14638746	3191		6356.098612058908
14639801	3240		6538.886700276285
14640831	3238		6495.784468088299
14641839	3236		6477.599990285933
14642875	3221		6517.262014649808
14643899	3237		6432.892070170492
14644900	3207		6471.898467153311
14645997	3271		6458.462804611772
14647018	3279		6501.487874183804
14648075	3287		6456.148885205388
14649071	3261		6432.12780616805
14650125	3293		6570.639221936464
14651152	3279		6609.677603367716
14652197	3317		6549.854923315346
14653212	3312		6655.621492195874
14654214	3286		6549.049379441887
14655224	3274		6700.153129786253
14656220	3247		6580.895632434636
14657213	3238		6502.559295479208
14658235	3229		6554.068204365671
14659197	3167		6488.568606168032
14660237	3157		6493.414554413408
14661246	3122		6434.975715987384
14662268	3112		6390.529570568353
14663216	3028		6296.94075313583
14664232	3001		6218.958498261869
14665188	2920		6100.155672848225
14666250	2946		6012.979400511831
14667340	3009		5955.658012084663
14668292	2940		5901.367242429405
14669296	2886		5798.147155921906
14670305	2894		5880.145201690495
14671339	2875		5779.429144762456
14672338	2850		5700.755951330066
14673462	2934		5859.687401168048
14674512	2933		5849.22913788259
14675533	2919		5847.682326015085
14676562	2925		5837.905768673867
14677556	2882		5852.4011136218905
14678583	2880		5910.949610695243
14679656	2933		5961.03053991124
14680735	2974		5891.885879334062
14681767	2990		5822.874802295119
14682781	2950		5910.09202676639
14683822	2972		5999.425610292703
14684839	2965		5948.476552911103
14685821	2942		5914.67688081786
14686864	2952		5901.827896982431
14687858	2927		5886.279738880694
14688885	2933		5828.11585495621
14689868	2891		5739.428382247686
14690964	2950		5864.915324188769
14691936	2917		5916.548221953213
14692910	2852		5931.006493665278
14693980	2879		5899.259152565151
14694981	2864		5824.928888771683
14696088	2937		5853.010978851467
14697079	2921		5846.8690419867635
14698121	2929		5751.6875886023045
14699114	2902		5736.812223169953
14700156	2896		5769.306371670216
14701173	2869		5781.160205736756
14702218	2860		5711.29285486415
14703301	2901		5717.988924734294
14704362	2904		5731.26936975494
14705319	2831		5721.139399249107
14706361	2828		5760.864001296461
14707343	2775		5765.689895324409
14708383	2767		5743.421718414873
14709425	2784		5762.741403318942
14710385	2737		5564.349021289498
14711427	2736		5591.812514767051
14712482	2748		5560.427552137524
14713444	2685		5389.1768826544285
14714485	2697		5471.5250374116
14715517	2718		5450.613678373396
14716537	2685		5349.1147408001125
14717594	2700		5474.210907217115
14718610	2670		5339.252985075116
14719570	2626		5344.893086481839
14720588	2626		5390.632963262498
14721553	2544		5329.553206849843
14722622	2573		5316.775226142257
14723637	2567		5240.990587890148
14724629	2558		5211.741361349821
14725631	2538		5230.835914399475
14726676	2551		5117.175411269069
14727705	2546		5183.817732676864
14728701	2516		5093.516267128289
14729768	2543		5105.4374638050795
14730741	2516		4944.852028384805
14731807	2578		4986.474763326347
14732870	2633		5202.007806990296
14733969	2719		5431.604553941637
14734983	2682		5230.0735490471125
14736079	2739		5352.124921578914
14737171	2785		5443.795691683888
14738221	2796		5562.42862502858
14739230	2797		5560.986902106553
14740292	2824		5585.1965586952865
14741392	2892		5667.923948455602
14742437	2917		5797.357655346394
14743449	2892		5888.946596495807
14744562	2971		5909.005214825273
14745623	2997		5905.286998540163
14746601	2973		5843.863758571446
14747627	2950		5865.769944280386
14748690	3007		6005.282392561436
14749676	2950		5828.743949580938
14750736	2980		5940.5785521790385
14751693	2918		5830.614475235343
14752691	2909		5785.310573074967
14753789	2955		5810.244506947696
14754705	2853		5637.757716741413
14755677	2792		5618.80522698909
14756687	2799		5686.922436971217
14757644	2732		5584.082694824785
14758680	2744		5518.033169180155
14759619	2674		5334.401976905763
14760724	2754		5346.678622949868
14761708	2714		5358.058500345796
14762794	2760		5419.391977474093
14763852	2778		5432.201132815331
14764895	2814		5597.429560087621
14765877	2770		5580.627702724189
14766904	2773		5655.568319614977
14767940	2757		5527.290952168405
14768978	2790		5466.536296240985
14769974	2771		5407.820697590709
14770954	2726		5528.800584405661
14771991	2729		5520.932644762099
14773066	2761		5478.612374283373
14774136	2787		5440.672227118164
14775210	2840		5589.94698761031
14776211	2840		5586.945846218616
14777193	2783		5574.334626823664
14778294	2846		5583.068482540548
14779401	2927		5584.974050920457
14780525	3017		5727.1739692129195
14781510	2955		5703.996417876333
14782534	2951		5867.131801176816
14783595	2988		5905.885383963585
14784565	2929		5848.7232712730765
14785632	2990		5962.047266565263
14786676	3018		6080.273676715791
14787849	3162		6163.5254112146795
14788830	3122		6179.082463614643
14789861	3103		6159.048167198896
14790877	3094		6237.063205137849
14791832	3048		6112.143204357475
14792765	2938		5958.928925763816
14793819	2991		5985.964255690575
14794838	2976		5959.1844319067895
14795792	2910		5669.68398693949
14796842	2919		5790.6963806040585
14797923	2963		5873.651919867843
14798943	2929		5857.924645546824
14800047	3000		5910.150885671377
14801109	3024		5955.782121855766
14802122	3025		5892.862244330347
14803132	2994		5897.964156311005
14804124	2960		5883.261699810624
14805053	2843		5823.651331402361
14806018	2796		5830.447002530098
14806982	2757		5804.61271225661
14807952	2723		5608.054019659758
14808976	2709		5574.450354594737
14809995	2705		5419.841492455453
14810971	2643		5227.195631761104
14811928	2570		5113.306706551462
14812825	2437		5145.493706870824
14813852	2409		4965.524792954326
14814919	2462		4884.058441966772
14815961	2498		4853.257349420339
14816984	2490		4795.739072911441
14817992	2467		4962.678023036569
14819015	2486		4958.127211980522
14820105	2545		5010.217311613262
14821185	2610		4958.4815914183855
14822245	2643		5053.5451188609
14823245	2640		5160.540115624666
14824190	2561		5232.50354553014
14825217	2584		5134.538950636983
14826183	2499		5016.301602907479
14827256	2560		5138.60285127908
14828241	2506		5025.497439749539
14829337	2593		4984.896943386644
14830389	2606		4999.393164779991
14831346	2525		5045.168775152415
14832361	2500		5061.027501657605
14833396	2534		5146.714572228491
14834426	2564		5143.965406313539
14835390	2493		5122.976167984307
14836401	2498		5008.153891712427
14837463	2509		4973.068667434156
14838441	2460		4856.946153156459
14839524	2504		4895.882472351193
14840515	2493		4909.013541076332
14841499	2448		4907.482638839632
14842577	2523		5037.6586924903095
14843583	2493		4970.461125086993
14844703	2562		4940.713724654168
14845739	2561		4904.536053668708
14846696	2511		4812.987262330949
14847733	2503		4938.137892421335
14848783	2535		5061.543954223394
14849837	2542		5128.031980715692
14850827	2529		5086.959088392556
14851825	2498		5003.672847226262
14852810	2442		4879.235675662756
14853786	2408		4883.426313269883
14854790	2389		4854.702055700123
14855842	2428		4757.19640923664
14856866	2405		4693.4454710148275
14857908	2411		4790.755677577108
14859009	2476		4965.4417444467545
14860086	2545		4978.430099431425
14861149	2557		5115.858924046159
14862218	2582		5185.140287261456
14863213	2565		5169.686444737017
14864196	2520		5179.091189056635
14865141	2427		5074.304497823119
14866210	2447		5090.098461523652
14867252	2462		5021.73775723204
14868196	2384		4897.52322236076
14869233	2392		4925.418611377478
14870284	2419		4863.651167728007
14871328	2414		4780.080908231437
14872345	2400		4801.161647237837
14873381	2404		4910.56708234176
14874426	2425		4861.012203551829
14875442	2428		4982.198372583836
14876536	2479		4950.971174430102
14877623	2537		5074.888231422752
14878712	2604		5152.255920719355
14879662	2508		5053.46811138466
14880744	2573		5227.7237250469625
14881722	2523		5073.987807191908
14882720	2493		5045.118604592979
14883731	2486		4904.914052993059
14884728	2471		4832.8365708477795
14885846	2549		5035.00337921083
14886938	2602		5125.691621314734
14887966	2598		5155.122488569468
14888962	2590		5212.563487697393
14889878	2496		5072.502392709255
14890958	2531		5066.525027308613
14892019	2581		5169.0982278212905
14893140	2691		5150.405572693795
14894233	2745		5207.515058450401
14895336	2815		5497.863647349179
14896418	2856		5610.940764263272
14897400	2814		5560.156785689294
14898380	2783		5611.803912039846
14899434	2822		5743.290899116546
14900505	2856		5717.665267005563
14901496	2813		5662.303667828441
14902565	2836		5712.159744694829
14903629	2857		5759.481220018119
14904544	2757		5518.855577547103
14905586	2756		5597.3010800257325
14906518	2684		5490.040631107986
14907504	2619		5269.107243586332
14908600	2684		5345.045327458531
14909716	2748		5425.8867197074
14910752	2738		5404.01021245867
14911793	2751		5461.297128885984
14912901	2813		5441.79910299927
14913953	2830		5456.222254324704
14914981	2852		5712.167133972049
14916019	2831		5643.627041917294
14917079	2890		5732.310153517872
14918077	2839		5622.682240739465
14919133	2878		5740.170295722783
14920075	2795		5598.011538699269
14921130	2829		5617.629395663738
14922168	2839		5683.502051156014
14923224	2861		5593.878587026149
14924263	2892		5628.968330923468
14925262	2846		5555.081618543714
14926326	2862		5654.9523172825575
14927348	2852		5711.179792609066
14928339	2803		5663.714413069189
14929363	2799		5584.056700959802
14930416	2839		5548.449124246836
14931416	2791		5420.492644615471
14932466	2810		5542.961709756404
14933437	2781		5639.496596273035
14934454	2775		5656.968171902001
14935497	2780		5695.813821252435
14936495	2726		5612.437401175499
14937474	2690		5397.142885003239
14938551	2744		5470.575582951307
14939503	2682		5259.001692056656
14940540	2700		5316.75906586647
14941513	2667		5444.544795006514
14942504	2652		5395.177577495575
14943586	2684		5417.942894618958
14944521	2604		5239.545838769525
14945513	2586		5241.262168414891
14946528	2591		5332.339306697249
14947548	2568		5255.211328625679
14948625	2642		5339.111355617642
14949636	2632		5296.6979564242065
14950628	2608		5226.549416299909
14951685	2652		5358.0380282737315
14952698	2645		5323.4811422899365
14953715	2651		5411.980010498315
14954702	2633		5393.029434900731
14955732	2627		5300.1505714170635
14956741	2593		5104.7098341062665
14957783	2598		5202.018010694534
14958827	2630		5265.80529788509
14959830	2618		5268.011530343443
14960859	2637		5221.156133674085
14961849	2581		5127.601112090051
14962857	2585		5133.111178908497
14963881	2579		5098.718656886369
14964904	2564		5001.712043225765
14965853	2480		4887.797131866217
14966787	2407		4823.363780014217
14967855	2458		4822.516103550792
14968851	2447		4758.134957246482
14969993	2572		5051.807982556522
14970961	2524		5051.657844286412
14971981	2542		5032.576401274651
14972993	2520		5165.159713935107
14974081	2573		5076.658233691007
14975045	2524		5135.5245584100485
14976031	2500		4937.433754678816
14977052	2518		4990.965363226831
14978068	2512		5115.416603885591
14979122	2543		5171.426398418844
14980199	2617		5204.260433044285
14981197	2614		5179.75453562662
14982206	2584		5210.471988383681
14983188	2532		5175.5208098217845
14984205	2529		5148.883583460003
14985229	2519		5064.352354943752
14986183	2470		5117.376067362726
14987156	2406		4979.883127346635
14988104	2349		4754.701360657811
14989145	2343		4745.590988185257
14990220	2405		4755.577126339078
14991189	2371		4773.997225277126
14992191	2334		4690.0333625897765
14993211	2331		4727.082853980362
14994229	2311		4629.3490107655525
14995220	2274		4551.750938680023
14996303	2325		4579.387332729995
14997355	2330		4555.512351740152
14998325	2298		4599.290977012366
14999372	2341		4720.139149487019
15000446	2398		4763.173718571663
15001449	2374		4720.5613727755845
15002479	2347		4696.924526430666
15003489	2346		4836.154211729765
15004512	2367		4918.648518927395
15005493	2336		4754.41272130236
15006595	2428		4890.119207572192
15007627	2452		4942.113080020994
15008603	2399		4961.424063570797
15009616	2384		4902.707386389375
15010707	2436		4912.443353611976
15011727	2439		4745.45349502936
15012756	2427		4886.153569221497
15013818	2446		4905.972832717001
15014850	2473		4938.51642280817
15015827	2440		4861.472993399948
15016808	2401		4915.446015771478
15017864	2425		4904.585483457893
15018870	2429		4895.8115980140865
15019835	2366		4827.10685499385
15020960	2462		4857.111743759364
15021984	2453		4804.500938344747
15023028	2487		5083.25414057076
15024038	2493		5098.604835823178
15025108	2547		5166.121141903102
15026121	2554		5168.2163343168795
15027129	2562		5130.525462120771
15028258	2639		5240.0868509449065
15029328	2706		5308.709872107953
15030317	2677		5291.176464036107
15031289	2632		5307.614276703447
15032269	2606		5326.045152772218
15033353	2623		5309.233260586858
15034422	2665		5277.573075458407
15035471	2685		5369.589978985488
15036501	2678		5356.861825939268
15037594	2768		5445.647251497954
15038596	2733		5544.471946630627
15039657	2772		5581.485600031912
15040603	2705		5616.461491841823
15041641	2720		5554.999829847366
15042673	2738		5513.659106563777
15043715	2772		5523.970370229334
15044736	2785		5608.795797955245
15045862	2899		5767.067692551762
15046877	2862		5652.888209819794
15047965	2905		5653.226560540497
15048946	2848		5585.622241038829
15049931	2818		5642.16713469848
15050974	2803		5584.336357530206
15051945	2761		5402.745060533285
15052918	2708		5350.913818065077
15053898	2686		5451.237115517259
15055038	2804		5626.545218884945
15056069	2812		5619.306743923575
15057130	2848		5540.2408993169665
15058160	2823		5547.91367656365
15059185	2840		5670.978196062148
15060188	2835		5774.067692410201
15061244	2865		5723.919257987291
15062224	2824		5684.0076407678425
15063210	2808		5665.914355155081
15064169	2757		5692.892792515457
15065225	2791		5629.834866221994
15066260	2807		5695.089384026825
15067288	2779		5594.809094581753
15068297	2768		5615.102161433548
15069287	2754		5548.848334677517
15070250	2712		5511.846218723804
15071276	2732		5464.869589649141
15072248	2696		5315.006566815078
15073292	2698		5300.383880235255
15074336	2694		5269.943955410272
15075382	2716		5344.964711148292
15076335	2667		5248.608967777342
15077368	2694		5319.584395907819
15078461	2744		5453.168413121253
15079441	2719		5420.1102781407535
15080555	2803		5638.082508467138
15081509	2705		5472.990703497082
15082565	2743		5538.695521354675
15083513	2659		5519.16967632249
15084501	2601		5400.89847458899
15085574	2620		5349.9376918673515
15086605	2609		5174.254900582135
15087634	2625		5077.659301504493
15088675	2651		5244.154529608786
15089628	2567		5221.310964800417
15090652	2568		5301.812481548637
15091676	2589		5228.474427647889
15092669	2557		5221.95878591761
15093722	2605		5201.392174527049
15094742	2608		5129.326418012381
15095848	2682		5149.691362544894
15096948	2769		5303.837148874998
15097993	2799		5452.489708527923
15098964	2766		5490.590618520975
15100067	2832		5737.409182567149
15100983	2734		5588.396579120308
15102071	2785		5527.925059873611
15103145	2848		5643.23219672963
15104139	2791		5512.357751309872
15105184	2810		5627.894860565662
15106148	2734		5667.606047406793
15107187	2740		5643.510226473212
15108129	2661		5596.581302814186
15109164	2659		5412.461247086525
15110233	2702		5381.80048654601
15111298	2721		5339.467768859118
15112346	2765		5395.408426377922
15113336	2732		5350.566101491451
15114307	2688		5394.66834013164
15115362	2732		5439.594940897077
15116364	2709		5414.167156681418
15117393	2701		5465.195849183947
15118475	2751		5509.209889378399
15119476	2737		5442.690356224775
15120432	2693		5473.227044437081
15121412	2637		5359.090771440417
15122483	2660		5390.107358209789
15123538	2698		5384.215772941709
15124635	2784		5533.536605570465
15125729	2867		5609.686321333051
15126753	2851		5615.446017540991
15127797	2851		5592.378915142268
15128868	2893		5693.2005771659315
15129895	2892		5643.581857576966
15130967	2949		5793.084519971162
15131943	2918		5698.93071796
15132978	2924		5794.5694494098425
15134001	2923		5761.338334925473
15135057	2935		5873.414973620325
15136153	2995		5847.992160320282
15137084	2905		5851.984354089946
15138170	2960		5893.461163368076
15139114	2904		5856.728262551129
15140221	2979		5792.747445613146
15141231	2983		5833.99770225957
15142200	2933		5777.481429029256
15143327	3057		5995.966334361583
15144276	3006		5926.35903397575
15145253	2923		5745.9992264173925
15146344	2981		5932.651994038373
15147440	3028		5998.897159807384
15148475	3025		5937.088769908994
15149476	2982		5910.434912320226
15150538	3039		5956.936741933227
15151602	3077		6102.5772626288235
15152657	3078		6121.124585364014
15153663	3040		6008.2610069699585
15154607	2959		5880.960295930505
15155716	3024		6023.35772452876
15156806	3094		6094.465810704976
15157883	3152		6146.712451770902
15158965	3212		6142.30486902222
15160030	3228		6202.864739075303
15161102	3281		6312.809939201921
15162176	3306		6467.089707829058
15163254	3326		6521.526252891868
15164266	3312		6531.698727756739
15165290	3331		6611.007756978273
15166243	3275		6655.988437470049
15167258	3267		6700.3469822146
15168321	3293		6606.743598900735
15169282	3247		6524.288226071745
15170358	3322		6617.696515452117
15171399	3324		6649.200024530292
15172502	3384		6740.61524130404
15173573	3425		6821.192030433565
15174632	3447		6808.253569796681
15175634	3418		6736.526829220355
15176637	3382		6799.596075285226
15177723	3451		6845.615554250777
15178660	3373		6893.917091488838
15179765	3435		6804.767180539668
15180836	3483		6932.010486412793
15181915	3561		6910.638007797301
15183004	3598		6924.467764291912
15184027	3592		6970.18809761107
15185043	3595		6986.540808208287
15186062	3579		7061.281952597201
15187134	3602		7158.489166487008
15188089	3556		7193.21683325246
15189115	3552		7167.253344170749
15190082	3513		7214.082988191396
15191154	3533		7128.955494560301
15192110	3467		7076.3715789318085
15193099	3422		6940.91424292326
15194104	3409		6919.799509897828
15195152	3437		6854.697279613465
15196160	3413		6831.881147067994
15197292	3507		6896.664421472698
15198298	3512		6985.975600894541
15199388	3546		7079.200850192457
15200427	3557		7122.254067137837
15201408	3502		7082.1492202579975
15202428	3473		7078.681955501437
15203509	3522		7239.18008652702
15204643	3612		7191.7055649757385
15205623	3569		7101.037901703268
15206716	3613		7036.457594789565
15207776	3634		7225.37405763194
15208759	3580		7293.871227391064
15209672	3490		7183.942615807056
15210687	3490		7176.84717527777
15211727	3503		7031.078029386699
15212762	3514		6987.672863718122
15213729	3449		6849.68275058642
15214729	3409		6896.832796577364
15215781	3427		6985.027831479907
15216770	3409		6851.695847585797
15217798	3411		6943.995727650821
15218858	3449		6928.826198972762
15219776	3365		6802.663920871913
15220803	3390		6759.752294082195
15221769	3302		6699.190514609218
15222783	3306		6621.756131958216
15223843	3340		6702.108791891485
15224868	3351		6616.714369844645
15225937	3406		6709.901032343507
15226954	3396		6659.514962524176
15228063	3488		6794.915744245052
15229128	3512		6819.685208380222
15230154	3502		6877.614993531257
15231244	3546		6962.962644163519
15232287	3572		7079.465605143458
15233286	3552		7053.334280218929
15234332	3578		7114.65750118345
15235320	3543		7141.939128614962
15236338	3551		7088.333398010582
15237455	3619		7169.706669487059
15238499	3646		7271.340098593384
15239526	3634		7250.592459347099
15240637	3699		7363.921379674226
15241651	3660		7404.68401748687
15242745	3748		7543.768333163112
15243692	3667		7291.606568776071
15244734	3668		7329.406120043248
15245760	3656		7258.301515929401
15246896	3748		7408.133204054087
15247905	3743		7367.29003912583
15248938	3755		7331.556706573814
15249968	3761		7373.307613607496
15251049	3817		7595.750462792814
15252049	3796		7553.836902629584
15253086	3829		7520.289785280824
15254047	3777		7497.1286765523255
15255002	3696		7470.7163648456335
15256024	3666		7357.753094993532
15256993	3617		7251.2980089485645
15258025	3648		7273.317579418421
15258973	3567		7152.198511879891
15260060	3634		7237.129420034587
15261060	3619		7382.018858246505
15262138	3679		7378.9018253572285
15263177	3697		7336.378089185804
15264165	3664		7268.8780121430755
15265120	3616		7166.765663232654
15266118	3563		7077.508669320494
15267202	3631		7193.316263467073
15268227	3634		7080.902927353978
15269184	3567		6974.719033844769
15270169	3541		7038.073003657162
15271236	3593		7185.429113198072
15272149	3489		7057.6429811269045
15273155	3469		6949.35730868578
15274270	3571		7072.883382245898
15275305	3563		7057.05502429232
15276304	3523		6965.190765757114
15277400	3581		7169.279975716025
15278414	3589		7191.377534139901
15279447	3599		7250.188625793904
15280421	3567		7194.736137852073
15281479	3616		7312.747665006667
15282460	3589		7313.736505635083
15283498	3594		7280.146312635392
15284503	3580		7197.851882606745
15285557	3589		7249.328195482492
15286635	3631		7184.752110738307
15287658	3640		7159.83750494197
15288648	3585		7079.020395066589
15289704	3626		7151.261455710977
15290721	3614		7220.644171606749
15291653	3542		7338.952392857522
15292616	3459		7300.2917933650315
15293563	3388		7203.129960544407
15294611	3422		7103.657252445817
15295673	3462		6972.316537890583
15296737	3481		6792.963353954256
15297717	3455		6900.727766823024
15298644	3379		6917.516976449639
15299679	3403		6981.1614069752395
15300696	3407		6948.537465583533
15301708	3394		6737.88193012774
15302763	3412		6766.833589337766
15303766	3367		6669.649439629167
15304783	3366		6713.1739243716
15305838	3394		6744.163920458406
15306833	3349		6656.325225457549
15307898	3368		6702.784599956125
15308839	3287		6658.912632860243
15309839	3278		6625.230419043452
15310898	3290		6515.583804510534
15311984	3365		6583.889340292662
15312993	3354		6525.380395639688
15314037	3385		6545.425676908344
15315136	3447		6717.805264364928
15316113	3421		6703.397697184235
15317121	3423		6760.364312827587
15318228	3513		6911.09889542684
15319326	3595		7052.473680946976
15320349	3616		7119.092754449695
15321376	3642		7150.523501448333
15322500	3725		7249.95245968923
15323450	3674		7132.784234058112
15324472	3676		7278.951705209911
15325470	3651		7272.389590494335
15326567	3726		7404.546150870621
15327585	3738		7318.443731531501
15328659	3777		7373.571704272181
15329690	3784		7355.035904124379
15330658	3705		7350.58194957301
15331638	3643		7412.279090046883
15332583	3545		7340.520437173545
15333643	3598		7425.079183135182
15334633	3555		7352.148097869009
15335709	3602		7280.498346410692
15336676	3566		7265.286076776683
15337658	3537		7199.670944485813
15338720	3558		7165.187536522746
15339791	3616		7276.858360487968
15340819	3595		7143.886642538011
15341887	3645		7241.010557141155
15342865	3589		7209.031355075538
15343848	3549		7192.443126436323
15344892	3561		7138.18137941137
15345887	3554		7128.1542641706765
15346869	3524		7002.906352907419
15347888	3513		6949.164926681668
15348896	3509		6992.800887968391
15349861	3422		6880.042344503105
15350866	3399		6849.1428808271885
15351858	3385		6723.309559378773
15352786	3302		6625.625593170524
15353856	3339		6547.219666525722
15354816	3282		6643.900161359459
15355864	3278		6479.717124525458
15356959	3331		6571.800233062357
15357927	3276		6466.665593888611
15358857	3203		6401.660403594375
15359921	3252		6467.939043093473
15361031	3331		6572.086442563683
15362039	3326		6496.35875543952
15363085	3368		6572.93665708974
15364193	3445		6665.567904803902
15365305	3523		6734.228520553559
15366331	3537		6759.630346890539
15367372	3558		6901.07023460418
15368345	3518		7025.9496219828725
15369441	3573		7212.067012686282
15370509	3598		7224.239683497697
15371458	3516		7041.191737663001
15372516	3567		7064.432925224304
15373555	3577		7169.904264044017
15374618	3580		7147.070889864117
15375657	3589		7163.777311172336
15376653	3551		6984.321491964161
15377730	3602		7175.960063364357
15378746	3603		7144.352205526084
15379788	3620		7177.837131585926
15380825	3643		7133.278076931834
15381855	3661		7205.455980800092
15382924	3726		7370.673632405698
15383960	3760		7439.684644855559
15385030	3793		7482.255946304649
15386032	3776		7454.770798448473
15387063	3792		7428.559360824525
15388066	3779		7459.598858851939
15389106	3789		7453.222947087139
15390171	3851		7516.997254926711
15391192	3847		7603.21287105605
15392145	3781		7528.214827377349
15393139	3746		7575.389558948576
15394200	3783		7624.722093075514
15395108	3680		7542.533478792757
15396146	3692		7504.683241419494
15397088	3630		7373.346093755215
15398061	3571		7167.202127646655
15399140	3612		7107.695881560445
15400116	3572		7102.961774513125
15401161	3576		6994.240332908928
15402220	3614		7114.985127657652
15403279	3641		7163.502754256129
15404306	3630		7198.9182087779045
15405333	3612		7324.244980651885
15406308	3542		7278.881737008691
15407314	3525		7211.983773659915
15408340	3530		7300.197545226663
15409317	3502		7208.559625308961
15410329	3457		7062.751142352819
15411411	3520		7040.855176411569
15412441	3531		7046.734912391752
15413398	3469		6956.340262699872
15414414	3469		7049.605581749231
15415419	3444		6940.950053244829
15416392	3394		6822.79322598502
15417447	3428		6912.827450338751
15418448	3400		6856.255284208804
15419450	3365		6774.698984812945
15420460	3336		6724.092404898256
15421432	3308		6727.302815955132
15422556	3391		6776.810790825635
15423519	3336		6630.471135955304
15424555	3349		6680.672374565154
15425571	3319		6794.745566982776
15426649	3396		6910.532460816205
15427602	3326		6636.563698589802
15428629	3312		6537.217660333961
15429594	3253		6560.616342395544
15430614	3261		6544.2691454179585
15431661	3282		6623.120926339179
15432702	3305		6535.669999778271
15433774	3328		6503.184114027768
15434817	3331		6556.953907091171
15435810	3293		6564.956981629133
15436760	3227		6604.112668387592
15437743	3168		6510.605020880699
15438787	3202		6552.640573803335
15439750	3126		6383.255386199802
15440755	3123		6339.013762842864
15441815	3149		6355.656123910099
15442805	3119		6240.267615988851
15443959	3234		6464.408414658159
15444901	3153		6340.878300324082
15445948	3172		6256.48335884884
15446913	3135		6252.171338494867
15447863	3080		6116.590400055051
15448834	3033		6189.858348507434
15449898	3043		6132.47202244401
15450927	3030		6025.495785888284
15451919	3003		5857.966565143317
15452888	2926		5762.739159535617
15453949	2965		5892.630018081516
15454955	2939		5914.875538218766
15456008	2976		5918.423183787614
15457090	3029		5990.3974395394325
15458120	3028		6045.527831543237
15459113	3004		5999.14948579669
15460193	3049		6078.764278575778
15461247	3085		6020.355110753328
15462225	3030		5956.893779661506
15463219	3019		5984.644199207425
15464185	2975		6055.147206097841
15465247	3037		6138.04142395407
15466289	3037		6125.417129948735
15467311	3038		6107.885441925377
15468372	3049		6180.022307123989
15469435	3097		6185.411348428577
15470458	3074		6126.5862879008055
15471512	3111		6244.1197345256805
15472524	3119		6276.592862665653
15473550	3116		6149.907495692372
15474537	3102		6158.99180854857
15475612	3139		6208.023840807378
15476654	3163		6207.285539358854
15477714	3217		6191.301894195378
15478806	3277		6278.2939786762
15479827	3283		6300.915868293494
15480796	3242		6458.460872571915
15481809	3233		6460.782967176288
15482930	3324		6666.977488558739
15483910	3265		6527.319852810353
15484907	3249		6615.990612126887
15485864	3206		6658.19795467332
15486988	3301		6722.469433549792
15488037	3320		6629.319575380534
15489070	3307		6526.144107148051
15490062	3274		6525.5944219864905
15491100	3289		6637.065748758614
15492028	3213		6608.053955085576
15493096	3236		6603.345968753099
15494075	3205		6474.340569898486
15495058	3137		6223.478179592639
15496086	3148		6163.908187948167
15497112	3158		6248.798166707158
15498140	3158		6268.613837812096
15499117	3124		6286.575365129858
15500078	3048		6258.610100608319
15501101	3051		6185.386189144105
15502102	3013		6166.385898705572
15503184	3068		6119.761617936194
15504199	3056		6219.718721907586
15505240	3071		6080.760102238506
15506246	3071		6122.140406779945
15507337	3123		6058.0048138946295
15508383	3134		6189.626778636128
15509438	3181		6260.226310681552
15510507	3204		6475.123106885701
15511501	3180		6540.374879930168
15512515	3149		6550.602357644588
15513514	3132		6511.799600236118
15514502	3114		6472.814573582262
15515539	3131		6429.585307896137
15516537	3101		6269.685465604067
15517514	3078		6210.962123811245
15518524	3053		6221.156790677458
15519588	3068		6234.300870016217
15520615	3062		6233.700164034963
15521642	3048		6161.306666824967
15522697	3078		6248.170213319361
15523754	3131		6172.347187530249
15524821	3190		6213.438199091703
15525911	3260		6281.001429941505
15526887	3226		6376.047329857945
15527855	3169		6361.570875305682
15528783	3078		6361.765899438411
15529799	3088		6492.482662025839
15530858	3114		6414.838760647923
15531881	3104		6219.199845589697
15532915	3138		6131.8849388584495
15533850	3047		5996.805756513029
15534783	2967		5904.676038280129
15535783	2961		5986.967235606164
15536787	2951		5920.348817039281
15537892	3006		5889.2679025791585
15538958	3036		5901.397199861705
15540014	3087		5891.714284829795
15541008	3072		6009.8253927491605
15542118	3149		6085.178152538836
15543083	3106		6084.001204390079
15544078	3065		5992.387353435159
15545077	3060		6067.103709600866
15546055	3038		6118.557972531766
15547099	3060		6096.37067534402
15548139	3064		6106.928986404091
15549156	3025		6168.435201968998
15550209	3052		6283.82908635959
15551181	2986		6184.600119061768
15552161	2954		5995.665992792696
15553099	2879		5876.137515820563
15554206	2973		5897.958048403263
15555248	2971		5976.446250677109
15556311	3000		5982.361044507474
15557368	3048		6150.544374305755
15558351	3022		6065.8183541074395
15559391	3040		6002.616365723312
15560410	3010		6040.094887837768
15561466	3064		5998.257741577923
15562443	3017		6022.405629057437
15563502	3024		5998.000201560557
15564552	3029		6058.447563439608
15565568	3022		5986.270049072802
15566596	3041		5983.55618127808
15567697	3132		6041.8153858967125
15568790	3201		6147.711216755211
15569887	3258		6339.211455564946
15570924	3254		6454.468782547861
15571879	3196		6493.058098874986
15572868	3152		6419.284851752222
15573934	3189		6417.882303994149
15574979	3231		6451.243777707219
15575963	3190		6377.707431785762
15576985	3168		6453.232849288732
15577936	3078		6334.850025236607
15578961	3071		6351.068584661931
15579994	3084		6374.970822375268
15581005	3045		6141.329994209111
15582004	3016		6025.547970309854
15583014	2988		5920.994777146727
15583960	2931		5828.246837053448
15585014	2951		5878.129540186375
15586027	2956		6003.477855917066
15587079	3003		6036.214985027909
15588106	3030		6052.441276606172
15589123	3001		6020.226924419403
15590171	3004		6012.878008320928
15591215	3047		6191.626799162477
15592280	3095		6073.572387903929
15593316	3097		6007.737389460206
15594340	3074		5999.233657486737
15595424	3132		6163.639144137502
15596432	3109		6189.069822523743
15597434	3099		6115.465669684112
15598458	3090		6198.233187958598
15599484	3068		6227.811089120805
15600580	3153		6310.488053213805
15601628	3177		6308.454467277974
15602669	3216		6254.860923990607
15603658	3185		6339.6747477687895
15604744	3252		6357.417884949595
15605791	3294		6504.610356014222
15606863	3326		6552.205214228481
15607907	3334		6555.915631338954
15608848	3252		6437.542140685022
15609913	3275		6520.746274340898
15610833	3184		6516.890071038157
15611837	3184		6425.799006398767
15612924	3244		6460.843688797206
15614002	3316		6451.094241894782
15614963	3270		6460.516070369631
15616014	3299		6560.411852806807
15616985	3247		6567.631674777716
15618012	3272		6537.1072457022965
15618995	3232		6517.767864979804
15620009	3212		6468.44388853386
15621013	3203		6496.966806996614
15621990	3147		6284.726876057684
15622982	3135		6198.289503403008
15624031	3177		6310.39166803658
15625185	3298		6355.0884713977575
15626184	3265		6300.211732752621
15627170	3213		6336.466394197196
15628166	3149		6407.157989002764
15629170	3110		6392.884493034333
15630233	3149		6393.540299341083
15631234	3147		6369.837342333049
15632288	3149		6153.43585986644
15633284	3136		6168.277330178767
15634293	3133		6238.089916624129
15635315	3112		6332.690153528005
15636210	3002		6290.1942595764995
15637276	3044		6238.200287684798
15638278	3046		6169.3233222179115
15639346	3098		6119.78795203194
15640389	3109		6182.672855183482
15641440	3105		6192.590547624975
15642443	3096		6198.503597080708
15643462	3090		6140.383576393127
15644428	3036		6110.626625522971
15645490	3072		6149.80686866492
15646489	3030		6215.559952273965
15647491	3005		6177.112207446247
15648489	2974		6163.288748066872
15649452	2912		6001.2068618275225
15650458	2878		5918.3084389306605
15651522	2905		5995.2962316945195
15652502	2873		5915.620021793991
15653521	2864		5837.8457808196545
15654505	2841		5682.487236984074
15655570	2860		5690.878754336387
15656567	2854		5753.634824987501
15657582	2857		5692.504557464272
15658640	2906		5755.0358283780515
15659606	2871		5803.741812918335
15660621	2869		5859.658689644188
15661668	2865		5866.796293869615
15662770	2921		5771.5874769464135
15663766	2882		5838.081144690514
15664834	2927		5916.5270002782345
15665918	2997		6163.379339791834
15666982	3046		6176.825128581375
15667923	2943		6019.719567641616
15668925	2944		5976.471190862358
15669972	2987		6094.178706031293
15671011	2969		5853.982603482902
15672026	2958		5792.193188097328
15673025	2932		5777.262535080314
15674011	2916		5820.902950376272
15675022	2904		5867.4425178691745
15676115	2957		5814.88133251667
15677133	2934		5826.897184476256
15678262	3022		5959.522888597101
15679289	3022		5990.563531696796
15680284	3012		5986.109613195062
15681291	3008		6055.070336963981
15682364	3066		6173.00507478416
15683357	3052		6158.979187432677
15684412	3050		6071.527257297188
15685426	3035		6047.693175565451
15686428	3003		6034.1452536433935
15687536	3060		6081.307428635657
15688591	3100		6046.2784476317465
15689689	3187		6157.277438443154
15690751	3231		6333.428176179528
15691791	3231		6354.804555155337
15692719	3144		6233.334909874946
15693715	3119		6273.490583773702
15694646	3040		6335.079579409212
15695670	3042		6286.5498293451965
15696596	2955		6046.972181525081
15697550	2903		5898.486084807664
15698491	2836		5825.052355699241
15699467	2792		5708.153244011104
15700452	2745		5588.300181038678
15701457	2717		5491.134860347956
15702506	2740		5556.027385879308
15703561	2748		5488.236870221794
15704519	2705		5462.622351877391
15705500	2685		5479.452460099012
15706604	2756		5530.654438756406
15707632	2762		5361.688455283642
15708658	2766		5414.164310555905
15709677	2780		5528.544026792049
15710741	2793		5467.755870752037
15711704	2723		5328.567416444421
15712841	2813		5514.155343513936
15713833	2786		5574.078067481518
15714874	2811		5476.346587732434
15715861	2780		5466.396811269224
15716948	2824		5555.316463470459
15718001	2877		5569.586159210652
15718997	2843		5621.713516481221
15720028	2847		5640.282100640237
15721039	2854		5677.440884664655
15722087	2891		5610.364241614938
15723094	2885		5625.466616332531
15724067	2848		5682.260019276291
15725106	2887		5758.617416944355
15726161	2939		5818.336177028716
15727163	2917		5764.644937977195
15728135	2883		5830.848761096597
15729120	2858		5913.692649144679
15730106	2807		5919.053072333336
15731092	2787		5782.054392348975
15732176	2843		5745.928036257625
15733191	2814		5647.940305460244
15734284	2848		5649.868695180863
15735374	2924		5680.3623854368925
15736483	2984		5836.031257465482
15737532	2981		5901.02411666885
15738659	3067		6087.806637365371
15739664	3056		6059.828152783215
15740693	3073		6001.053792688996
15741651	3015		6045.124104142189
15742715	3043		6085.780669018626
15743814	3117		6182.110710773617
15744804	3079		6166.689502250403
15745784	3058		6174.049285423011
15746816	3046		6175.0337341837585
15747774	2986		6033.533917848021
15748897	3068		6105.359334409237
15749865	2999		6112.215259868652
15750847	2974		5993.827843241394
15751825	2937		6018.5877241156995
15752851	2948		5923.204168990254
15753891	2953		5921.201412510127
15754898	2954		5940.63912717253
15755867	2894		5922.247443918139
15756953	2946		5970.550236091018
15757988	2977		5861.441616553813
15758977	2948		5783.139135204256
15760043	3006		5926.214540094137
15761010	2957		5946.036691773683
15762076	3019		6011.176188021898
15763026	2947		5931.785290662199
15764085	2979		5951.590422000736
15765040	2879		5923.296408113092
15766066	2869		5931.666007757187
15767136	2906		5975.433782156557
15768133	2902		5861.500542182475
15769107	2857		5739.769815478474
15770149	2863		5780.736710578203
15771243	2911		5800.315638374537
15772215	2862		5631.804540224373
15773280	2913		5800.200262673199
15774243	2875		5878.857168924063
15775211	2822		5754.146227806807
15776131	2732		5637.882602792233
15777119	2711		5584.819831006229
15778125	2688		5515.582838743925
15779149	2703		5612.089610897005
15780166	2707		5507.13003635034
15781130	2629		5335.703791815788
15782192	2662		5324.404907051474
15783115	2575		5390.472099039704
15784142	2575		5248.719942383468
15785104	2500		5126.675432283431
15786134	2490		5013.908620193601
15787097	2416		4999.2423643395305
15788107	2388		4854.992607168853
15789215	2474		4928.689229205251
15790283	2534		4999.857369061559
15791276	2490		4924.470396082848
15792245	2457		4937.806820560247
15793209	2407		4981.515465948731
15794214	2397		5003.759786631912
15795214	2392		4953.890330355614
15796191	2342		4827.705472256988
15797243	2379		4798.397563856095
15798318	2423		4847.389102391899
15799269	2374		4659.103967305273
15800209	2294		4640.833347387612
15801283	2341		4633.652383740991
15802269	2316		4604.325600218028
15803301	2309		4607.245663881302
15804345	2311		4552.887865733355
15805409	2349		4597.839606504887
15806486	2385		4642.932523466647
15807541	2399		4600.773569967598
15808468	2324		4569.818503905088
15809460	2266		4526.704555917531
15810424	2183		4464.484558627009
15811449	2173		4377.871547587216
15812493	2202		4403.536597389728
15813493	2196		4412.985204357654
15814558	2248		4451.617249213159
15815525	2201		4452.330892458558
15816551	2227		4480.552547734231
15817535	2208		4424.366217698902
15818552	2194		4354.058622792363
15819521	2154		4337.639412537217
15820567	2157		4370.677775196731
15821578	2149		4289.242519732565
15822607	2136		4280.9919472411275
15823602	2128		4295.104808613658
15824649	2144		4338.810618299991
15825656	2119		4326.886660262942
15826653	2100		4308.8745272010565
15827687	2125		4313.293928232044
15828709	2141		4250.567278984934
15829869	2278		4389.2881875783205
15830869	2278		4444.866485763341
15831883	2286		4456.410827141255
15832938	2299		4558.307533308864
15834052	2399		4631.190343700349
15835077	2407		4646.566004101187
15836134	2427		4735.428298532963
15837199	2460		4887.436796031892
15838251	2474		4917.261872164905
15839319	2494		4883.388831820339
15840349	2485		4940.115240905434
15841364	2492		5014.122332021594
15842464	2537		5033.796316824853
15843443	2506		4983.256412424147
15844477	2501		4877.326041907072
15845525	2519		4969.847595266998
15846584	2576		5068.169747065753
15847649	2613		5201.044091198593
15848690	2637		5301.265126436949
15849754	2674		5355.524997841567
15850734	2650		5401.503687769175
15851740	2642		5421.248791243881
15852745	2644		5495.00522037968
15853690	2575		5342.150125082582
15854741	2606		5381.595333211124
15855781	2642		5269.714387651533
15856778	2630		5119.886109698564
15857748	2569		5180.663637205958
15858860	2664		5184.3066341504455
15859901	2671		5279.13095081225
15860994	2735		5335.165584038943
15862051	2766		5372.589757677168
15863026	2716		5439.860455721617
15864010	2674		5471.555738974363
15864986	2639		5403.648641038686
15866135	2767		5472.363946288824
15867165	2759		5452.610772129148
15868131	2673		5511.2615932784975
15869185	2712		5500.6397570334375
15870160	2671		5423.194445446134
15871148	2623		5240.755095563829
15872180	2651		5365.71576526016
15873187	2641		5284.322864741087
15874196	2646		5261.112146947533
15875126	2560		5271.840335987508
15876123	2545		5133.805530399084
15877110	2527		5026.927573692054
15878184	2575		5057.167434170842
15879175	2561		5072.025479473174
15880179	2560		5093.16392037645
15881237	2573		5102.82306233421
15882306	2624		5154.3196094073355
15883307	2618		5217.236818954349
15884364	2654		5267.381109301001
15885362	2627		5299.482473544776
15886405	2653		5297.687619574368
15887330	2572		5204.736184921116
15888296	2538		5161.6527410931885
15889321	2530		5100.311368264258
15890437	2589		4996.765174873173
15891453	2603		5059.8495753109455
15892444	2558		5154.851134873927
15893470	2542		5227.668157629669
15894546	2578		5217.0591837614775
15895612	2614		5056.2854183577
15896547	2548		5083.128871023655
15897649	2618		5181.762748230249
15898702	2638		5277.796911090612
15899723	2623		5211.548800501972
15900703	2549		5170.606745857745
15901745	2541		5192.384655926377
15902809	2598		5128.373350340873
15903884	2650		5108.9476746842265
15904891	2623		5083.047378703952
15905898	2618		5148.125092595816
15906980	2675		5262.588684163988
15908040	2700		5295.307372115552
15909129	2751		5371.035239048302
15910122	2733		5391.7864761687815
15911104	2715		5423.265209063888
15912177	2740		5587.350725460798
15913225	2747		5457.10947798565
15914267	2788		5568.71621324867
15915303	2802		5625.2290581688285
15916348	2822		5665.724236473441
15917322	2768		5630.728853777051
15918338	2764		5603.153086416423
15919339	2731		5459.05040005222
15920422	2813		5528.0650566630065
15921427	2797		5490.728209469467
15922381	2730		5500.517220906913
15923370	2660		5406.484365798533
15924402	2663		5495.404255248606
15925335	2561		5238.789613556117
15926291	2515		5171.872878100723
15927271	2488		5260.079897262156
15928361	2557		5299.715241357684
15929367	2538		5185.884288474917
15930429	2563		5217.165442865342
15931570	2691		5192.730501264334
15932539	2633		5081.234860163182
15933601	2668		5306.347513049841
15934606	2658		5440.9799643568695
15935573	2619		5377.5900821127
15936607	2608		5338.101717289537
15937625	2594		5279.062835238874
15938576	2493		5167.959058266133
15939599	2462		4959.337458644062
15940637	2455		4853.74821838364
15941690	2479		4926.970016572624
15942653	2432		4998.094822995365
15943674	2448		4907.151709828526
15944798	2527		4876.221673671156
15945858	2558		4933.767302621156
15946944	2599		5009.1605896651745
15948008	2624		5113.860296893865
15949028	2600		5073.904438994825
15950105	2669		5289.493117351085
15951144	2705		5410.778460331261
15952185	2707		5344.783156152815
15953144	2633		5388.3259376473725
15954231	2684		5394.005456510931
15955336	2767		5513.765860389918
15956247	2676		5357.874956928194
15957227	2621		5330.5778155475855
15958190	2563		5253.1690475046635
15959238	2583		5323.682850051671
15960213	2556		5192.702928055078
15961201	2521		5055.90720454976
15962259	2572		5195.609310209751
15963288	2561		5192.256177648902
15964238	2484		4981.333255108446
15965297	2531		4921.506585471332
15966324	2552		5041.479525115341
15967326	2535		5030.340285930783
15968368	2571		5209.0796324163675
15969450	2614		5188.020220410079
15970572	2701		5134.892146397382
15971587	2697		5349.81587388739
15972570	2642		5303.9888266325
15973600	2670		5469.510388355702
15974583	2641		5386.363697603345
15975641	2694		5481.661724686623
15976670	2692		5410.70535941422
15977721	2724		5499.897466767579
15978747	2736		5446.625170707703
15979692	2673		5283.381130993366
15980721	2670		5289.307291723788
15981694	2638		5268.385344572365
15982686	2626		5253.885974906385
15983695	2632		5272.004111520946
15984720	2636		5333.167334146798
15985793	2661		5409.2646363303065
15986770	2599		5306.2164042033255
15987795	2603		5194.300588671118
15988768	2576		5233.581264916807
15989798	2596		5132.290509365499
15990798	2584		5188.543569136411
15991893	2645		5370.492860849947
15992862	2606		5313.801648821682
15993878	2611		5184.921892341226
15994897	2593		5343.417414452881
15995886	2562		5301.180861018598
15996873	2526		5142.759843662381
15997904	2516		5076.913774743676
15998882	2490		5030.759499635547
15999808	2397		4914.081934027374
16000793	2377		4839.640514925122
16001841	2396		4851.153987858444
16002885	2412		4900.003998041153
16003850	2355		4777.25969311595
16004795	2278		4782.937747262418
16005865	2345		4750.511350858957
16006884	2359		4708.187589175999
16007856	2299		4624.282534390688
16008804	2209		4547.801903549582
16009843	2200		4528.075352199376
16010819	2152		4432.034456662834
16011763	2067		4267.390285655856
16012755	2052		4244.689950481057
16013839	2093		4158.267057385296
16014881	2132		4220.3089632205665
16015948	2161		4297.585187569261
16016947	2156		4299.036940608174
16018064	2234		4438.253755100071
16019054	2214		4419.504118390381
16020179	2304		4562.172182891518
16021143	2257		4557.2913647554815
16022221	2306		4665.085419934243
16023210	2244		4588.698605772108
16024290	2322		4706.034570671618
16025207	2235		4497.903807103634
16026194	2182		4437.4051919057965
16027188	2150		4349.184090595692
16028247	2201		4287.893399089575
16029297	2247		4411.552897054702
16030391	2314		4552.033130217344
16031422	2337		4521.986665260047
16032419	2328		4567.519944611937
16033581	2451		4766.448581263423
16034651	2485		4899.710659012198
16035635	2468		5006.034859724343
16036598	2425		4979.043579619378
16037687	2466		4916.16517084837
16038817	2551		4997.617152959108
16039922	2626		5160.216875847429
16040994	2671		5224.020085718483
16041953	2585		5196.00710330531
16042965	2580		5393.460762478411
16043921	2508		5244.925539650023
16044883	2450		5070.804951738566
16045913	2455		5093.442479711026
16046945	2467		4955.483175314963
16048042	2528		4929.562531098723
16049053	2503		4906.404328171164
16050103	2553		5030.202266402543
16051122	2538		5110.161871351302
16052085	2473		5093.80477552861
16053089	2450		5075.801010236144
16054109	2466		4981.374976348132
16055117	2473		5061.697249274701
16056194	2519		5216.4265048876405
16057215	2518		5204.9204365983605
16058280	2563		5175.136982921511
16059290	2551		5076.896417602897
16060315	2530		5013.284092508256
16061410	2577		5073.478603750467
16062423	2590		5271.3913586735725
16063469	2623		5304.004722025245
16064487	2597		5293.983774326742
16065528	2616		5270.004885487258
16066583	2653		5353.766603615135
16067602	2635		5288.9681251607835
16068587	2619		5225.099997073412
16069576	2583		5182.620068475604
16070665	2643		5296.1104701161385
16071719	2675		5265.110244553536
16072804	2702		5391.056237965822
16073849	2730		5461.101818997413
16074876	2714		5423.3203523904085
16075864	2662		5303.766318131238
16076883	2664		5343.876518405974
16077931	2675		5238.673028126359
16078942	2630		5238.074832685292
16079994	2668		5380.345576919615
16080974	2639		5233.681220050901
16081908	2527		5091.199817311019
16082842	2460		5119.115404244512
16083900	2494		5059.140397485346
16084960	2508		5025.755619995296
16086082	2590		5118.409742865711
16087125	2614		5175.096904814243
16088226	2683		5315.9132960401475
16089270	2689		5337.368555523455
16090321	2704		5563.7549707219005
16091283	2666		5536.958348434418
16092358	2718		5561.437456641346
16093379	2693		5316.569015063345
16094361	2665		5337.708082478493
16095488	2752		5444.452732224017
16096604	2818		5597.5764774009585
16097566	2741		5463.64419252798
16098618	2759		5525.537938024849
16099696	2789		5674.19259236753
16100656	2748		5587.5636324808
16101667	2735		5578.857205349952
16102805	2855		5679.334025688469
16103826	2875		5608.99461935088
16104769	2818		5473.386328104883
16105793	2833		5613.126783568412
16106730	2763		5574.962613899261
16107791	2795		5579.995315685868
16108841	2836		5541.180639307946
16109905	2862		5686.302960757166
16110956	2913		5795.699984353036
16111951	2893		5864.200390148908
16113011	2900		5797.847034525126
16113996	2857		5734.257891960442
16115067	2886		5722.410307537764
16116079	2894		5880.428576007485
16117065	2866		5888.119455479085
16118085	2850		5848.153513044119
16119141	2870		5766.09891762957
16120151	2838		5728.245607402176
16121204	2864		5786.651782386005
16122203	2850		5764.25222286582
16123216	2857		5762.749586235732
16124207	2807		5824.86297929287
16125206	2760		5780.108038023114
16126190	2738		5632.884088087827
16127229	2752		5460.765007492155
16128209	2691		5385.084270384163
16129241	2683		5429.192295610905
16130298	2709		5485.756716050208
16131340	2715		5441.069329667836
16132312	2654		5367.949891090393
16133241	2582		5412.592979729176
16134244	2553		5270.169530306011
16135330	2605		5260.848889235407
16136379	2627		5213.201909080148
16137341	2559		5171.882788043469
16138391	2601		5264.280704397708
16139396	2568		5185.035967744887
16140394	2560		5104.578473217785
16141398	2548		5063.849823299795
16142379	2494		4990.295996192843
16143418	2488		5000.781084295362
16144407	2442		5095.623090889305
16145410	2422		5003.426203142852
16146385	2381		4846.44122357294
16147439	2411		4857.947536535561
16148432	2393		4792.8554721698165
16149424	2362		4780.594948556274
16150438	2353		4709.701499704272
16151480	2360		4716.126272995025
16152508	2378		4701.759105458856
16153544	2373		4700.921603176743
16154538	2357		4794.924849785864
16155612	2394		4905.398757200688
16156618	2389		4803.265494655818
16157626	2347		4742.196231536567
16158666	2345		4831.1843867227435
16159692	2333		4635.328512966633
16160736	2321		4607.00235022977
16161707	2283		4627.857012271881
16162712	2287		4595.694953132421
16163686	2226		4492.970179464668
16164698	2204		4554.805907152593
16165739	2213		4500.055046867579
16166779	2215		4494.379488088191
16167822	2240		4523.092241603881
16168915	2290		4488.059206087142
16169864	2206		4560.4386414811015
16170867	2206		4575.223787210882
16171774	2108		4368.037208415568
16172806	2113		4238.510451048613
16173807	2088		4211.359922308475
16174724	1965		4093.7828872166574
16175738	1944		3924.539904296398
16176745	1942		3733.3744559548795
16177817	2012		3968.6641695275903
16178850	2019		4004.957308329642
16179868	2018		3926.9172508195043
16180935	2028		4004.7171215601265
16181897	1969		3974.3503980338573
16182912	1947		3913.257672280073
16183875	1902		3863.1335615590215
16184847	1824		3749.038353562355
16185912	1853		3637.054655212909
16186882	1780		3626.0973199754953
16187924	1772		3665.534838464111
16188922	1738		3541.800453890115
16189939	1746		3421.8832081370056
16190922	1720		3430.032519452274
16191883	1665		3449.961668729782
16192941	1689		3394.143917184323
16193962	1689		3328.8342736512423
16195018	1703		3406.67961846292
16196116	1773		3430.53797339648
16197123	1740		3506.9522769004107
16198139	1729		3583.3501595780253
16199203	1742		3456.574515055865
16200264	1770		3514.155168555677
16201268	1724		3472.1672890894115
16202287	1711		3385.781589280814
16203266	1688		3381.451646760106
16204316	1694		3468.0551716946065
16205310	1656		3452.1668117903173
16206295	1620		3354.4269027225673
16207342	1622		3258.655010715127
16208404	1671		3314.434116370976
16209376	1611		3372.061509564519
16210483	1710		3530.371532946825
16211516	1708		3288.5369176715612
16212622	1813		3494.3326674364507
16213546	1731		3458.8832164779305
16214562	1732		3448.6497368589044
16215549	1691		3512.897718999535
16216599	1711		3391.5671462006867
16217604	1700		3340.488446943462
16218619	1714		3345.012067679316
16219717	1787		3465.8083318136632
16220783	1819		3539.197926968336
16221794	1804		3640.9806191436946
16222883	1857		3701.2934297956526
16223941	1855		3596.601141538471
16224979	1859		3758.0976645611227
16226074	1917		3765.2816579304636
16227095	1917		3710.1158297248185
16228130	1937		3743.8928354158998
16229197	1960		3792.704391591251
16230235	1969		3931.1146121285856
16231130	1846		3786.538809515536
16232135	1845		3783.3249378055334
16233143	1837		3663.955446038395
16234155	1849		3764.3917651697993
16235138	1802		3763.6552596502006
16236138	1778		3553.673258803785
16237179	1773		3565.361545585096
16238176	1750		3625.613587088883
16239165	1723		3588.043874103576
16240180	1696		3385.9193466193974
16241266	1770		3376.553011648357
16242233	1701		3288.2903372719884
16243236	1682		3334.0795667283237
16244366	1769		3394.000096514821
16245392	1764		3486.094155073166
16246374	1721		3538.913412362337
16247373	1684		3327.9495009966195
16248368	1676		3390.519835766405
16249373	1639		3345.311391696334
16250343	1608		3321.50546393916
16251377	1597		3157.2941117435694
16252431	1639		3227.4054546765983
16253472	1664		3243.755829308182
16254578	1745		3314.993172928691
16255607	1758		3466.931187070906
16256624	1734		3436.501324530691
16257621	1720		3495.140095874667
16258577	1674		3375.4557694792747
16259682	1738		3451.6675855070353
16260732	1785		3560.7157034762204
16261719	1746		3479.874450240284
16262760	1751		3430.3344611003995
16263778	1737		3352.589790057391
16264831	1759		3452.031827136874
16265794	1716		3486.350753325969
16266816	1689		3447.3908750861883
16267854	1688		3297.3392326384783
16268868	1682		3386.618394061923
16269898	1693		3469.915976367891
16270915	1692		3382.035826742649
16271922	1673		3315.0220107249916
16272960	1707		3435.5060543492436
16274017	1730		3454.9513888061047
16275148	1817		3509.6778143569827
16276162	1816		3495.5748778544366
16277113	1754		3575.8473906368017
16278112	1721		3565.0845968946815
16279166	1713		3458.1399009525776
16280231	1736		3562.2346351370215
16281255	1715		3409.375991821289
16282281	1729		3426.7302441075444
16283279	1692		3430.3672051392496
16284295	1672		3264.665356852114
16285401	1745		3464.2079533822834
16286440	1753		3474.9724307470024
16287550	1838		3543.4049375094473
16288615	1876		3607.01459518075
16289573	1825		3686.8735323660076
16290600	1819		3756.129872146994
16291589	1804		3730.284922156483
16292669	1872		3602.1497675068676
16293623	1823		3547.34577190876
16294702	1860		3681.804205149412
16295729	1847		3590.7174952961504
16296827	1930		3704.802529029548
16297824	1924		3743.417913556099
16298763	1850		3838.064679790288
16299738	1796		3749.5855097584426
16300761	1777		3651.869396854192
16301774	1780		3556.593991294503
16302794	1785		3628.7394901290536
16303833	1793		3722.105111207813
16304857	1792		3661.0027461238205
16305900	1792		3598.7321649231017
16306950	1812		3694.3720495700836
16307949	1765		3647.3665432222188
16308999	1763		3653.7643165178597
16310018	1746		3538.987415075302
16310977	1679		3454.864226169884
16312024	1725		3399.2311776839197
16313098	1764		3408.0429591983557
16314097	1731		3466.970271974802
16315199	1804		3482.635647971183
16316287	1861		3582.3259867727757
16317317	1891		3756.656411461532
16318313	1853		3728.1683110147715
16319300	1817		3697.3795280866325
16320292	1786		3758.308713365346
16321299	1785		3782.1398335136473
16322353	1818		3712.4063291288912
16323300	1750		3613.18794677034
16324339	1749		3512.479600865394
16325417	1782		3577.0102018602192
16326449	1766		3621.3754561394453
16327477	1775		3574.394825372845
16328541	1796		3548.977655105293
16329539	1763		3529.5480628311634
16330513	1732		3560.0868803747
16331516	1701		3508.4767898246646
16332622	1771		3474.417962387204
16333686	1809		3500.21785357967
16334707	1784		3552.49684323743
16335684	1739		3436.484214235097
16336638	1690		3440.364410482347
16337675	1692		3453.766298573464
16338704	1699		3381.0884810090065
16339713	1685		3336.299640122801
16340739	1662		3354.5228271372616
16341801	1710		3407.5646503269672
16342889	1746		3525.0947023816407
16343902	1700		3367.933250617236
16344966	1726		3352.2038462795317
16345920	1669		3330.3949516415596
16346980	1685		3484.7336511164904
16347988	1679		3473.4367967657745
16349042	1685		3422.665814150125
16350112	1732		3444.0297112837434
16351154	1739		3501.4631574973464
16352142	1672		3365.6589018031955
16353111	1612		3207.8333933241665
16354157	1635		3309.4913086928427
16355220	1652		3436.2416197434068
16356266	1683		3305.7197510562837
16357304	1673		3354.4957139641047
16358287	1651		3227.0071358904243
16359265	1601		3274.611230324954
16360293	1599		3329.8759873360395
16361342	1642		3355.772586144507
16362399	1681		3309.067281357944
16363504	1762		3438.4854332134128
16364539	1777		3549.2656892202795
16365553	1790		3559.3127210065722
16366610	1815		3583.1548352502286
16367640	1835		3602.5991389751434
16368653	1798		3613.7849623970687
16369674	1780		3654.9929807782173
16370641	1742		3549.9261383004487
16371678	1735		3503.907897748053
16372753	1774		3560.2497395649552
16373798	1790		3436.627333648503
16374911	1878		3580.8363943398
16375985	1906		3639.1268854811788
16376993	1902		3854.10114865005
16378029	1884		3884.442770693451
16379064	1911		3880.1237062066793
16380074	1892		3804.939448438585
16381024	1827		3755.2538210637867
16382020	1778		3711.697015773505
16383020	1778		3547.3091582134366
16384100	1811		3599.6838443093
16385084	1773		3538.3724805042148
16386159	1828		3608.80804701522
16387144	1796		3542.6119456104934
16388239	1852		3629.260872077197
16389300	1869		3556.9808650277555
16390368	1901		3572.360072556883
16391522	2019		3772.9123325049877
16392671	2149		4120.436536859721
16393760	2224		4161.785943210125
16394803	2228		4307.873723499477
16395828	2208		4481.346482913941
16396870	2210		4469.979008935392
16397848	2185		4364.285038571805
16398883	2178		4309.545390177518
16399896	2161		4315.305153034627
16400937	2201		4327.814561665058
16401935	2164		4258.726836826652
16403054	2243		4341.500644296408
16404074	2238		4313.913210943341
16405100	2256		4380.656771704555
16406085	2215		4402.259612776339
16407066	2156		4344.081052646041
16408125	2174		4350.208824768662
16409151	2184		4286.332379162312
16410299	2291		4417.145194184035
16411262	2253		4547.910823404789
16412433	2385		4742.738713495433
16413474	2384		4669.590134471655
16414519	2384		4727.5382324159145
16415564	2408		4835.068575914949
16416574	2403		4689.472988981754
16417632	2440		4743.525539629161
16418618	2398		4704.8534133806825
16419653	2402		4734.695262733847
16420632	2381		4861.458149924874
16421659	2382		4868.838100563735
16422684	2393		4855.1237939968705
16423775	2463		4922.017388533801
16424787	2475		4802.370736770332
16425809	2463		4815.272042769939
16426916	2534		4925.913821239024
16427879	2487		4939.503249153495
16429005	2605		5094.969196397811
16430065	2628		5058.519209768623
16431076	2622		5128.152190800756
16432086	2618		5114.666433352977
16433174	2658		5178.307579118758
16434217	2659		5229.263683795929
16435244	2665		5209.011099655181
16436280	2667		5287.383055474609
16437339	2688		5345.21566593647
16438339	2688		5368.966612547636
16439408	2722		5488.559840030968
16440378	2679		5458.617876004428
16441416	2702		5554.422082353383
16442482	2714		5414.870680168271
16443569	2788		5536.447159271687
16444626	2840		5476.380800243467
16445719	2893		5546.279850594699
16446819	2961		5623.622483726591
16447872	2993		5814.869069870561
16448895	2986		5958.36722439155
16449982	3052		6029.607986915857
16450947	3009		6028.1538859419525
16451986	3019		6026.169367354363
16452957	2971		6092.326635673642
16453981	2971		5993.500691894442
16455011	2978		5995.494127340615
16455974	2930		5833.762448497117
16456998	2911		5910.785547718406
16458021	2933		5834.209740169346
16459053	2941		5896.853377372026
16460122	3002		5994.974877819419
16461125	2998		5971.56738390401
16462092	2964		5964.078517492861
16463130	2992		6066.618839140981
16464078	2923		6022.06954337284
16465098	2919		5940.812821537256
16466151	2916		5872.347137060016
16467247	2986		5925.642989795655
16468209	2919		5886.039344578981
16469255	2965		6034.247600115836
16470297	2999		6081.844158370048
16471255	2901		5953.649830248207
16472299	2940		5999.514004349709
16473346	2981		6042.941348131746
16474439	3046		6139.29383636266
16475373	2979		6128.134326767176
16476355	2921		6047.570271093398
16477376	2928		6080.716035056859
16478372	2910		6032.894030764699
16479477	2983		6002.114468887448
16480471	2977		5928.317663677037
16481431	2929		5870.849579498172
16482404	2897		5933.471665345132
16483392	2836		5933.452796209604
16484469	2885		5864.562231354415
16485483	2872		5777.346765294671
16486442	2828		5715.125728011131
16487559	2913		5731.861306004226
16488717	3037		5876.189109068364
16489711	3010		5790.578063908964
16490776	3058		5981.810600988567
16491808	3081		6084.269814301282
16492839	3073		5971.115460045636
16493821	3030		5974.777100160718
16494850	3050		6026.163814783096
16495861	3058		6054.811427406967
16496884	3045		6055.410381957889
16497968	3113		6185.787886612117
16498949	3086		6196.334102012217
16499981	3066		6034.358488805592
16501073	3125		6141.134114690125
16501986	3038		6002.752603523433
16503038	3046		6070.250403307378
16504026	3001		6108.030337508768
16505007	2982		6007.153264135122
16506057	3009		6075.361678719521
16507126	3039		6100.31229614839
16508115	3009		6014.807370468974
16509091	2967		5969.15658409521
16510077	2953		6000.042388737202
16511005	2851		5827.239398948848
16512022	2857		5849.012613829225
16512978	2800		5806.994166504592
16513979	2748		5637.416592281312
16514969	2725		5430.877840429544
16515944	2685		5370.64190223068
16516881	2610		5343.437664367259
16517903	2596		5310.541434787214
16518865	2549		5085.067260760814
16519901	2552		4981.502151940018
16520963	2559		4954.727456063032
16521915	2487		5014.831494510174
16522938	2474		5066.494679972529
16523881	2392		4873.415537238121
16524887	2384		4762.896822679788
16525937	2411		4787.690116643906
16526976	2440		4907.935285679996
16527994	2425		4809.128741752356
16528944	2367		4686.028566174209
16529906	2308		4663.95243453607
16531003	2390		4867.41174923256
16531965	2330		4763.894928902388
16533069	2414		4785.816854242235
16534079	2394		4797.398237165064
16535103	2399		4745.814475603402
16536140	2410		4853.017885159701
16537169	2428		4829.390717066824
16538153	2409		4770.226611118764
16539149	2401		4860.360664442182
16540111	2352		4869.770864378661
16541071	2295		4636.140328139067
16542034	2251		4558.800502892584
16543058	2271		4577.285041440278
16544138	2329		4604.183021727949
16545150	2328		4658.536685869098
16546152	2327		4650.531217414886
16547202	2347		4623.073171529919
16548261	2377		4608.898700810969
16549285	2364		4587.6351326182485
16550303	2324		4644.672814771533
16551377	2373		4705.215460341424
16552378	2350		4656.0642787106335
16553452	2396		4737.606043796986
16554509	2437		4776.430033575743
16555595	2504		4940.886242851615
16556645	2550		4997.352362390608
16557730	2607		5120.297381296754
16558707	2537		5016.009199794382
16559727	2520		5089.119588471949
16560728	2487		5072.754920937121
16561865	2572		5073.502514112741
16562886	2569		5130.001369204372
16563868	2548		5176.8300268910825
16564882	2538		5090.805892787874
16565874	2527		5039.126908738166
16566909	2562		5174.574418351054
16567988	2601		5125.506853561848
16569095	2671		5352.723749317229
16570134	2703		5449.705798655748
16571156	2668		5335.99932866171
16572217	2680		5366.917158324271
16573221	2653		5356.555126730353
16574238	2632		5272.622303005308
16575280	2648		5226.067244108766
16576376	2684		5379.533521786332
16577385	2667		5424.746925745159
16578476	2715		5420.094397306442
16579508	2716		5312.869694903493
16580488	2675		5299.939371190965
16581498	2655		5333.189748726785
16582552	2695		5371.910724170506
16583630	2720		5372.574299234897
16584624	2702		5377.523590102792
16585621	2697		5391.851231340319
16586626	2670		5363.690887540579
16587683	2700		5359.91558624059
16588700	2691		5465.3555226475
16589683	2651		5347.1014226228
16590688	2628		5396.539029471576
16591705	2593		5265.171630125493
16592759	2601		5242.550029274076
16593731	2560		5147.835451930761
16594819	2613		5234.811381030828
16595859	2634		5254.383094899356
16596865	2597		5161.401033945382
16597893	2610		5259.344344563782
16598879	2578		5236.190010637045
16599935	2605		5237.516768991947
16601007	2660		5337.161412425339
16602027	2669		5209.054891258478
16603118	2712		5350.869933463633
16604159	2739		5396.004600271583
16605175	2742		5471.229153435677
16606261	2812		5586.000991802663
16607251	2788		5560.946809746325
16608267	2763		5551.944704119116
16609269	2733		5656.459002878517
16610328	2763		5645.553793940693
16611277	2701		5584.739035837352
16612348	2730		5538.746274873614
16613345	2715		5447.222140170634
16614332	2693		5333.872354406863
16615441	2766		5500.392253283411
16616408	2716		5385.90723894909
16617375	2661		5389.043958649039
16618316	2565		5342.238469038159
16619327	2532		5281.231963895261
16620261	2458		5046.772115543485
16621278	2443		5051.314910709858
16622325	2471		5043.826789200306
16623426	2552		5078.090121414512
16624490	2581		5251.542276758701
16625518	2594		5307.935732118785
16626577	2648		5341.448980715126
16627556	2602		5241.899684295058
16628571	2574		5266.093937844038
16629671	2631		5264.622163251042
16630717	2669		5269.264925573021
16631639	2590		5174.018719136715
16632665	2582		5171.0139915682375
16633712	2598		5101.138649404049
16634702	2558		4950.5417694449425
16635826	2658		5137.842013884336
16636864	2658		5270.445715233684
16637926	2692		5333.757238447666
16639053	2805		5451.651053700596
16640086	2833		5540.554670292884
16641124	2866		5698.33585818857
16642124	2854		5779.873829595745
16643153	2833		5837.611823193729
16644100	2762		5678.564627002925
16645138	2774		5668.229019023478
16646129	2751		5548.962542120367
16647070	2670		5500.211713336408
16648096	2660		5402.738403517753
16649211	2726		5416.885237544775
16650246	2730		5430.105036307126
16651267	2748		5593.01196250692
16652383	2818		5696.916765909642
16653362	2762		5546.412776712328
16654391	2749		5608.417504772544
16655414	2745		5663.407425612211
16656513	2800		5703.260960072279
16657499	2765		5661.768622417003
16658515	2763		5626.977012313902
16659497	2744		5586.217773199081
16660520	2737		5562.148777499795
16661606	2784		5580.6781059503555
16662666	2819		5532.17106198892
16663722	2837		5618.888821281493
16664765	2853		5716.047284096479
16665813	2878		5656.159414213151
16666804	2846		5590.577056609094
16667769	2791		5475.761304643005
16668830	2820		5471.401784874499
16669793	2751		5438.1791415810585
16670776	2722		5491.762730702758
16671842	2754		5576.591293945909
16672876	2740		5469.952624045312
16673878	2706		5440.42045770213
16674921	2703		5404.265274658799
16675873	2649		5484.921140909195
16676871	2612		5363.700509563088
16677839	2567		5273.131463062018
16678829	2542		5203.329651512206
16679864	2528		5173.6225664541125
16680861	2512		5042.996412239969
16681921	2554		5108.068675272167
16682863	2479		5087.607339203358
16683889	2483		5100.663140043616
16684844	2407		5015.29754024744
16685876	2439		4911.953935571015
16686837	2398		4751.367581777275
16687944	2464		4885.6299603916705
16688994	2483		4941.7097541205585
16690005	2472		4952.546451639384
16691071	2516		5062.430051073432
16692114	2544		5043.782904140651
16693061	2462		4935.307679645717
16694031	2421		4894.6151445917785
16695042	2397		4914.231595862657
16696115	2448		4927.722911503166
16697192	2483		4892.752303801477
16698250	2512		4899.0524735711515
16699319	2559		4977.332457181066
16700392	2627		5169.058641053736
16701445	2670		5267.225221376866
16702535	2751		5390.9897806197405
16703531	2734		5396.602198056877
16704512	2698		5347.841308929026
16705562	2716		5348.414792902768
16706600	2725		5283.916046783328
16707683	2766		5358.499536477029
16708739	2821		5484.83996931836
16709757	2835		5561.905184134841
16710816	2861		5622.249275259674
16711944	2953		5802.731813263148
16712945	2938		5844.378948181868
16713945	2895		5728.170459404588
16714956	2863		5727.286664508283
16715932	2824		5645.7573107257485
16716997	2849		5843.174471441656
16718060	2906		5828.102315265685
16719119	2944		5752.963784638792
16720114	2927		5726.927396085113
16721140	2935		5748.566821061075
16722138	2893		5824.037055917084
16723161	2876		5862.788620937616
16724192	2886		5946.732497751713
16725181	2828		5712.277192737907
16726147	2769		5652.554134584963
16727147	2725		5417.378346294165
16728169	2698		5356.756006833166
16729195	2686		5419.1729770340025
16730268	2744		5437.759857263416
16731263	2738		5348.085844028741
16732292	2742		5364.382717337459
16733335	2739		5400.862513426691
16734387	2755		5598.879138551652
16735408	2732		5490.043999403715
16736393	2693		5370.432087443769
16737468	2768		5514.92061580345
16738527	2796		5530.676750168204
16739451	2712		5502.7739457041025
16740497	2708		5602.132506597787
16741508	2701		5566.162789739668
16742529	2719		5408.2957975789905
16743522	2712		5397.854336056858
16744549	2698		5438.149260256439
16745561	2698		5541.971429899335
16746571	2655		5448.454954650253
16747575	2658		5429.300403948873
16748568	2639		5273.183399558067
16749539	2608		5296.055960800499
16750564	2580		5240.849714759737
16751626	2610		5354.043453224003
16752655	2614		5232.638460218906
16753628	2586		5310.734166268259
16754747	2667		5216.975794129074
16755774	2671		5249.184622317553
16756818	2709		5356.901169843972
16757875	2749		5541.601633742452
16758784	2637		5369.176530137658
16759821	2626		5365.60443148762
16760875	2655		5385.982190612704
16761966	2702		5316.384989004582
16762974	2665		5311.038569968194
16764044	2706		5351.535397969186
16765073	2701		5395.130789395422
16766097	2702		5348.221708908677
16767072	2666		5382.462231930345
16768124	2698		5392.170333247632
16769144	2671		5430.029751632363
16770134	2644		5384.171849615872
16771155	2618		5304.354630652815
16772216	2657		5134.809121243656
16773206	2629		5173.320149213076
16774316	2699		5340.440214641392
16775343	2693		5399.173447571695
16776346	2655		5411.763437084854
16777389	2654		5509.191143009812
16778371	2600		5429.5462742596865
16779350	2553		5238.40992930904
16780315	2517		5061.9989508241415
16781405	2588		5110.561912924051
16782406	2537		5108.193481646478
16783421	2523		5240.916331380606
16784406	2497		5099.691696017981
16785464	2534		5081.264612257481
16786425	2457		4851.125998713076
16787459	2461		4920.630508989096
16788605	2564		5210.56378249079
16789680	2594		5153.701032020152
16790743	2650		5244.543163344264
16791820	2703		5318.4440201967955
16792849	2728		5278.493990264833
16793819	2666		5328.35133587569
16794933	2724		5465.473774120212
16795986	2727		5349.7733742669225
16797019	2710		5310.080873377621
16798094	2739		5513.621395543218
16799127	2750		5497.228689454496
16800108	2683		5422.101155042648
16801229	2768		5640.880352623761
16802221	2725		5471.866389155388
16803282	2765		5589.15633109957
16804298	2749		5591.9456409960985
16805366	2816		5602.512223310769
16806398	2819		5484.158962786198
16807431	2831		5635.1845345795155
16808368	2762		5615.715763062239
16809392	2731		5675.92260889709
16810435	2740		5621.766576893628
16811415	2717		5512.779170535505
16812333	2630		5348.795146800578
16813362	2657		5334.333785139024
16814357	2643		5348.62352989614
16815381	2626		5300.193520277739
16816403	2617		5412.960420370102
16817397	2610		5321.927001699805
16818401	2593		5252.547171622515
16819430	2601		5212.945809945464
16820498	2635		5220.737607575953
16821472	2602		5232.22072160244
16822500	2609		5298.1828324869275
16823516	2625		5270.938030786812
16824593	2665		5337.676294341683
16825652	2676		5257.757030755281
16826697	2696		5228.526114419103
16827739	2707		5250.57569141686
16828816	2752		5351.246530950069
16829878	2771		5424.361589312553
16830952	2845		5588.481564670801
16831951	2839		5727.300093919039
16832952	2815		5704.196758821607
16833920	2753		5651.7926766350865
16835007	2810		5579.324308909476
16836009	2758		5549.2733817994595
16837131	2833		5609.930277876556
16838201	2866		5607.166214600205
16839257	2906		5676.012927994132
16840218	2864		5753.187071189284
16841250	2881		5828.861250184476
16842288	2904		5912.984080538154
16843392	2992		5894.958840385079
16844438	3026		5925.676174275577
16845538	3089		5895.530370019376
16846502	3030		5938.095632091165
16847451	2967		6002.596431769431
16848460	2965		6076.009056992829
16849473	2951		5964.702590063214
16850480	2938		5949.898572415113
16851512	2965		5943.838466823101
16852524	2936		5883.860072493553
16853542	2928		5825.264499545097
16854603	2943		5901.553679846227
16855614	2933		5995.002686828375
16856694	2979		5901.564048662782
16857766	3017		6001.8801746964455
16858771	2976		5942.853673443198
16859849	3010		6017.704238854349
16860855	2991		6009.56724961102
16861938	3041		5943.842569708824
16862932	3035		5998.802848853171
16864000	3046		6001.7963025048375
16865013	3024		6009.822486169636
16866025	3036		6085.408484525979
16867085	3053		6123.397481128573
16868056	3022		6155.662398420274
16869095	3006		6040.685503877699
16870125	3031		6061.503256373107
16871157	3051		5987.091160923243
16872105	2995		5865.46324685961
16873157	3004		5950.58483517915
16874178	2997		5938.554791480303
16875178	2972		5864.249561473727
16876228	2969		5911.078917391598
16877318	3055		6137.689015902579
16878379	3079		6155.94315546006
16879409	3089		6232.895542539656
16880436	3093		6254.497610576451
16881471	3086		6274.283019863069
16882519	3101		6282.607336692512
16883584	3149		6302.942593894899
16884531	3092		6247.722033299506
16885575	3089		6245.967605382204
16886531	3013		6116.2357136160135
16887519	2966		5951.456538841128
16888528	2972		5955.203301213682
16889556	2959		5872.579399213195
16890601	2991		5920.905342526734
16891611	2999		6059.989552088082
16892642	3025		6073.683887451887
16893582	2962		5962.0466081649065
16894623	2958		5890.5029601454735
16895636	2924		5944.845216915011
16896643	2924		5912.786107622087
16897669	2945		5895.518115229905
16898628	2874		5765.728778213263
16899631	2871		5786.534221187234
16900667	2874		5752.813653439283
16901638	2827		5657.1763974279165
16902636	2809		5574.892634123564
16903709	2839		5685.709291674197
16904727	2856		5633.994262456894
16905751	2840		5666.05149526149
16906840	2887		5713.159815892577
16907789	2833		5630.357591480017
16908811	2802		5551.975237965584
16909871	2841		5617.984900668263
16910915	2846		5676.926992371678
16911985	2881		5730.801037788391
16913020	2906		5690.1406872570515
16914052	2936		5716.405553266406
16915083	2937		5768.537634044886
16916084	2895		5789.662416681647
16917084	2879		5788.038663521409
16918037	2790		5658.174031801522
16919082	2834		5669.04425599426
16920031	2754		5586.486779645085
16921045	2757		5532.606899596751
16922076	2748		5603.119941689074
16923120	2754		5548.847909845412
16924121	2748		5565.285323128104
16925076	2693		5398.955212876201
16926211	2770		5335.477014183998
16927238	2772		5445.745257176459
16928290	2807		5539.404150277376
16929352	2833		5718.097065277398
16930346	2825		5711.7349169403315
16931331	2801		5690.917419761419
16932351	2806		5777.603991471231
16933376	2781		5700.54633872211
16934384	2785		5640.635912053287
16935390	2740		5598.045605331659
16936400	2722		5486.234092921019
16937458	2744		5539.8426344543695
16938464	2730		5391.283117555082
16939479	2729		5408.420908905566
16940441	2689		5406.470247678459
16941524	2751		5457.714773267508
16942513	2733		5500.0910223424435
16943553	2731		5472.973903521895
16944598	2733		5483.087712064385
16945647	2752		5479.9919120669365
16946692	2767		5496.314693495631
16947647	2712		5463.429467536509
16948641	2691		5455.778931073844
16949669	2703		5432.43250952661
16950687	2693		5448.376722194254
16951703	2670		5412.959244869649
16952687	2651		5513.522284120321
16953695	2633		5352.5577534511685
16954660	2576		5247.273460537195
16955717	2620		5287.458992540836
16956705	2571		5233.419494435191
16957773	2610		5181.415189057589
16958773	2574		5120.3762427940965
16959761	2524		5105.310312144458
16960749	2476		4970.163626596332
16961782	2491		4880.860747873783
16962808	2473		4896.639234259725
16963885	2504		4984.917760759592
16964984	2550		5019.565050512552
16965954	2512		4942.960698060691
16967013	2544		5060.7793573364615
16968060	2555		5135.612285852432
16969075	2553		5145.351130783558
16970029	2474		5137.059999503195
16971051	2485		4987.216573402286
16972052	2461		4916.1471350342035
16973094	2493		4884.605670444667
16974175	2545		5053.756902210414
16975240	2588		5144.241232715547
16976280	2606		5232.874693632126
16977273	2596		5174.6893187612295
16978450	2726		5298.935142308474
16979461	2720		5280.481846436858
16980494	2735		5356.683619692922
16981481	2698		5342.381444729865
16982514	2710		5371.764191254973
16983490	2686		5323.618695579469
16984457	2608		5291.161380313337
16985440	2554		5245.216582842171
16986467	2531		5180.802308857441
16987558	2622		5253.439064107835
16988607	2645		5214.819553256035
16989605	2639		5219.785601109266
16990471	2504		5237.466360501945
16991466	2494		5145.057153791189
16992455	2445		5019.82481521368
16993405	2395		4888.872946768999
16994391	2370		4920.9351229816675
16995379	2331		4813.931561872363
16996335	2287		4589.834307104349
16997366	2307		4651.256257250905
16998415	2317		4640.132050938904
16999433	2310		4599.7639402374625
17000491	2334		4599.915187440813
17001534	2369		4735.364428460598
17002495	2324		4806.253510572016
17003472	2292		4715.114702522755
17004499	2288		4709.26283147186
17005442	2214		4603.1336348205805
17006484	2249		4514.365838058293
17007540	2272		4383.831425614655
17008656	2339		4520.092657268047
17009628	2294		4587.257426723838
17010784	2420		4765.731252633035
17011850	2455		4845.463540427387
17012989	2555		5006.400128208101
17014053	2588		5021.0705377832055
17015057	2579		5172.444233134389
17016036	2520		5189.068746112287
17017086	2566		5163.042981036007
17018106	2562		5036.026823095977
17019179	2630		5112.853959821165
17020162	2598		5291.672607131302
17021290	2706		5523.378925971687
17022280	2689		5445.0972962901
17023353	2718		5398.536390192807
17024401	2753		5423.8254179134965
17025457	2777		5399.630632266402
17026432	2721		5464.688262611628
17027506	2742		5575.863724924624
17028472	2705		5494.563564769924
17029401	2630		5291.552178747952
17030385	2586		5279.737474039197
17031505	2669		5285.334003470838
17032520	2673		5217.87265598774
17033543	2685		5320.255806334317
17034543	2650		5322.1730120927095
17035606	2707		5273.88954577595
17036672	2770		5413.782743938267
17037746	2826		5435.071016460657
17038769	2811		5570.82276314497
17039848	2859		5751.223131850362
17040921	2897		5738.889895364642
17041856	2787		5558.56710896641
17042866	2796		5606.854626961052
17043866	2768		5625.69464302063
17044896	2750		5548.200360789895
17045917	2730		5445.190495967865
17046904	2692		5277.857067383826
17047919	2679		5307.95618519187
17048957	2681		5361.3701465800405
17049911	2597		5310.832201354206
17050978	2651		5388.602948345244
17051975	2617		5291.1860443502665
17052895	2529		5123.044952265918
17053946	2559		5155.243218705058
17054987	2600		5170.260624460876
17056105	2666		5142.600901730359
17057119	2654		5224.953667804599
17058137	2670		5275.009814426303
17059134	2633		5270.803515635431
17060152	2633		5331.532387509942
17061194	2647		5367.069187961519
17062217	2636		5325.415061354637
17063148	2560		5244.5291228070855
17064160	2521		5050.829616293311
17065184	2542		5046.528125040233
17066162	2491		4990.874065622687
17067200	2488		5042.213412545621
17068167	2445		4972.680632963777
17069203	2462		4911.174419790506
17070234	2449		4872.31958989054
17071269	2475		5020.006270565093
17072248	2425		4937.687321417034
17073366	2507		5029.8101657778025
17074385	2513		4968.546500816941
17075397	2513		5077.150706060231
17076369	2474		5046.129470653832
17077414	2483		5037.254990063608
17078484	2513		5066.873464435339
17079541	2545		4986.2122715860605
17080577	2559		5126.542444109917
17081639	2575		5244.568211063743
17082648	2536		5087.179325811565
17083702	2558		4960.587718188763
17084752	2593		5049.4122183173895
17085765	2579		5195.925206713378
17086827	2613		5254.459094822407
17087838	2579		5111.301946826279
17088860	2539		5144.620807997882
17089903	2530		5115.417470730841
17091009	2636		5185.381414845586
17092017	2635		5187.087407268584
17093075	2658		5242.043983399868
17094134	2691		5296.898696929216
17095210	2753		5339.1862745806575
17096230	2724		5255.926720350981
17097350	2829		5458.388430379331
17098409	2865		5774.860675118864
17099424	2836		5716.134969614446
17100386	2769		5677.886226139963
17101445	2823		5700.803905785084
17102401	2777		5682.904778838158
17103442	2810		5693.703481569886
17104488	2843		5817.379258006811
17105463	2810		5631.666513226926
17106568	2882		5712.572431907058
17107578	2841		5693.8924515247345
17108551	2798		5632.2354551926255
17109622	2839		5716.761443555355
17110651	2829		5700.3489183187485
17111634	2777		5573.025776684284
17112684	2812		5716.908348403871
17113657	2779		5584.602564446628
17114617	2727		5504.64196998626
17115549	2631		5373.868044860661
17116742	2771		5504.5795616135
17117784	2801		5430.5911261588335
17118694	2698		5302.788932614028
17119696	2690		5401.582922331989
17120732	2682		5301.494935572147
17121756	2664		5328.397672839463
17122751	2656		5332.198097892106
17123819	2686		5452.651519306004
17124856	2675		5434.598780468106
17126004	2803		5551.657045133412
17127075	2856		5590.470000296831
17128059	2835		5575.378045633435
17129076	2817		5737.297504901886
17130056	2780		5558.780791833997
17131053	2752		5590.125411853194
17132046	2745		5565.93339446187
17133101	2784		5654.104902237654
17134120	2750		5531.0028583183885
17135061	2691		5433.309575945139
17136133	2749		5534.8466307893395
17137227	2830		5521.231904171407
17138185	2754		5496.276203244925
17139303	2845		5680.715672165155
17140421	2906		5710.811840310693
17141440	2921		5643.842025570571
17142491	2928		5679.842664055526
17143572	2965		5899.156566187739
17144606	2982		5949.922802835703
17145585	2937		5899.4440119192
17146566	2895		5708.190999031067
17147549	2848		5605.666528768837
17148567	2816		5615.079902723432
17149624	2851		5709.603927507997
17150691	2915		5843.729252502322
17151703	2915		5755.6436155587435
17152698	2907		5759.70520914346
17153687	2873		5839.954831548035
17154727	2873		5896.069402009249
17155678	2810		5730.067905284464
17156791	2919		5713.960778072476
17157730	2839		5688.153782255948
17158744	2849		5724.873894177377
17159817	2894		5812.513806857169
17160881	2935		5763.201209880412
17161877	2925		5768.889169231057
17162843	2875		5698.370428927243
17163925	2932		5889.529669873416
17164895	2870		5827.492581762373
17165911	2848		5860.4177108109
17166964	2888		5755.8663561195135
17167955	2851		5660.39759003371
17168990	2868		5632.5801262483
17170065	2889		5666.262109190226
17171111	2901		5684.062910869718
17172059	2843		5642.74471423775
17173050	2810		5638.402640402317
17174006	2730		5575.048870511353
17174996	2694		5597.612877741456
17176042	2721		5646.87320061028
17177090	2747		5554.164251327515
17178127	2761		5524.642543904483
17179129	2726		5512.425932236016
17180226	2792		5614.821276456118
17181277	2819		5705.303852319717
17182351	2889		5727.841072678566
17183390	2898		5624.140686325729
17184389	2854		5631.830515183508
17185351	2783		5682.413531854749
17186357	2772		5651.938803106546
17187388	2750		5468.515855297446
17188341	2688		5273.1978872567415
17189403	2704		5363.331749849021
17190429	2702		5396.6964704319835
17191483	2723		5457.214531354606
17192450	2678		5478.887886784971
17193450	2672		5381.830784887075
17194428	2615		5354.531120561063
17195524	2661		5219.6054310798645
17196619	2729		5348.815638668835
17197561	2668		5181.157478868961
17198585	2671		5320.485145285726
17199702	2735		5425.832801423967
17200763	2766		5353.7978053838015
17201802	2776		5498.710152938962
17202791	2743		5469.044351965189
17203903	2785		5618.741895288229
17204865	2743		5558.830639831722
17205843	2709		5478.3958406969905
17206804	2641		5475.469999879599
17207823	2617		5279.123155765235
17208938	2688		5294.227829769254
17209911	2643		5166.720700234175
17210907	2639		5245.585847727954
17211972	2676		5371.54075243324
17213044	2715		5355.068523623049
17214104	2736		5380.417523242533
17215193	2777		5573.407267965376
17216229	2799		5594.6257298365235
17217288	2839		5595.728824824095
17218301	2843		5586.5825085267425
17219267	2779		5574.456101410091
17220319	2780		5716.7682857736945
17221402	2861		5792.434924162924
17222437	2857		5717.638157501817
17223461	2873		5757.059638693929
17224510	2920		5908.649787813425
17225578	2972		5921.598692364991
17226583	2970		5826.980339586735
17227677	3025		5885.5280823633075
17228651	2999		5966.702887684107
17229681	3003		6093.164914645255
17230647	2939		6046.480810470879
17231628	2909		5939.422397889197
17232608	2860		5838.893768824637
17233702	2917		5823.759416230023
17234656	2843		5717.5561560839415
17235651	2808		5646.335502542555
17236720	2854		5780.695906221867
17237774	2867		5777.60682386905
17238758	2845		5757.082540936768
17239811	2852		5695.425061330199
17240767	2782		5674.045229673386
17241834	2804		5651.676324419677
17242838	2765		5576.041387364268
17243821	2747		5379.519622452557
17244775	2686		5415.621103510261
17245773	2654		5366.832406930625
17246828	2701		5479.4150679931045
17247819	2689		5504.515737980604
17248890	2732		5514.714135929942
17249890	2702		5497.385677687824
17250885	2675		5425.659071549773
17251968	2732		5453.779992833734
17252981	2719		5468.84772298485
17254070	2769		5612.008418545127
17254993	2686		5525.6644168794155
17255983	2661		5469.740240052342
17257008	2636		5464.499452501535
17258005	2611		5410.132000289857
17259043	2614		5304.773989997804
17260042	2590		5200.676488518715
17261043	2588		5123.576478071511
17262154	2661		5224.521897114813
17263170	2638		5215.45689060539
17264127	2588		5318.601051539183
17265228	2653		5308.579523213208
17266254	2641		5332.447896003723
17267238	2599		5354.109142847359
17268213	2568		5205.039358660579
17269319	2624		5195.9342147782445
17270307	2584		5075.112508110702
17271329	2587		5134.709770806134
17272461	2686		5185.162397988141
17273441	2643		5157.32944316417
17274502	2696		5223.518247008324
17275476	2669		5316.608833536506
17276426	2608		5293.246680252254
17277350	2498		5302.411810532212
17278458	2561		5162.467354893684
17279413	2508		5063.437025524676
17280449	2515		5106.98581353575
17281435	2492		5045.935767404735
17282505	2524		5000.706182613969
17283500	2515		4999.203529007733
17284498	2470		4980.523475326598
17285537	2482		5002.793512694538
17286537	2434		4995.136817328632
17287533	2395		4947.849527411163
17288602	2414		4988.885873489082
17289697	2458		5010.93899422884
17290786	2521		5015.544074550271
17291809	2512		5029.2870484516025
17292837	2532		5068.697043642402
17293839	2505		5127.771595463157
17294893	2521		5197.634921640158
17295955	2563		5262.679249830544
17296993	2590		5160.803778596222
17297988	2550		5097.5587454512715
17298993	2539		5012.451216414571
17300082	2612		5133.774356029928
17301134	2631		5089.822088360786
17302141	2605		5022.315243452787
17303055	2494		5061.857283316553
17304000	2438		5020.917847685516
17304977	2403		4950.747299998999
17306044	2440		4951.298190385103
17307083	2431		4871.7697791829705
17308093	2407		4827.065396018326
17309111	2409		4787.94342264533
17310105	2377		4746.153048925102
17311104	2374		4722.650889359415
17312111	2340		4580.6239286363125
17313206	2385		4540.360824756324
17314293	2419		4627.183648005128
17315315	2423		4791.77449350059
17316402	2484		4958.216104403138
17317450	2497		4957.985589675605
17318460	2487		5057.495304323733
17319464	2480		5092.884528122842
17320495	2483		5179.706709884107
17321487	2423		4910.538677051663
17322552	2459		4849.797070495784
17323575	2439		4904.870450288057
17324637	2464		4953.829451277852
17325666	2452		4963.9125999212265
17326723	2484		5023.687911197543
17327812	2539		5105.550838030875
17328823	2524		5136.357985056937
17329894	2542		5206.488456398249
17330856	2482		5098.142146535218
17331901	2486		5032.020582206547
17332972	2532		5080.4900791198015
17333931	2460		5076.8371893242
17334962	2447		5077.537690646946
17335974	2437		4979.635006353259
17337006	2435		4885.570924118161
17338037	2434		4934.253518089652
17339019	2385		4854.400761246681
17340048	2372		4822.3626708984375
17341066	2385		4811.946135908365
17342080	2386		4763.332814253867
17343097	2372		4760.759927146137
17344052	2280		4700.893460676074
17345110	2311		4687.615326933563
17346106	2278		4560.374533526599
17347188	2339		4667.33525954932
17348343	2454		4736.428504675627
17349360	2435		4684.864019535482
17350402	2458		4867.75392331928
17351451	2476		4856.426641203463
17352416	2440		4913.062914438546
17353605	2575		4959.890126518905
17354603	2540		4930.952505804598
17355665	2570		5037.235695205629
17356611	2511		4946.111317642033
17357671	2525		5179.637369044125
17358779	2613		5182.43587385118
17359750	2550		5136.217737495899
17360831	2594		5143.839273050427
17361862	2586		5085.369907155633
17362899	2578		5052.959425590932
17363971	2604		5138.568317763507
17364933	2519		5103.30644518882
17365922	2508		5070.6086182668805
17366907	2488		5011.558952219784
17367940	2481		4976.384418360889
17368925	2465		4974.708100296557
17369938	2458		4848.154913306236
17370884	2396		4770.5698034614325
17371796	2277		4665.698716677725
17372786	2249		4668.493760749698
17373816	2257		4672.605068087578
17374811	2242		4583.709279738367
17375800	2205		4421.586482666433
17376875	2234		4425.661347061396
17377911	2252		4396.63402929157
17378956	2282		4439.458290711045
17380009	2300		4545.778760306537
17380992	2265		4562.830339260399
17382067	2337		4663.72849766165
17383194	2420		4654.672670006752
17384278	2463		4696.548264868557
17385308	2487		4784.036115378141
17386293	2464		4837.084301047027
17387288	2443		5020.983741223812
17388409	2534		5052.807228729129
17389387	2481		4975.546212546527
17390387	2472		4929.3278471156955
17391451	2488		4886.561434291303
17392508	2515		4850.490111045539
17393548	2522		4866.8512035906315
17394502	2443		4888.875008478761
17395652	2575		5044.629127249122
17396660	2525		5075.9403596147895
17397670	2508		5042.700023800135
17398688	2514		5094.943843238056
17399668	2489		5130.727092683315
17400744	2526		5112.411121562123
17401724	2500		4935.664913326502
17402837	2570		4906.965126596391
17403865	2550		4994.933623716235
17404910	2563		4986.25687931478
17406003	2618		5198.41248498112
17407029	2615		5247.986022084951
17408083	2631		5292.847661674023
17409159	2697		5376.747975699604
17410143	2636		5240.33510504663
17411187	2654		5198.737087987363
17412262	2716		5238.316506750882
17413284	2725		5195.747775502503
17414274	2715		5306.304710231721
17415275	2676		5385.695231825113
17416307	2693		5331.439192168415
17417323	2661		5361.11682099849
17418333	2629		5388.9534666240215
17419366	2617		5348.537057578564
17420408	2645		5348.012894697487
17421426	2648		5449.622868210077
17422444	2665		5394.632169313729
17423507	2719		5347.667412318289
17424531	2710		5326.003397844732
17425532	2664		5285.580605685711
17426528	2646		5255.740933232009
17427621	2722		5462.012741453946
17428669	2760		5521.546885579824
17429674	2754		5519.330273896456
17430747	2798		5569.38631311059
17431774	2792		5547.667242005467
17432829	2828		5656.78856369853
17433781	2752		5679.523642323911
17434863	2807		5628.389920651913
17435860	2788		5605.902499206364
17436832	2736		5479.353170543909
17437878	2733		5433.395865395665
17438887	2735		5524.317926473916
17439859	2698		5476.412789322436
17440938	2742		5560.584017448127
17441962	2761		5440.261442132294
17443045	2799		5425.846392430365
17444092	2824		5438.539544083178
17445195	2911		5601.518545165658
17446237	2933		5789.406424865127
17447253	2938		5865.508593983948
17448181	2825		5772.771136529744
17449224	2862		5724.438047967851
17450278	2890		5783.615369208157
17451381	2959		5712.697337575257
17452449	2983		5804.9370568320155
17453533	3030		5970.948383122683
17454575	3044		6097.554075926542
17455624	3049		6166.2040721699595
17456679	3061		6139.850658297539
17457692	3065		6093.257475093007
17458691	3046		6052.132394015789
17459720	3057		6125.528416544199
17460733	3038		6191.998270094395
17461734	3016		6143.26370921731
17462748	2989		6017.553068265319
17463734	2951		5890.420894086361
17464644	2853		5889.25001655519
17465686	2857		5945.145296245813
17466747	2878		5769.499632276595
17467825	2937		5734.943373531103
17468800	2907		5683.838881753385
17469900	2984		5852.759992949665
17470944	3023		5922.37363871187
17471973	3049		5873.8550920039415
17472978	3007		5852.43240185827
17474003	2981		5943.520951837301
17475005	2981		5990.961009897292
17475977	2932		5933.696396827698
17477091	3020		5929.528631165624
17478112	3006		5984.360255457461
17479060	2948		5861.389585584402
17480003	2847		5871.990282163024
17481072	2906		5853.327307976782
17482098	2898		5792.111266463995
17483228	2984		5843.054147996008
17484269	3006		5798.529671281576
17485247	2974		5861.96193330735
17486240	2940		5821.400492399931
17487219	2867		5863.083650961518
17488220	2855		5740.5675978809595
17489251	2879		5857.462245710194
17490246	2854		5750.711738817394
17491207	2814		5749.2144164294
17492221	2791		5765.5861523374915
17493231	2796		5750.0024487525225
17494242	2799		5629.149207428098
17495242	2748		5577.376760326326
17496267	2724		5511.267121650279
17497304	2732		5464.33721601963
17498350	2743		5494.959078326821
17499392	2774		5556.975372843444
17500420	2778		5572.630579441786
17501436	2747		5620.286785185337
17502446	2726		5607.043438844383
17503473	2709		5534.051096901298
17504533	2756		5459.3402661159635
17505608	2803		5515.42742639035
17506622	2797		5512.118418782949
17507622	2764		5498.325606688857
17508697	2838		5470.95009277761
17509756	2867		5528.044050015509
17510780	2865		5535.052480250597
17511768	2836		5670.906059682369
17512735	2791		5620.783983506262
17513707	2756		5642.378862909973
17514589	2629		5487.354173362255
17515644	2649		5459.225735083222
17516623	2622		5365.2383775785565
17517591	2578		5250.9888869524
17518578	2555		5222.907176442444
17519618	2564		5048.778528437018
17520554	2459		4966.835830010474
17521522	2423		5018.112826503813
17522597	2448		4888.60263825953
17523562	2379		4672.513944096863
17524653	2447		4855.316027164459
17525625	2397		4810.316329859197
17526556	2297		4761.085927590728
17527608	2341		4889.762120530009
17528613	2328		4768.320954941213
17529573	2274		4678.724621221423
17530641	2318		4620.13651189208
17531710	2387		4576.92849881947
17532727	2385		4520.982130177319
17533795	2446		4766.238400153816
17534786	2434		4818.451213218272
17535788	2435		4877.110816866159
17536809	2444		4958.454550839961
17537878	2470		4966.289598964155
17538883	2444		4864.152557626367
17539919	2447		4924.259164057672
17540970	2474		4999.204165786505
17541958	2458		4989.492276675999
17542962	2436		4873.282302170992
17544014	2449		4922.8387720659375
17545058	2450		4782.696397989988
17546045	2398		4722.63273870945
17547064	2414		4756.370353035629
17548077	2407		4765.201317563653
17549106	2380		4756.82330378145
17550128	2371		4739.58951484412
17551163	2389		4707.152332738042
17552168	2355		4613.284684367478
17553193	2356		4574.499047674239
17554220	2379		4650.807389065623
17555206	2361		4635.604564726353
17556246	2370		4797.784314185381
17557240	2322		4672.863483071327
17558312	2381		4738.888438127935
17559404	2442		4733.479575894773
17560402	2432		4785.5287370458245
17561445	2437		4811.930673502386
17562443	2409		4680.628585346043
17563430	2395		4747.725406549871
17564473	2393		4861.645694814622
17565479	2376		4848.4587797001
17566476	2369		4824.129008822143
17567510	2373		4801.230583369732
17568572	2401		4798.058085821569
17569595	2413		4853.562315896153
17570638	2412		4747.24913983047
17571768	2483		4914.9742569848895
17572845	2538		4963.121091559529
17573843	2518		4957.482472844422
17574886	2523		5064.0845882073045
17575938	2526		4955.047541856766
17576935	2492		4930.18320248276
17577908	2446		4893.859410099685
17579008	2507		4987.558165885508
17580033	2500		4981.403146110475
17581109	2551		5079.227504357696
17582163	2592		5125.561748825014
17583250	2643		5256.307322658598
17584238	2604		5344.611129768193
17585305	2668		5500.943524241447
17586290	2653		5514.347068749368
17587241	2587		5436.654359064996
17588295	2602		5394.852828428149
17589365	2662		5342.201131746173
17590392	2668		5344.4052602648735
17591456	2730		5362.106709457934
17592479	2729		5285.132659882307
17593526	2731		5326.170967690647
17594599	2778		5455.588933862746
17595615	2793		5560.587544642389
17596673	2817		5526.949291981757
17597727	2835		5600.80563095957
17598711	2813		5645.386894509196
17599651	2712		5584.041463010013
17600623	2676		5589.132857963443
17601679	2693		5455.275505453348
17602681	2685		5486.661938562989
17603761	2728		5604.046259991825
17604811	2731		5568.936164267361
17605842	2726		5517.219845242798
17606909	2768		5533.185914859176
17607946	2778		5438.832489527762
17609021	2805		5483.273727312684
17610101	2830		5606.036245577037
17611081	2807		5680.168874695897
17612149	2852		5725.197311155498
17613209	2894		5744.571636110544
17614200	2878		5731.001611113548
17615238	2916		5743.589081570506
17616253	2922		5763.158653147519
17617336	2981		5807.645124487579
17618329	2955		5829.008063815534
17619391	2988		5865.524974361062
17620535	3097		6059.202143244445
17621498	3042		6033.809080123901
17622518	3029		6118.521543703973
17623512	3020		6198.705511882901
17624535	3037		6101.042856067419
17625583	3063		6090.412313878536
17626529	2981		6018.698759809136
17627541	2939		5961.221058130264
17628643	2995		5979.542916625738
17629568	2886		5692.985073804855
17630645	2922		5743.454910516739
17631717	2951		5845.025421746075
17632681	2877		5758.074525907636
17633658	2843		5777.706063091755
17634759	2909		5857.616138905287
17635800	2922		5694.014393724501
17636827	2919		5711.8761249780655
17637866	2931		5986.651974737644
17638879	2924		6100.045379713178
17639883	2906		5996.179633565247
17640987	2977		5949.128943406045
17642014	2987		5828.482887409627
17643120	3056		5881.816843241453
17644155	3082		6160.717415615916
17645141	3034		6165.391379274428
17646208	3087		6197.194795027375
17647196	3062		6131.643514491618
17648169	3023		5993.709090039134
17649289	3113		6059.202215977013
17650359	3131		6026.797770433128
17651403	3139		6119.750461369753
17652482	3181		6358.6386109218
17653425	3119		6423.51674772799
17654494	3148		6407.499246425927
17655490	3092		6350.400555424392
17656503	3072		6284.825921550393
17657478	3023		6262.74304638803
17658445	2986		6160.380534619093
17659535	3067		6276.662975765765
17660553	3055		6261.4538278877735
17661542	3039		6180.994748905301
17662540	3013		6110.150882355869
17663579	3035		6116.938066713512
17664554	3010		6097.3178569972515
17665560	2994		6054.692535467446
17666597	2991		5942.103707894683
17667582	2927		5869.594891957939
17668615	2947		5897.888117030263
17669662	2954		5839.975188307464
17670673	2961		5754.989355824888
17671683	2954		5923.874632202089
17672703	2956		5908.705405779183
17673769	2994		5893.680406525731
17674740	2950		5703.1843451038
17675750	2913		5758.602529115975
17676773	2918		5941.9416772946715
17677837	2966		5994.678753182292
17678862	2978		6051.376446150243
17679817	2904		5964.8156926855445
17680888	2969		6029.9272229895
17681884	2949		5944.798088274896
17683063	3116		6061.883268617094
17684150	3189		6259.25590147078
17685108	3133		6200.410396151245
17686076	3088		6343.018956542015
17687020	3015		6178.00701431185
17688060	3049		6158.355306252837
17689131	3105		6086.465772114694
17690153	3120		6076.007760070264
17691172	3081		6129.080714188516
17692166	3045		6118.96319565922
17693221	3056		6185.605418078601
17694242	3043		6025.176534421742
17695223	3013		6009.82166582346
17696286	3034		6039.5754180029035
17697258	2997		5951.625351585448
17698276	3008		5908.731743335724
17699266	2981		5915.664732888341
17700200	2909		5927.48839391768
17701244	2934		6024.426847569644
17702272	2952		5969.970998719335
17703275	2930		5812.734024904668
17704268	2923		5799.017540231347
17705267	2876		5740.772461913526
17706274	2858		5699.782206229866
17707280	2858		5685.350506439805
17708223	2753		5662.94319562614
17709238	2758		5565.690915904939
17710236	2725		5493.884122163057
17711244	2722		5430.009319789708
17712204	2654		5406.403052054346
17713229	2676		5474.798893228173
17714269	2681		5465.173258282244
17715212	2611		5297.362155936658
17716241	2605		5277.768213875592
17717245	2573		5152.303673073649
17718232	2542		5052.133657574654
17719322	2632		5259.815416947007
17720311	2597		5082.876281373203
17721236	2509		5170.086705595255
17722279	2501		5167.876872040331
17723341	2516		5077.616407305002
17724341	2491		5017.117951653898
17725309	2413		4986.625826977193
17726296	2388		4916.374654367566
17727403	2456		4847.166358619928
17728411	2413		4872.021914891899
17729394	2396		4883.377633333206
17730516	2487		5011.161558136344
17731536	2476		4885.49282284826
17732553	2481		4853.387460149825
17733666	2572		5037.30828653276
17734667	2557		5068.42160140723
17735620	2496		4996.001497194171
17736660	2500		4922.208093054593
17737687	2500		4860.795200191438
17738729	2516		4974.824806846678
17739740	2524		5013.250055626035
17740803	2583		4961.585815399885
17741810	2536		5043.164968214929
17742798	2521		5074.502187222242
17743831	2541		5066.030603714287
17744858	2562		5119.683322839439
17745825	2513		5099.331748701632
17746931	2577		5268.343547217548
17747969	2568		5317.909217052162
17749009	2606		5294.904819205403
17750056	2620		5190.766836754978
17751075	2636		5280.899640314281
17752044	2587		5303.125369951129
17753016	2537		5148.227240607142
17754024	2522		5048.633926205337
17755012	2497		4908.417048148811
17756042	2487		4988.330597065389
17757164	2604		5133.1024765223265
17758147	2545		4990.229948200285
17759172	2533		5097.288593612611
17760265	2571		5103.089234255254
17761248	2543		4985.326292127371
17762222	2494		4873.605782710016
17763226	2466		4929.875337153673
17764190	2414		4887.465057887137
17765184	2365		4752.7631271258
17766196	2327		4801.865906134248
17767120	2245		4604.788213595748
17768144	2232		4581.478001490235
17769138	2218		4546.886074073613
17770232	2269		4561.217849574983
17771301	2319		4581.744051486254
17772277	2273		4608.302140310407
17773296	2267		4505.139418795705
17774330	2293		4471.939370945096
17775314	2241		4411.295200131834
17776299	2190		4443.324610210955
17777353	2236		4533.116632580757
17778325	2188		4337.736414156854
17779361	2203		4340.005335345864
17780417	2228		4509.782623544335
17781375	2153		4391.42997353524
17782437	2178		4450.765274249017
17783456	2167		4301.087923668325
17784485	2167		4321.916628852487
17785435	2108		4276.0258031487465
17786480	2131		4173.230574116111
17787512	2136		4125.901177942753
17788498	2103		4272.476858191192
17789555	2112		4314.230693548918
17790602	2135		4250.823996275663
17791553	2083		4254.50394526124
17792614	2123		4283.686154954135
17793584	2070		4155.902635276318
17794601	2053		4233.217677734792
17795669	2095		4217.49159964174
17796755	2150		4186.801668137312
17797829	2178		4222.848299369216
17798823	2168		4297.15322868526
17799837	2135		4377.77658508718
17800829	2093		4266.113940171897
17801843	2101		4207.067638620734
17802853	2066		4081.3595967292786
17803863	2055		4185.079692140222
17804903	2066		4240.430259376764
17805888	2044		4133.487065017223
17806889	2044		4128.025375306606
17807962	2105		4158.213947512209
17809021	2149		4143.75365870446
17810061	2180		4144.539349257946
17811040	2147		4144.477928265929
17812104	2195		4287.265409998596
17813104	2160		4381.760641276836
17814125	2159		4383.520223304629
17815182	2170		4272.955762937665
17816244	2193		4321.021930903196
17817358	2280		4534.964967057109
17818478	2366		4671.314286760986
17819495	2377		4743.496662370861
17820529	2379		4734.051820978522
17821571	2421		4809.371456481516
17822568	2380		4839.869790636003
17823648	2445		4986.921071603894
17824657	2426		4899.200251661241
17825696	2436		5022.758806087077
17826672	2391		4981.749672703445
17827686	2398		4813.932112522423
17828672	2373		4780.064777269959
17829737	2400		4804.0978868454695
17830854	2470		4909.425729520619
17831860	2422		4901.282069034874
17832871	2392		4829.3941325470805
17833862	2382		4773.463372908533
17834916	2411		4702.638601116836
17835952	2420		4737.5516319051385
17836969	2400		4808.3135719150305
17838025	2453		4946.601909160614
17839049	2433		4955.867292679846
17840146	2520		4952.982361808419
17841090	2451		4959.745545603335
17842112	2449		4877.706141538918
17843221	2511		5000.613005578518
17844276	2566		4888.862533397973
17845315	2595		5112.938255019486
17846334	2609		5135.010173723102
17847400	2638		5183.332091540098
17848391	2587		5154.522471383214
17849370	2536		5113.183476895094
17850385	2498		5018.894674137235
17851403	2506		4996.623981624842
17852456	2544		5002.6848957538605
17853411	2487		4987.12685983628
17854460	2505		4949.368196263909
17855362	2383		4991.0670457184315
17856428	2416		4905.86703813076
17857524	2480		4948.065436176956
17858493	2431		4833.027016982436
17859549	2478		4922.842975653708
17860635	2541		4815.017051771283
17861683	2571		4945.021742217243
17862765	2614		5086.215893566608
17863749	2597		5129.708092644811
17864771	2582		5166.065535970032
17865798	2578		5178.804253749549
17866811	2590		5111.745295807719
17867854	2626		5084.2109816893935
17868904	2659		5211.775051511824
17869895	2628		5226.160253189504
17870962	2685		5322.782174319029
17871970	2664		5275.838521845639
17872929	2588		5219.078924618661
17873933	2560		5232.162650704384
17874990	2574		5151.039492584765
17875963	2513		5080.67716845125
17877013	2531		5036.674117974937
17877955	2466		4987.842850588262
17878971	2430		4872.39307192713
17879983	2418		4821.025966860354
17881055	2456		4782.737212508917
17882035	2391		4733.694286972284
17883078	2411		4800.224470175803
17884120	2432		4828.299057215452
17885079	2384		4834.936120696366
17886080	2373		4752.584618292749
17887168	2428		4795.486909888685
17888300	2505		4876.997021004558
17889310	2481		4942.050389930606
17890296	2453		5051.899232566357
17891320	2437		5006.81386552006
17892332	2408		4866.933080017567
17893347	2400		4760.644693866372
17894352	2394		4764.3333634883165
17895328	2348		4702.586411207914
17896424	2425		4780.5018967315555
17897512	2501		4754.307456322014
17898606	2580		4861.4004093930125
17899618	2575		5038.8644549027085
17900616	2545		5152.424290202558
17901720	2605		5185.237664118409
17902698	2578		5088.679299667478
17903684	2557		5156.304405890405
17904704	2569		5142.37750364095
17905699	2541		5076.258715808392
17906722	2539		5076.083311975002
17907796	2559		5052.105222851038
17908752	2515		5033.437941819429
17909762	2517		5227.394974336028
17910767	2496		5090.884109385312
17911816	2534		5081.598737776279
17912821	2491		5065.179298140109
17913886	2551		5151.383964590728
17914919	2541		5024.706388950348
17915916	2532		4995.99249856174
17916888	2465		4945.236218892038
17917875	2420		4919.975742012262
17918831	2337		4778.465339533985
17919925	2404		4949.828587919474
17920941	2375		4703.8409436792135
17922036	2446		4788.610905557871
17923173	2532		4901.018862508237
17924153	2469		4849.259587779641
17925187	2497		4945.245025463402
17926252	2534		5047.709370903671
17927294	2566		5131.115938939154
17928319	2588		5151.711406573653
17929339	2576		5029.072016127408
17930425	2628		5187.325391151011
17931480	2641		5154.182476840913
17932489	2638		5304.912795610726
17933632	2729		5447.591465853155
17934570	2666		5281.136776901782
17935613	2693		5386.460149347782
17936675	2751		5461.760496720672
17937679	2723		5534.096948556602
17938732	2728		5516.6621998772025
17939723	2702		5495.791598945856
17940739	2701		5416.015767797828
17941865	2805		5383.601192474365
17942853	2766		5354.146232135594
17943908	2775		5428.60071323812
17944904	2743		5506.113236516714
17945964	2754		5386.274543195963
17946943	2724		5365.52003826946
17947884	2645		5224.800947055221
17949022	2732		5576.004670724273
17950057	2732		5420.296170935035
17951089	2741		5487.862314015627
17952098	2749		5420.672190904617
17953076	2709		5492.577347360551
17954256	2889		5659.665717229247
17955208	2811		5479.982055731118
17956300	2893		5611.355709083378
17957337	2909		5685.037019275129
17958379	2946		5774.088544487953
17959393	2918		5851.574106603861
17960448	2949		5872.384885422885
17961418	2919		5804.356600314379
17962487	2931		5745.57056376338
17963428	2849		5863.310026817024
17964363	2764		5652.749302901328
17965406	2790		5714.639909669757
17966404	2749		5625.847953327
17967427	2743		5493.049089543521
17968493	2774		5553.9409799054265
17969547	2788		5510.062959522009
17970591	2797		5539.324199281633
17971504	2682		5545.500515304506
17972494	2643		5486.824842937291
17973495	2584		5331.56682100147
17974493	2557		5089.515665203333
17975589	2649		5260.270644158125
17976604	2641		5136.343398541212
17977569	2586		5171.995537482202
17978581	2579		5205.024835012853
17979615	2580		5061.1337364166975
17980617	2581		5215.638748027384
17981591	2534		5157.7419225052
17982561	2473		5105.202546015382
17983529	2439		5072.999295473099
17984523	2399		4922.635052591562
17985477	2322		4826.75917994976
17986514	2345		4788.344573177397
17987629	2421		4751.679701320827
17988690	2481		4879.011487424374
17989636	2410		4787.303985148668
17990554	2315		4774.169243201613
17991588	2344		4857.594958998263
17992568	2317		4651.696362182498
17993643	2354		4666.301002986729
17994774	2446		4708.81321080029
17995741	2386		4653.584441557527
17996739	2358		4808.823429726064
17997778	2356		4895.197320885956
17998864	2406		4767.4426227808
17999815	2323		4583.855882234871
18000800	2293		4596.476420201361
18001828	2312		4589.230119124055
18002822	2262		4472.45226469636
18003757	2173		4405.997031338513
18004818	2186		4496.594816476107
18005831	2147		4367.041927061975
18006870	2166		4244.542255155742
18007829	2110		4212.081212721765
18008801	2077		4241.113322943449
18009785	2048		4183.6230454444885
18010810	2057		4099.040721490979
18011883	2105		4115.732974462211
18012888	2074		4094.925074517727
18013882	2049		4115.96117080003
18014850	1996		4161.878847323358
18015864	1959		4047.180408656597
18016890	1977		3859.272944331169
18017845	1926		3892.8609539344907
18018827	1863		3842.1183445602655
18019867	1846		3739.9428261071444
18020935	1907		3687.7904035672545
18021945	1891		3666.29297208786
18023002	1911		3799.413601964712
18023965	1859		3803.6665212735534
18025085	1952		3816.1314760670066
18026059	1898		3739.084403589368
18027136	1951		3884.857343003154
18028167	1965		3948.430189371109
18029158	1905		3985.7469956725836
18030190	1929		4031.7755288630724
18031135	1872		3896.4809149205685
18032136	1870		3828.4036392718554
18033104	1817		3694.503770455718
18034168	1869		3727.394218482077
18035121	1810		3659.6861770674586
18036166	1808		3587.415967963636
18037166	1798		3524.325604364276
18038250	1830		3596.354493469
18039289	1863		3602.384584017098
18040371	1896		3674.8279226720333
18041340	1835		3589.1071824654937
18042442	1890		3660.845626614988
18043447	1873		3690.915495939553
18044507	1893		3761.147780716419
18045564	1920		3788.8989315256476
18046724	2034		3949.0338557064533
18047837	2100		4039.934425674379
18048834	2040		4175.505518078804
18049797	1977		4138.309322208166
18050862	2032		4107.877866104245
18051831	1981		3998.889544084668
18052903	2021		4044.11251719296
18053867	1959		3923.259498089552
18054915	1982		3921.5049097314477
18055866	1928		3782.837833993137
18056894	1943		3840.084631241858
18057961	1964		3836.34157653898
18058950	1917		3944.728146389127
18060051	1993		3988.9726763889194
18061100	1992		3796.4463734552264
18062123	1967		3893.918235592544
18063156	1973		3929.970379218459
18064152	1965		3883.53699413687
18065160	1970		3915.8190203532577
18066184	1955		3943.852927774191
18067215	1933		3928.8315483629704
18068255	1965		3994.5623829439282
18069277	1985		3913.7220291495323
18070317	2011		4005.805377148092
18071389	2039		4022.224278986454
18072384	2017		4001.000196389854
18073382	1987		3983.5012674853206
18074434	2017		4027.70540073514
18075526	2076		4080.9087450653315
18076620	2145		4125.476375818253
18077610	2126		4188.43800227344
18078622	2094		4249.497669048607
18079564	2036		4236.594504237175
18080580	2018		4211.288715034723
18081624	2026		4101.438436828554
18082614	2001		4043.1796866580844
18083668	2019		4032.5673847571015
18084649	1982		4004.7945075035095
18085677	1949		4060.8808886408806
18086755	1981		4093.085640721023
18087762	1988		4013.977324567735
18088797	2023		4072.9271697402
18089792	1990		3909.492481701076
18090913	2099		4061.844286739826
18091925	2094		4239.061788089573
18092966	2086		4179.98364931345
18093982	2085		4165.712713614106
18094921	2019		4093.9652046635747
18095947	1996		4065.965427018702
18096943	1956		3935.1926799938083
18097923	1935		3908.823801264167
18098923	1919		3854.0312763229012
18099924	1894		3777.4407766386867
18100882	1847		3738.107976026833
18101887	1843		3796.666736997664
18102888	1803		3728.7758452147245
18103895	1794		3558.490160241723
18104950	1827		3556.6371191963553
18105959	1828		3614.9681492596865
18106972	1792		3619.4111648872495
18108012	1818		3686.4946002215147
18109117	1863		3722.2265788316727
18110245	1961		3895.2285892292857
18111210	1922		3854.1334561407566
18112305	1981		3918.2607741579413
18113378	2038		3960.074157550931
18114439	2049		4044.1676471307874
18115490	2097		4158.891550846398
18116509	2097		4147.730301827192
18117497	2077		4136.66997448355
18118496	2073		4172.7058717012405
18119509	2042		4145.899213217199
18120559	2084		4228.82795561105
18121582	2068		4186.8232286944985
18122606	2068		4137.840050242841
18123599	2016		4095.751522488892
18124605	2013		4132.604202374816
18125644	2008		4011.8759603202343
18126629	1957		3953.1013869270682
18127612	1911		3982.158166088164
18128609	1877		3871.0882463678718
18129683	1924		3800.626531265676
18130756	1956		3817.9635693132877
18131801	1973		3904.509234763682
18132794	1938		3910.649941198528
18133866	1994		3890.9904683083296
18134930	2019		3875.9959804713726
18135921	1986		3999.2291879728436
18136910	1934		3905.862452082336
18137922	1937		3873.6746131777763
18138999	1966		3859.545397333801
18140043	1978		3896.7107945159078
18141083	2011		3954.302375137806
18142175	2074		3988.8779241219163
18143228	2098		4032.632578611374
18144177	2042		3978.42583976686
18145185	1990		3974.197437018156
18146264	2045		4008.850612297654
18147381	2109		4113.282139338553
18148352	2056		4140.291857689619
18149379	2071		4146.000805966556
18150493	2126		4161.6926160007715
18151513	2138		4207.047489672899
18152567	2152		4258.862425193191
18153588	2135		4208.016107328236
18154574	2089		4186.773441947997
18155637	2123		4253.016185857356
18156676	2134		4259.794343940914
18157660	2096		4261.736553952098
18158801	2192		4319.8953834325075
18159824	2184		4335.763959042728
18160791	2145		4412.9682784080505
18161828	2156		4416.763139523566
18162829	2092		4224.8297857791185
18163854	2095		4150.972238883376
18164888	2088		4158.397742293775
18165955	2110		4325.549453556538
18166885	2032		4265.593686208129
18167838	1951		4128.105349257588
18168849	1918		3899.6054578647017
18169862	1923		3780.851480215788
18170893	1947		3918.3519025221467
18171947	1989		4012.4866159781814
18172981	1998		3923.411451742053
18174024	2021		3984.455152474344
18175015	1985		4005.3714165836573
18176038	2000		3970.130903415382
18177061	1974		3858.6984016746283
18178103	2011		3886.8073944970965
18179242	2122		4106.880380444229
18180300	2165		4129.218193598092
18181389	2211		4216.483050271869
18182455	2260		4413.160779722035
18183503	2286		4536.241293363273
18184602	2340		4648.454021431506
18185574	2306		4703.833796352148
18186578	2278		4689.728160858154
18187636	2311		4611.336281612515
18188582	2249		4493.662235334516
18189572	2202		4522.927854932845
18190581	2201		4441.072165325284
18191621	2212		4420.951927140355
18192606	2168		4352.22354747355
18193597	2133		4386.843379847705
18194761	2255		4526.851213529706
18195864	2328		4434.812625847757
18196964	2407		4579.227995097637
18197945	2357		4610.070927508175
18198995	2393		4793.797222919762
18200107	2478		4958.330784678459
18201095	2429		5014.0117471292615
18202133	2430		5007.066050335765
18203224	2493		4970.329143151641
18204263	2522		4983.6994168534875
18205344	2578		5058.644213490188
18206372	2552		4983.087366223335
18207329	2477		4995.34942997992
18208301	2401		5002.569868765771
18209353	2442		5056.3796225860715
18210388	2449		4956.133827991784
18211357	2414		4908.560434632003
18212402	2436		4974.056146942079
18213356	2347		4633.886958271265
18214308	2251		4623.81602267921
18215351	2257		4624.346553452313
18216425	2326		4654.615608602762
18217424	2286		4509.493487223983
18218414	2238		4477.228182017803
18219475	2266		4538.719811551273
18220502	2245		4500.773789539933
18221496	2212		4501.9272631928325
18222519	2224		4436.448569312692
18223550	2255		4366.9749310314655
18224507	2188		4464.213689573109
18225486	2161		4468.657877460122
18226559	2189		4405.0749175697565
18227489	2068		4321.898770727217
18228528	2087		4331.102588653564
18229582	2123		4290.244490318
18230642	2146		4255.032632522285
18231705	2176		4306.2582646384835
18232709	2153		4286.688626378775
18233640	2064		4144.595986798406
18234660	2033		4157.580758757889
18235643	2002		4092.762029260397
18236691	1996		4018.5393380001187
18237699	1969		3921.6248728483915
18238721	1986		3921.5585403591394
18239780	2009		3955.6224006339908
18240808	1995		3917.8698354139924
18241831	2003		3882.6647507473826
18242806	1972		3951.2336016595364
18243821	1947		4019.391240619123
18244841	1964		3939.65778850019
18245829	1936		3838.230041719973
18246751	1853		3806.3664686456323
18247846	1927		3893.025819338858
18248876	1937		3962.4339820444584
18249921	1928		3911.278215557337
18251025	1983		3992.0342736914754
18251962	1902		3934.401310503483
18253014	1932		3970.9283915385604
18253970	1869		3816.647795125842
18254981	1860		3781.3798767775297
18255945	1806		3647.3594744354486
18257006	1827		3674.491030663252
18258018	1795		3610.3652574718
18258994	1739		3579.9020836874843
18260032	1749		3465.830489680171
18261034	1705		3330.6576470583677
18262109	1740		3434.383513748646
18263100	1706		3487.3480261564255
18264104	1702		3467.996767103672
18265036	1612		3221.9711399003863
18266099	1642		3278.439856171608
18267126	1663		3350.596764013171
18268122	1658		3251.108535028994
18269162	1693		3267.431098200381
18270199	1715		3279.3445094898343
18271243	1718		3392.0957807824016
18272257	1678		3293.724507622421
18273237	1650		3336.7108400836587
18274320	1700		3306.057726472616
18275374	1724		3394.774051450193
18276398	1697		3423.479905284941
18277440	1696		3329.1673963814974
18278494	1704		3333.8333733156323
18279488	1695		3396.180839084089
18280482	1653		3331.687588401139
18281467	1617		3297.4513358920813
18282476	1613		3274.6780273914337
18283621	1736		3382.235330246389
18284659	1724		3469.6893141642213
18285669	1725		3444.64600751549
18286732	1735		3425.8172280937433
18287746	1700		3451.3807232901454
18288819	1742		3533.078602217138
18289939	1826		3597.299300953746
18290990	1862		3672.8026292175055
18292103	1931		3732.107260875404
18293187	1987		3898.4984923005104
18294160	1958		4022.068878978491
18295213	1955		3957.5828970372677
18296183	1891		3826.479465916753
18297239	1929		3856.219130732119
18298190	1876		3825.9435889944434
18299231	1888		3863.4324562102556
18300248	1899		3831.3940429911017
18301353	1959		3890.3374362513423
18302416	1976		3966.621134996414
18303380	1925		3962.8462698459625
18304434	1957		3951.9322551861405
18305408	1908		3848.1507350727916
18306401	1845		3728.4355496764183
18307432	1852		3661.6576796248555
18308454	1846		3654.736779436469
18309459	1844		3731.0386221185327
18310490	1850		3730.8080051243305
18311493	1842		3606.801219239831
18312555	1877		3710.772503465414
18313527	1819		3706.89318113029
18314589	1824		3678.7823166921735
18315669	1868		3732.4060110598803
18316745	1931		3814.4278145059943
18317765	1935		3900.007050037384
18318834	1966		3932.5723739489913
18319848	1974		3897.5633205622435
18320898	1995		3960.057899788022
18321959	2003		3995.528385452926
18323018	2007		3958.375710301101
18324026	1999		3978.4317288175225
18325030	1983		3945.7699258476496
18326028	1937		3864.238208435476
18327126	1979		3871.7045774534345
18328105	1944		3847.4843600839376
18329137	1976		4018.6092251464725
18330118	1953		3993.3465308323503
18331083	1909		3839.211800582707
18332104	1921		3765.7641550302505
18333253	2034		3953.5798369050026
18334278	2032		3914.963763013482
18335360	2101		4072.8177956715226
18336426	2147		4196.2516296207905
18337441	2139		4176.925899960101
18338533	2203		4282.008245661855
18339539	2169		4227.790678322315
18340511	2114		4292.08028434217
18341569	2128		4290.830508612096
18342537	2083		4138.184020861983
18343508	2027		4085.6724423989654
18344481	2000		4145.3223217353225
18345539	2054		4140.013402372599
18346526	2007		4134.3149797692895
18347534	1984		4167.4576137289405
18348505	1946		3924.624786414206
18349502	1917		3803.6148350834846
18350550	1945		3786.6286298036575
18351594	1961		3865.8167232573032
18352550	1899		3875.676305629313
18353503	1851		3794.71424600482
18354551	1870		3724.8145484924316
18355570	1872		3723.532675497234
18356617	1861		3659.1440876945853
18357585	1783		3721.909418463707
18358582	1769		3762.6837892606854
18359686	1825		3708.9524921625853
18360625	1742		3555.37920050323
18361633	1721		3519.0214765891433
18362643	1698		3492.638758778572
18363682	1706		3457.4766382351518
18364607	1587		3361.964156255126
18365632	1584		3216.6722716987133
18366689	1611		3206.6253071278334
18367649	1530		3157.9138111174107
18368672	1546		3110.4380074962974
18369625	1497		3073.975058428943
18370639	1499		3061.451066739857
18371741	1554		3013.770310871303
18372795	1573		3098.283210992813
18373816	1547		3195.584360562265
18374826	1525		3067.8452714532614
18375773	1462		2888.6478974819183
18376737	1378		2836.012583144009
18377728	1341		2722.06106390059
18378754	1334		2612.892196469009
18379824	1388		2775.2312143966556
18380835	1361		2737.2451354190707
18381850	1333		2708.6739614233375
18382896	1346		2752.2917954325676
18383955	1378		2597.6219891160727
18384986	1383		2857.901791602373
18386069	1434		2850.993128955364
18386998	1320		2766.7020150646567
18388120	1440		2756.0203242450953
18389156	1469		2765.229551933706
18390224	1535		3029.866862460971
18391280	1547		3106.6313689798117
18392308	1571		3061.758197516203
18393280	1526		2969.5180456489325
18394284	1506		2971.8902521803975
18395344	1534		3037.6411242187023
18396332	1505		2841.3954862877727
18397385	1502		2983.122820854187
18398287	1395		2874.513936854899
18399355	1440		2767.257660828531
18400345	1390		2860.5531183332205
18401467	1485		2945.994082018733
18402473	1456		3007.414155125618
18403593	1544		3125.0555085912347
18404616	1552		3068.4520499780774
18405711	1620		3179.2192256227136
18406785	1668		3208.6682818830013
18407850	1707		3271.965687535703
18408932	1770		3482.0585442632437
18409922	1726		3426.7394943907857
18410982	1748		3410.728469707072
18412029	1785		3454.0640734508634
18413069	1808		3644.491290844977
18414076	1795		3673.201537132263
18415100	1798		3613.2590690255165
18416097	1775		3487.115270808339
18417151	1806		3502.567617967725
18418188	1832		3536.3539087995887
18419242	1851		3650.0975583791733
18420318	1908		3789.2399525642395
18421365	1920		3827.104245260358
18422405	1918		3763.005139403045
18423466	1942		3745.3944047540426
18424515	1943		3884.1051651984453
18425532	1935		3823.538116030395
18426586	1964		3879.581300854683
18427665	1998		4015.8687798157334
18428679	1989		4107.671487890184
18429733	2041		4008.146062940359
18430722	2011		3920.446492150426
18431672	1947		4019.408915825188
18432719	1960		3895.037751927972
18433754	1952		3845.742291264236
18434713	1902		3918.6223286241293
18435850	2025		4000.008761934936
18436962	2113		4012.2789330482483
18437982	2125		4189.001707024872
18439061	2202		4393.263387531042
18440125	2213		4344.714294552803
18441230	2292		4430.283590242267
18442313	2327		4486.184769004583
18443378	2392		4694.806789837778
18444334	2314		4675.338437341154
18445376	2322		4749.032308131456
18446331	2276		4626.709135226905
18447345	2287		4514.906961157918
18448311	2229		4368.670277372003
18449300	2216		4361.627631649375
18450333	2226		4499.153067260981
18451348	2201		4390.945585027337
18452385	2184		4233.427875973284
18453467	2222		4287.11311160028
18454444	2183		4363.035164482892
18455454	2167		4331.971820868552
18456514	2207		4357.266777962446
18457472	2164		4282.723485045135
18458394	2084		4288.161010503769
18459380	2042		4357.647685788572
18460445	2085		4278.584103599191
18461548	2163		4282.420103870332
18462687	2252		4422.372497484088
18463734	2257		4365.69997549057
18464876	2374		4442.902294635773
18465839	2298		4470.381474412978
18466876	2309		4704.163571216166
18467865	2255		4685.594938196242
18468821	2210		4523.345916815102
18469801	2180		4404.613736316562
18470798	2163		4411.008368894458
18471804	2128		4273.522087298334
18472807	2118		4234.5964815840125
18473861	2150		4186.9567551240325
18474949	2230		4279.011055491865
18475939	2174		4264.132538706064
18476847	2060		4316.417170979083
18477888	2074		4227.910256691277
18478868	2032		4018.3439581245184
18479923	2035		4198.748542249203
18481024	2089		4251.378261484206
18482078	2110		4225.6868630722165
18483100	2124		4156.328483700752
18484066	2087		4202.241939693689
18485167	2144		4354.147642739117
18486258	2234		4381.000521235168
18487253	2205		4329.838189437985
18488298	2220		4415.606354959309
18489362	2259		4541.426840357482
18490434	2276		4512.425323270261
18491505	2333		4617.084601528943
18492538	2343		4538.896523587406
18493566	2355		4708.410285271704
18494529	2314		4786.833170056343
18495567	2318		4625.272255837917
18496628	2378		4557.262267701328
18497705	2454		4677.79988322407
18498646	2381		4798.883859880269
18499649	2374		4884.7174853459
18500671	2356		4774.98882522434
18501659	2322		4729.237990908325
18502632	2274		4515.296716354787
18503583	2206		4477.639258772135
18504625	2235		4476.783696264029
18505681	2259		4461.822383850813
18506679	2233		4422.454970300198
18507678	2199		4394.307064093649
18508698	2204		4371.728437207639
18509706	2184		4290.5813858658075
18510790	2252		4419.02059892565
18511698	2140		4287.771064311266
18512694	2134		4255.3569667339325
18513734	2138		4222.65209659189
18514769	2143		4328.223398633301
18515766	2122		4278.231234304607
18516763	2076		4188.3516706600785
18517861	2155		4226.802004210651
18518939	2218		4178.202099040151
18520069	2309		4383.893382459879
18521171	2373		4657.575483679771
18522256	2420		4860.40950641036
18523295	2456		4986.27442497015
18524365	2506		4934.105253703892
18525459	2562		5009.051325798035
18526486	2575		5023.573045998812
18527519	2591		5111.3537624031305
18528509	2576		5175.340668991208
18529514	2576		5084.658438928425
18530482	2533		5039.882351152599
18531443	2465		4987.638254232705
18532498	2478		5048.085146762431
18533461	2421		4902.029174357653
18534493	2401		4946.417299769819
18535534	2407		4886.981221884489
18536540	2398		4772.193360008299
18537681	2510		4806.849797390401
18538692	2501		4793.690866917372
18539641	2435		4874.323902070522
18540728	2475		4951.220317438245
18541706	2419		4890.533463865519
18542797	2487		4961.551170706749
18543808	2479		4912.887514941394
18544799	2445		4842.953543037176
18545825	2436		4916.282702483237
18546862	2447		5039.326315686107
18547981	2545		5192.24704130739
18549030	2568		5030.87927467376
18550077	2589		4929.333155095577
18551136	2596		5033.683286800981
18552140	2585		5092.915308885276
18553129	2554		5221.807808659971
18554105	2512		5173.895720392466
18555066	2437		5069.476946413517
18556068	2438		4957.9973904863
18557101	2455		4978.590093545616
18558122	2456		4908.965842589736
18559133	2458		4885.597987361252
18560127	2448		4898.396903805435
18561125	2441		4862.216173514724
18562148	2440		4790.4924854412675
18563169	2460		4835.662859328091
18564226	2493		4881.85587631166
18565147	2409		4987.581822775304
18566194	2446		4939.924970589578
18567140	2375		4769.510341390967
18568198	2394		4751.655787229538
18569211	2367		4780.160795688629
18570280	2383		4800.769586071372
18571291	2364		4779.794930078089
18572300	2339		4736.6708791852
18573345	2338		4716.519712969661
18574339	2281		4554.229410134256
18575412	2305		4573.444946452975
18576480	2364		4673.336919501424
18577598	2439		4820.31067225337
18578628	2436		4807.377123512328
18579628	2421		4695.26488417387
18580651	2434		4787.880276821554
18581694	2435		4727.968078888953
18582700	2381		4706.610052138567
18583748	2416		4778.898619569838
18584799	2412		4813.696680657566
18585742	2341		4781.2013831064105
18586801	2370		4837.207970499992
18587826	2395		4763.718888118863
18588831	2377		4674.395390756428
18589857	2361		4642.545816227794
18590930	2404		4682.128083199263
18591890	2344		4578.439455457032
18592900	2351		4634.927806913853
18593977	2396		4748.8707593381405
18594974	2346		4618.123892359436
18595978	2311		4603.827161647379
18597030	2332		4704.8903029337525
18598085	2362		4675.985639743507
18599205	2466		4797.17297129333
18600214	2432		4694.9990888908505
18601277	2453		4856.882473193109
18602403	2557		4989.064982965589
18603450	2578		5060.40001822263
18604563	2657		5140.811873532832
18605560	2632		5260.797717839479
18606571	2629		5303.528702408075
18607581	2597		5164.124616101384
18608621	2608		5154.30605879426
18609690	2672		5199.902400277555
18610742	2691		5297.752035081387
18611790	2684		5419.074706107378
18612782	2643		5408.04817327112
18613769	2627		5333.081935793161
18614763	2615		5232.272972151637
18615881	2707		5442.017539381981
18616890	2687		5329.032022155821
18617889	2646		5278.947246022522
18618947	2673		5346.52539049089
18619900	2625		5235.714231573045
18620973	2669		5328.404025755823
18621957	2624		5352.254651539028
18623008	2656		5389.843133203685
18624037	2678		5288.945007383823
18625031	2635		5187.6343108564615
18626118	2698		5317.0687247514725
18627139	2675		5363.16127294302
18628258	2754		5404.965053573251
18629325	2771		5574.718832656741
18630350	2768		5618.062788717449
18631357	2752		5646.924910403788
18632401	2786		5709.3848984614015
18633370	2753		5744.008466608822
18634412	2766		5727.9376062601805
18635455	2772		5645.601798683405
18636563	2833		5597.7568283081055
18637546	2776		5473.504113353789
18638560	2784		5479.352272562683
18639523	2704		5486.370159447193
18640555	2718		5528.142757996917
18641542	2656		5429.007502168417
18642498	2575		5311.97830311209
18643462	2497		5114.0412975773215
18644445	2475		5071.735455870628
18645526	2508		4990.554494194686
18646575	2503		4987.034681327641
18647616	2510		5030.704527594149
18648665	2527		5157.374469600618
18649669	2523		5156.858928881586
18650765	2579		5092.193308100104
18651761	2540		5047.707685023546
18652800	2536		5053.941676661372
18653750	2485		5054.988305531442
18654801	2529		5175.622745916247
18655839	2523		5101.697702430189
18656897	2581		5173.262234658003
18657882	2546		5139.387384220958
18658926	2573		4950.337586134672
18659968	2586		4965.967743471265
18660939	2523		4938.094145879149
18662051	2607		5196.729013442993
18663009	2544		5073.856742829084
18664059	2569		5157.541385106742
18665092	2576		5046.312764793634
18666046	2525		5053.179758794606
18667068	2544		5139.600796967745
18668100	2545		5106.875712282956
18669127	2558		5063.34683559835
18670067	2496		5098.6722171753645
18671161	2560		5231.101213507354
18672186	2555		5235.238366089761
18673239	2588		5113.199474602938
18674226	2563		5130.690983615816
18675225	2548		5255.175913929939
18676221	2518		5231.101777791977
18677204	2481		5009.989504262805
18678289	2552		4998.893051497638
18679386	2635		5113.024045273662
18680426	2641		5175.326588995755
18681481	2680		5390.065364949405
18682511	2677		5349.54363938421
18683495	2641		5352.102793909609
18684466	2586		5275.739500790834
18685454	2552		5263.55893316865
18686480	2563		5276.028722085059
18687476	2530		5225.396046951413
18688460	2469		5041.330066181719
18689520	2486		5067.883493483067
18690580	2533		5103.95922459662
18691598	2535		5114.2372857406735
18692604	2479		4982.37367734313
18693614	2445		4966.716156363487
18694689	2497		5017.469740480185
18695658	2466		4869.870080955327
18696638	2403		4867.892477422953
18697709	2448		4958.249490439892
18698750	2446		4814.44869184494
18699789	2467		4774.882971763611
18700756	2405		4813.95705153048
18701881	2504		4864.9985590949655
18702926	2505		4913.528584182262
18703947	2499		4994.7752355486155
18704953	2475		5030.287480741739
18706018	2513		5047.335626170039
18706991	2485		4985.465423949063
18708078	2559		5041.8698145747185
18709086	2559		5081.0163516402245
18710149	2587		5097.9701793417335
18711183	2571		5098.684327311814
18712195	2564		5111.427325442433
18713160	2528		5009.850068770349
18714262	2597		5073.280495464802
18715310	2609		5094.078437149525
18716377	2668		5262.424342989922
18717421	2672		5317.458338148892
18718471	2714		5345.20332596451
18719504	2734		5310.493864789605
18720578	2773		5411.405597507954
18721626	2766		5469.929799690843
18722566	2694		5423.89896210283
18723537	2629		5357.998283535242
18724601	2647		5331.652466729283
18725649	2678		5419.367096804082
18726703	2689		5342.130395397544
18727800	2743		5336.899871096015
18728821	2762		5366.61206882447
18729859	2787		5494.552968285978
18730875	2785		5596.659146822989
18731890	2769		5697.526626847684
18732973	2811		5629.197588689625
18733949	2769		5595.652963407338
18735040	2814		5572.603482708335
18736109	2839		5583.354777783155
18737073	2795		5481.805035538971
18738087	2805		5547.9854127168655
18739043	2752		5439.635402627289
18740016	2681		5393.272474557161
18740997	2644		5405.230014264584
18742045	2647		5307.946126975119
18743078	2647		5279.290296189487
18744066	2609		5256.002934984863
18745097	2614		5313.799173153937
18746195	2671		5295.237263336778
18747220	2651		5196.191848702729
18748218	2630		5236.092229664326
18749198	2587		5270.821075677872
18750238	2612		5334.482993669808
18751263	2616		5298.123503617942
18752219	2565		5219.515117585659
18753258	2598		5206.549981243908
18754240	2535		5224.853802129626
18755270	2525		5116.68889465183
18756192	2444		4987.829743631184
18757186	2435		4890.040090173483
18758205	2424		4962.480572685599
18759191	2408		4905.309490919113
18760252	2459		5009.976905107498
18761292	2448		4865.686388082802
18762304	2421		4897.792297907174
18763372	2469		4899.087987288833
18764446	2496		4905.773207478225
18765480	2502		4880.781445033848
18766539	2506		4971.890082724392
18767529	2461		5207.296765841544
18768476	2400		5005.630589649081
18769563	2473		5026.954517200589
18770604	2478		4852.704557672143
18771704	2561		4930.954419054091
18772716	2544		4946.9160672575235
18773728	2500		4980.365704014897
18774701	2452		5014.866021178663
18775750	2493		5068.51675350219
18776775	2474		5025.90776053071
18777756	2449		4950.851385228336
18778706	2399		4841.054759770632
18779811	2454		4906.221992768347
18780884	2499		4944.93235476315
18781892	2499		4949.572601027787
18782901	2501		5016.584063790739
18783979	2546		4982.190183356404
18784918	2474		4814.094502523541
18785875	2402		4861.426457747817
18786841	2350		4844.618959471583
18787819	2295		4764.037293367088
18788744	2210		4564.277831949294
18789836	2274		4533.759474605322
18790822	2248		4447.0407478660345
18791784	2162		4394.601194113493
18792822	2164		4436.772950455546
18793849	2172		4315.216614887118
18794868	2148		4230.141600817442
18795869	2128		4311.789321608841
18796854	2085		4290.387572802603
18797906	2103		4320.032568529248
18798821	2009		4175.030200354755
18799805	1948		4011.357700996101
18800834	1975		3905.3807552456856
18801810	1950		3891.1149012818933
18802862	1970		4005.2059537619352
18803926	2018		3984.903826676309
18804975	2038		4038.2408174574375
18805997	2005		4073.6927766129375
18806994	1978		4019.9170792773366
18808019	1999		4050.427975654602
18809000	1931		3933.2826009467244
18810101	2024		3967.046054586768
18811102	1987		3894.19657099247
18812139	2010		4024.622690886259
18813180	2004		3946.019960694015
18814286	2083		3978.380010522902
18815283	2058		4028.3769699186087
18816350	2085		4030.593877993524
18817429	2133		4177.395178489387
18818476	2170		4377.037097893655
18819491	2181		4333.513595186174
18820507	2165		4260.371458142996
18821621	2247		4425.0653646066785
18822744	2351		4518.772449173033
18823746	2328		4495.46864349395
18824853	2416		4678.881930232048
18825843	2405		4669.272395588458
18826883	2404		4776.480054832995
18827877	2334		4858.127424702048
18828941	2372		4789.613387227058
18829939	2368		4779.158423371613
18830959	2374		4780.649602107704
18831979	2379		4772.743718296289
18833043	2431		4708.557206265628
18834079	2463		4786.07004468143
18835142	2506		4938.817676715553
18836169	2485		5013.179331474006
18837243	2556		5070.681366063654
18838274	2549		5111.122010983527
18839343	2610		5213.5150732547045
18840380	2644		5277.093628197908
18841372	2605		5224.453424297273
18842438	2670		5375.2526345178485
18843482	2708		5395.564254611731
18844493	2693		5301.947926059365
18845558	2708		5397.281366400421
18846573	2672		5313.465912282467
18847615	2685		5325.455819860101
18848576	2643		5278.353568159044
18849549	2605		5235.6706507876515
18850589	2625		5368.277353495359
18851681	2687		5339.909111492336
18852666	2652		5293.364641718566
18853648	2605		5246.61878401041
18854797	2717		5389.422484479845
18855812	2716		5332.448852732778
18856827	2722		5387.8989152386785
18857872	2747		5448.627570584416
18858858	2724		5407.932157635689
18859950	2757		5473.509295254946
18860940	2724		5345.348630942404
18861906	2660		5271.016022950411
18862946	2662		5365.732520215213
18863989	2660		5364.646780595183
18864977	2638		5346.485740251839
18866005	2633		5331.761247344315
18867013	2603		5399.664234668016
18868070	2600		5430.906921796501
18869144	2630		5370.913033902645
18870218	2666		5233.943224444985
18871216	2641		5197.504107810557
18872184	2607		5268.623851925135
18873228	2627		5265.155816979706
18874315	2703		5371.268815889955
18875288	2660		5304.422162808478
18876306	2648		5278.141838103533
18877333	2637		5143.9717819318175
18878436	2698		5171.532022185624
18879426	2684		5306.826116196811
18880408	2657		5309.394984938204
18881428	2672		5362.334120683372
18882471	2674		5332.589155755937
18883461	2653		5313.024655297399
18884523	2677		5270.339009709656
18885636	2749		5266.69581887871
18886662	2769		5387.023107871413
18887738	2824		5475.187483564019
18888766	2838		5719.799456320703
18889854	2910		5753.501392275095
18890975	2987		5871.940373405814
18891995	2963		5865.574558533728
18893032	2987		6013.27765905112
18894066	2979		6078.170783169568
18895082	2963		6020.0050301626325
18896116	2953		6048.447161853313
18897086	2887		5935.346574753523
18898062	2850		5832.297014333308
18899074	2851		5791.150303810835
18900131	2891		5633.08483825624
18901120	2842		5644.831214569509
18902204	2925		5833.3020185008645
18903227	2947		5991.521235637367
18904286	2977		5899.732996582985
18905392	3055		6046.993745006621
18906419	3050		6031.057784862816
18907487	3072		6063.20729855448
18908496	3032		6024.454868800938
18909521	3020		6009.856607414782
18910457	2950		5956.679071351886
18911485	2965		6044.821303881705
18912563	3021		6152.8184021785855
18913604	3036		6059.787813387811
18914688	3101		6059.004766061902
18915618	3016		5931.132923714817
18916621	3005		5969.624357588589
18917566	2938		5928.5331580117345
18918547	2888		5816.73690533638
18919617	2923		5857.012849211693
18920665	2925		5809.091059677303
18921740	2966		5821.815286673605
18922718	2921		5844.047460176051
18923705	2879		5788.121272794902
18924767	2892		5900.7554504573345
18925760	2867		5841.182875156403
18926819	2925		5882.884655177593
18927816	2883		5795.243630453944
18928832	2872		5788.973083309829
18929797	2785		5719.2092551365495
18930778	2720		5589.014861337841
18931762	2681		5454.703152105212
18932793	2699		5359.827713131905
18933892	2774		5391.904591739178
18934869	2715		5298.544692650437
18935867	2667		5333.063090607524
18936883	2638		5347.43774933368
18937868	2591		5278.354546949267
18938986	2691		5356.810018867254
18940038	2730		5218.843172952533
18941058	2737		5232.380776017904
18942050	2706		5334.329628266394
18943014	2659		5427.293473817408
18943983	2586		5261.392820239067
18944975	2563		5248.388536378741
18945958	2538		5012.495571613312
18946992	2565		5121.356294564903
18947977	2549		5122.906701289117
18949012	2563		5203.833694733679
18950116	2635		5226.095867656171
18951094	2606		5132.90398902446
18952098	2595		5140.296526260674
18953062	2548		5156.292432762682
18954160	2630		5181.533295080066
18955168	2630		5135.565246023238
18956264	2717		5305.473075836897
18957225	2672		5406.913117110729
18958212	2617		5319.630571685731
18959157	2547		5146.467587918043
18960116	2468		5032.246562354267
18961143	2468		5010.10235055536
18962074	2397		4920.389974586666
18963101	2407		4891.670289754868
18964112	2409		4763.003676779568
18965145	2419		4787.81524579972
18966126	2387		4856.91086871922
18967149	2356		4741.415812559426
18968137	2325		4656.254016123712
18969160	2340		4670.256766997278
18970192	2342		4569.952273949981
18971162	2276		4558.085488893092
18972179	2279		4573.801119253039
18973200	2289		4511.9521345719695
18974116	2202		4354.757529459894
18975145	2192		4390.794279627502
18976214	2234		4411.709309659898
18977282	2299		4514.888163723052
18978242	2221		4388.514193288982
18979277	2218		4448.628346860409
18980253	2157		4394.691293984652
18981290	2177		4343.215604066849
18982257	2104		4185.875063858926
18983321	2139		4328.349368996918
18984269	2035		4156.437660053372
18985349	2064		4171.100928001106
18986325	2012		4023.826707318425
18987374	2027		4100.522493638098
18988417	2061		4124.831776052713
18989381	2007		4098.848831132054
18990452	2054		4131.547832652926
18991500	2076		4125.2417679056525
18992458	2023		4032.934311501682
18993516	2060		3973.6161711737514
18994580	2112		3975.917176179588
18995520	2030		4053.1801798567176
18996548	2032		4221.352124601603
18997542	2018		4088.975937984884
18998524	1990		4029.6935189813375
18999562	2005		3976.558694653213
19000526	1961		3800.2356302067637
19001642	2023		3861.889618486166
19002702	2077		4005.358673840761
19003700	2041		4156.798700988293
19004667	2001		4062.3480098098516
19005589	1922		3874.232670389116
19006588	1905		3857.431376129389
19007610	1920		3801.035029515624
19008654	1927		3820.9685234054923
19009601	1867		3881.161706879735
19010650	1888		3807.6062159091234
19011626	1839		3557.417546287179
19012714	1892		3625.423890642822
19013719	1882		3677.7964684441686
19014768	1895		3844.143130302429
19015833	1891		3705.815445661545
19016842	1874		3649.0317922085524
19017848	1845		3742.3110222816467
19018905	1875		3806.265721194446
19019952	1873		3740.0248238891363
19021032	1911		3773.9811757951975
19022091	1943		3815.3194036632776
19023082	1901		3754.131554298103
19024150	1923		3796.3954444676638
19025168	1902		3729.477240242064
19026150	1855		3712.30143032223
19027163	1867		3733.49465084821
19028144	1810		3615.732790827751
19029162	1806		3739.7930807098746
19030197	1826		3599.160577148199
19031207	1819		3562.910198099911
19032296	1852		3610.3653008937836
19033277	1807		3659.3572194874287
19034257	1745		3682.560716934502
19035256	1725		3486.9325478821993
19036309	1759		3506.0702404901385
19037277	1707		3395.9009918645024
19038261	1685		3354.91432993114
19039238	1640		3428.6478474512696
19040383	1734		3320.058843396604
19041435	1764		3381.757070824504
19042401	1705		3483.03597407043
19043405	1670		3467.1010530442
19044497	1731		3508.366414166987
19045608	1796		3599.464768797159
19046640	1808		3665.6108311340213
19047728	1855		3619.169172435999
19048685	1767		3681.256916552782
19049691	1768		3671.956447146833
19050747	1816		3493.995895050466
19051765	1803		3593.0549195855856
19052769	1761		3628.9942436143756
19053835	1805		3553.444221548736
19054906	1853		3564.321942344308
19055972	1889		3734.360515937209
19057005	1898		3724.5954297855496
19058082	1933		3838.7240070328116
19059100	1929		3959.798984967172
19060224	2014		3950.314597271383
19061207	1966		3800.206359259784
19062347	2058		4090.5279976651073
19063292	1950		3930.685219332576
19064344	1959		4011.895942144096
19065318	1931		3943.622133642435
19066402	1973		3940.130757957697
19067437	1980		3837.137355476618
19068437	1951		3869.3549035415053
19069413	1927		3891.297707080841
19070398	1895		3873.140810087323
19071421	1886		3799.37712803483
19072467	1926		3698.4317787885666
19073507	1922		3827.346383422613
19074459	1861		3698.4984832406044
19075545	1900		3745.6116804629564
19076579	1895		3787.171099536121
19077610	1908		3867.1984791383147
19078648	1898		3855.9845273271203
19079756	1963		3845.4098463356495
19080786	1980		3780.2952659726143
19081835	2028		3899.202011540532
19082918	2070		3979.9512868970633
19083971	2114		4136.881894163787
19084950	2079		4171.594743229449
19086001	2091		4235.217336289585
19087055	2140		4167.223226055503
19088047	2115		4114.30025254935
19089016	2041		4171.678920671344
19089944	1965		4015.3967864587903
19091077	2062		4100.996979743242
19092094	2042		4072.216515265405
19093097	2024		4102.5810025930405
19094101	1987		3965.911234974861
19095072	1947		3850.678553469479
19096213	2055		3900.9905069097877
19097200	2006		3894.2879056707025
19098173	1965		3998.626270107925
19099201	1954		3877.7510246559978
19100268	2000		3901.1877073273063
19101219	1904		3873.856392301619
19102220	1900		4008.541176363826
19103173	1841		3776.9211586117744
19104196	1832		3708.6896217390895
19105261	1845		3675.089018806815
19106355	1893		3707.44951364398
19107438	1961		3778.277940250933
19108465	1947		3799.81955499202
19109525	1981		4016.2838901653886
19110520	1948		3994.108637444675
19111488	1902		3898.947445102036
19112547	1954		3833.7670741975307
19113525	1911		3827.3164049088955
19114552	1910		3893.272400908172
19115540	1842		3677.483999930322
19116611	1903		3780.1637481302023
19117588	1857		3649.2443534061313
19118668	1925		3754.104882001877
19119670	1924		3811.2491850852966
19120728	1955		3771.1029717847705
19121810	1984		3786.7521912679076
19122863	2011		3936.6027333438396
19123917	2008		4001.1327951774
19124970	2033		4069.93939730525
19126011	2047		4102.792103417218
19127014	2029		4079.2722421362996
19127964	1976		3934.743153385818
19128972	1942		3974.762830108404
19129952	1873		3838.1677280068398
19130990	1880		3828.845872953534
19132054	1914		3766.137020327151
19133038	1884		3665.4649596214294
19134117	1959		3801.2484598606825
19135226	2017		3941.8357289358974
19136223	1988		3959.00956209749
19137194	1955		3976.708377853036
19138193	1920		3878.776766553521
19139192	1888		3794.339920140803
19140149	1817		3686.2032983973622
19141190	1830		3645.2675107493997
19142264	1889		3670.907349564135
19143286	1908		3684.7950388267636
19144275	1844		3766.6408159583807
19145348	1904		3863.028103195131
19146340	1889		3783.988799519837
19147383	1904		3854.514035694301
19148417	1905		3857.9067173302174
19149488	1962		3877.645421601832
19150559	2031		3999.955943107605
19151576	1997		3920.0546487122774
19152717	2118		4107.38194283843
19153709	2103		4151.86818716675
19154724	2082		4182.366700425744
19155757	2082		4179.050063453615
19156756	2061		4158.226611189544
19157828	2091		4141.116039596498
19158850	2066		4148.178810067475
19159787	1959		4101.482491970062
19160869	2008		4085.1772219389677
19161933	2023		4058.2113061472774
19162990	2077		4218.622422583401
19164011	2093		4126.760950520635
19164999	2069		4018.671987131238
19166046	2087		4105.294905737042
19167052	2074		4153.367442548275
19168024	2005		4074.7612009346485
19169037	1977		4085.4780075848103
19170045	1944		4052.1011679768562
19170985	1883		3881.594015441835
19171943	1830		3685.503669217229
19173015	1853		3621.027114711702
19174070	1861		3685.5799062922597
19175126	1871		3708.0917828679085
19176027	1756		3609.7104451432824
19177022	1734		3585.369199216366
19178102	1794		3627.1311113387346
19179144	1824		3568.226473622024
19180252	1921		3703.9873682036996
19181259	1924		3820.922982469201
19182271	1933		3925.063767194748
19183302	1954		3838.128581084311
19184361	2012		3854.4872133135796
19185453	2103		3988.7079755216837
19186479	2107		4079.243354976177
19187470	2097		4151.349058307707
19188402	2006		4154.663076214492
19189412	1973		4057.5520955622196
19190401	1910		3783.2953606918454
19191373	1859		3743.572330981493
19192372	1855		3737.7829153761268
19193418	1895		3798.6982671245933
19194484	1945		3718.8841820433736
19195525	1953		3680.3847332447767
19196502	1923		3803.524525374174
19197492	1911		3895.548142544925
19198461	1862		3819.8803401589394
19199503	1866		3701.665126092732
19200550	1885		3714.046078212559
19201629	1916		3778.4730326980352
19202621	1903		3758.043770261109
19203579	1844		3767.7607110887766
19204571	1821		3707.3233389407396
19205515	1746		3602.5243036970496
19206577	1765		3542.241806745529
19207599	1747		3572.9906859323382
19208665	1770		3543.7888540551066
19209595	1700		3399.518199943006
19210621	1684		3421.8635241910815
19211623	1647		3385.0836810320616
19212590	1606		3349.879893772304
19213612	1626		3216.491941437125
19214669	1659		3241.8852417469025
19215753	1703		3328.5636568516493
19216804	1741		3323.1551992967725
19217839	1754		3434.8728460744023
19218940	1795		3525.0393479540944
19219958	1801		3601.4946768134832
19220882	1720		3519.8801239728928
19221922	1735		3594.769786193967
19222991	1775		3506.26674233377
19223986	1770		3520.9545205384493
19225023	1775		3589.7697763964534
19226052	1764		3585.691496744752
19227018	1722		3550.770214214921
19228033	1687		3600.5791440084577
19229018	1653		3455.4178873449564
19230160	1744		3410.845323756337
19231171	1743		3473.871566042304
19232253	1783		3474.3461290746927
19233279	1800		3605.2151177823544
19234324	1806		3558.701317936182
19235359	1799		3419.971337325871
19236309	1745		3544.375141866505
19237385	1821		3567.0410824641585
19238359	1769		3524.7257984802127
19239373	1776		3580.310851417482
19240400	1780		3558.2083362191916
19241397	1746		3500.75559951365
19242341	1679		3399.4170897230506
19243303	1640		3366.8057161048055
19244293	1602		3201.2265955731273
19245261	1564		3216.9260062649846
19246341	1626		3205.5564865246415
19247336	1615		3247.224373444915
19248383	1656		3217.5164471566677
19249401	1639		3148.1259827688336
19250361	1593		3247.744371712208
19251312	1538		3161.227244965732
19252389	1580		3172.4428282007575
19253370	1550		3094.7916007861495
19254384	1548		3250.011125281453
19255433	1567		3159.683087669313
19256464	1559		3188.672854490578
19257531	1611		3134.395707309246
19258512	1582		3162.422900699079
19259478	1522		3164.1187482625246
19260361	1385		2909.989692002535
19261405	1410		2935.607427112758
19262450	1415		2837.953847065568
19263545	1485		2897.8881882727146
19264586	1492		2823.1145294308662
19265657	1509		2974.7965137958527
19266620	1468		2946.9170941859484
19267615	1429		2963.649202555418
19268598	1355		2911.7065914049745
19269632	1382		2723.2424938306212
19270599	1343		2621.675603955984
19271697	1390		2696.8047218993306
19272712	1371		2804.731032013893
19273717	1369		2727.8607782647014
19274681	1301		2652.8064389005303
19275622	1237		2524.548851788044
19276606	1182		2400.6678929701447
19277604	1172		2472.4975794255733
19278628	1182		2412.698993369937
19279599	1146		2221.884063579142
19280612	1129		2222.585027500987
19281573	1087		2239.3470147699118
19282559	1039		2099.553935699165
19283609	1073		2041.3131058514118
19284619	1069		2101.392077766359
19285623	1045		2090.8026638403535
19286674	1084		2058.338483721018
19287584	965		1998.6101081743836
19288661	992		1952.81219368428
19289725	1035		2041.0058408230543
19290701	995		2053.4945724755526
19291694	987		1983.184778727591
19292680	924		1891.6650270670652
19293704	905		1880.679227732122
19294674	837		1735.342519260943
19295689	820		1696.8631946668029
19296738	828		1631.0752259790897
19297806	875		1708.141030997038
19298853	905		1810.0300392434
19299896	918		1828.120931059122
19300950	971		1935.8591810911894
19301979	975		1887.4089519828558
19303045	1037		2027.7694901004434
19304004	983		1949.1665460020304
19304990	963		1940.8692352548242
19306017	959		1859.5307582095265
19306948	855		1829.2993275746703
19308068	927		1819.6078701093793
19309070	904		1795.8830632045865
19310102	934		1901.968686439097
19311119	940		1976.8291580677032
19312127	945		1977.7384917214513
19313190	973		1920.9118349552155
19314161	942		1936.0066608041525
19315188	948		1924.7729280442
19316217	959		1924.3721044659615
19317279	1011		2004.3050457015634
19318349	1035		2026.5540974736214
19319407	1059		2104.9871642440557
19320514	1144		2155.3283716365695
19321604	1199		2297.022644750774
19322669	1236		2463.142756126821
19323726	1251		2472.0174161046743
19324695	1209		2466.2090967297554
19325771	1274		2480.237874612212
19326717	1201		2516.5184015482664
19327767	1227		2507.7726238667965
19328753	1196		2431.257169343531
19329816	1230		2520.245658017695
19330868	1234		2511.239939786494
19331903	1258		2457.4762430638075
19332937	1246		2499.9626519605517
19333975	1267		2572.863456532359
19335052	1333		2591.3202198669314
19336022	1290		2606.5134700089693
19337107	1350		2597.020627424121
19338154	1357		2633.4187837913632
19339125	1324		2573.3883357793093
19340151	1327		2627.8707245737314
19341232	1371		2667.671946235001
19342291	1393		2747.6616066619754
19343249	1322		2604.339407414198
19344292	1350		2573.21785787493
19345313	1314		2700.1540346741676
19346324	1296		2730.269225694239
19347367	1301		2640.3567037284374
19348370	1291		2540.916257865727
19349362	1249		2588.7515080347657
19350352	1239		2599.6615918651223
19351341	1221		2490.326202712953
19352409	1247		2442.7556263953447
19353461	1276		2516.7755729556084
19354482	1283		2636.278828509152
19355502	1261		2614.23548886925
19356590	1326		2590.8022324740887
19357670	1384		2655.7150116488338
19358652	1349		2725.864783473313
19359631	1306		2684.001987285912
19360636	1269		2631.0886950418353
19361719	1335		2719.553940743208
19362729	1315		2559.774905525148
19363763	1344		2596.139543674886
19364696	1261		2541.763745121658
19365763	1302		2592.534739546478
19366823	1330		2668.2609749138355
19367865	1355		2611.753386490047
19368827	1290		2665.082186989486
19369784	1195		2512.617871463299
19370814	1183		2405.4833652600646
19371858	1196		2342.066102139652
19372933	1252		2431.7719792425632
19373968	1279		2517.6696000024676
19375058	1339		2550.459493905306
19376062	1338		2648.864617675543
19377157	1383		2769.4287153482437
19378220	1413		2792.64737932384
19379251	1399		2849.302068248391
19380289	1434		2816.446281567216
19381236	1378		2747.1427331641316
19382242	1354		2687.0968478918076
19383333	1393		2675.296016432345
19384438	1475		2759.6295136213303
19385498	1500		2958.2233192548156
19386496	1461		2916.3102103620768
19387473	1432		2883.854465253651
19388531	1482		2973.8466198667884
19389609	1512		3006.7752400562167
19390625	1524		3015.3004408702254
19391720	1582		3022.1103450357914
19392752	1574		3024.9372898861766
19393779	1583		3124.7237650305033
19394812	1575		3161.349592626095
19395868	1585		3157.365927234292
19396891	1583		3240.4976112768054
19397940	1616		3252.2325735017657
19398966	1621		3149.5843883752823
19399987	1623		3222.817348688841
19401006	1593		3227.9127807989717
19402028	1587		3196.3364567011595
19403008	1510		3079.772927567363
19404031	1511		2942.744887419045
19405105	1545		2952.5447766706347
19406176	1573		3094.675255715847
19407169	1558		3058.659348100424
19408142	1528		3077.0430187657475
19409159	1527		3011.572292521596
19410256	1598		3152.3737648651004
19411292	1628		3135.9716613292694
19412337	1652		3297.042576827109
19413375	1643		3265.16677223891
19414465	1692		3294.4544290304184
19415565	1744		3296.793376855552
19416579	1753		3412.5280805006623
19417636	1799		3579.8584752231836
19418679	1827		3555.8976052850485
19419728	1851		3562.126309722662
19420751	1858		3589.3153835758567
19421782	1872		3741.625101290643
19422799	1877		3746.137988857925
19423869	1934		3767.3781510964036
19424988	2035		3921.8232387006283
19426117	2121		4064.3784950897098
19427059	2036		4129.5436562895775
19428069	2016		4120.1899389103055
19429203	2120		4048.4579075723886
19430240	2119		4009.7550243660808
19431224	2050		4053.594068661332
19432348	2150		4196.227887704968
19433341	2082		4032.9128823056817
19434380	2114		4232.130805209279
19435485	2189		4285.747972391546
19436501	2159		4179.541992112994
19437444	2078		4331.011075772345
19438485	2103		4315.182204090059
19439491	2073		4153.258947618306
19440490	2067		4211.681603476405
19441512	2045		4037.4697886630893
19442555	2033		4027.5483070015907
19443629	2096		4158.142275452614
19444699	2126		4168.809446051717
19445756	2140		4218.744528733194
19446814	2150		4268.646805755794
19447812	2147		4273.733542948961
19448752	2048		4194.538603253663
19449825	2073		4233.695982538164
19450895	2106		4117.968345433474
19451997	2201		4264.455239005387
19452999	2176		4233.174264967442
19453938	2109		4207.041391178966
19454963	2113		4314.68428901583
19456024	2142		4293.278626576066
19457079	2139		4238.942809671164
19458068	2068		4235.522625535727
19459176	2121		4254.544680930674
19460249	2168		4172.878890909255
19461331	2240		4336.973252803087
19462314	2183		4277.940149590373
19463258	2104		4401.481834217906
19464337	2173		4445.708883702755
19465502	2305		4407.307198733091
19466623	2380		4618.655457340181
19467642	2357		4610.551058545709
19468664	2335		4639.300246529281
19469629	2285		4677.10053832829
19470673	2306		4708.9880883693695
19471687	2311		4745.0064217448235
19472700	2286		4711.928641743958
19473689	2242		4597.174453578889
19474641	2180		4509.710724368691
19475686	2216		4452.378675207496
19476741	2251		4437.722270563245
19477772	2238		4491.74236766994
19478809	2251		4535.370647311211
19479850	2270		4583.281976655126
19480788	2192		4416.138753809035
19481880	2245		4487.732534252107
19482939	2281		4443.070587456226
19483921	2255		4505.168252021074
19484929	2237		4489.1125871017575
19485898	2182		4454.729370974004
19486962	2223		4454.803515762091
19488045	2266		4428.950109921396
19489161	2310		4422.072616636753
19490206	2331		4469.546258479357
19491248	2365		4585.050127275288
19492267	2333		4697.512895151973
19493296	2316		4746.613323837519
19494280	2284		4736.823256276548
19495295	2288		4614.842554844916
19496267	2238		4488.404743425548
19497333	2260		4535.0360699519515
19498343	2263		4604.546352617443
19499389	2256		4539.258508071303
19500453	2258		4515.626860611141
19501482	2254		4521.919149622321
19502528	2256		4618.315210208297
19503476	2190		4443.842254191637
19504556	2253		4448.622668497264
19505597	2275		4492.260708995163
19506602	2263		4510.24727999419
19507650	2307		4569.475799135864
19508633	2284		4547.642876766622
19509611	2245		4560.079241871834
19510649	2257		4580.492678441107
19511658	2262		4438.606472559273
19512716	2268		4405.907878920436
19513690	2222		4449.746257357299
19514703	2210		4483.9676489159465
19515707	2178		4413.727172397077
19516698	2163		4373.367622219026
19517751	2192		4324.2910488545895
19518820	2237		4238.165611796081
19519869	2238		4314.176660872996
19520867	2198		4346.7175315395
19521973	2288		4426.853114627302
19523029	2327		4449.647363893688
19524068	2313		4514.7873590141535
19524989	2227		4507.686965286732
19526032	2226		4535.163008198142
19527041	2205		4405.43287589401
19528043	2169		4353.905258700252
19529010	2127		4327.876074537635
19530014	2091		4216.879338942468
19531089	2127		4272.123981878161
19532113	2148		4290.430638849735
19533144	2167		4217.969388410449
19534173	2170		4300.7284471690655
19535144	2101		4283.745694473386
19536183	2130		4230.964516341686
19537281	2221		4297.177484296262
19538271	2169		4285.294343627989
19539330	2178		4334.445758856833
19540292	2135		4304.755655407906
19541251	2072		4292.185698918998
19542278	2093		4223.2030130028725
19543400	2181		4172.542305447161
19544384	2152		4180.85446601361
19545360	2104		4309.2812008708715
19546330	2071		4136.692208893597
19547368	2076		4109.668097935617
19548414	2097		4211.86332565546
19549435	2092		4146.043871514499
19550486	2141		4140.72885196656
19551536	2141		4168.027169860899
19552556	2111		4305.451348260045
19553558	2098		4248.223346300423
19554571	2080		4130.98158916086
19555638	2107		4136.334798850119
19556612	2072		4154.387302443385
19557609	2065		4174.526302054524
19558611	2067		4147.074194401503
19559688	2142		4229.7501528039575
19560631	2065		4080.9304430559278
19561705	2128		4207.256805613637
19562736	2143		4284.961599595845
19563738	2121		4259.636214114726
19564735	2114		4217.9940642639995
19565683	2035		4171.613156944513
19566760	2091		4275.1476849243045
19567768	2094		4122.099474579096
19568826	2123		4212.484591804445
19569879	2171		4313.1831414029
19570908	2175		4367.92091602087
19571916	2158		4377.124831095338
19572995	2196		4328.299603536725
19574011	2200		4416.592272825539
19575058	2191		4385.664937876165
19576119	2215		4359.886630512774
19577157	2249		4369.158343367279
19578132	2212		4376.78154695034
19579212	2244		4432.469709254801
19580196	2197		4360.015227526426
19581231	2207		4365.854291245341
19582216	2175		4314.905512474477
19583252	2184		4295.758020043373
19584271	2199		4329.298998512328
19585360	2278		4422.106615245342
19586376	2255		4469.720307581127
19587383	2222		4589.4931995645165
19588400	2227		4583.89736828208
19589442	2261		4636.5669648349285
19590456	2255		4464.660358861089
19591540	2293		4502.572498589754
19592531	2281		4535.289843916893
19593591	2340		4578.975745566189
19594583	2320		4527.889684610069
19595581	2313		4504.113385424018
19596645	2342		4540.022626787424
19597676	2355		4704.255752541125
19598687	2350		4638.321755938232
19599748	2405		4642.383754789829
19600844	2483		4766.654774874449
19601953	2553		4907.705576568842
19602976	2550		5142.328499771655
19604003	2569		5118.790775701404
19605120	2672		5190.697438411415
19606210	2712		5094.495260067284
19607285	2747		5298.499818220735
19608400	2830		5449.656647577882
19609497	2873		5507.812322847545
19610522	2867		5486.642522215843
19611539	2849		5547.76480807364
19612548	2848		5637.069819532335
19613618	2871		5691.435529641807
19614679	2910		5775.843450710177
19615696	2894		5707.368856079876
19616680	2878		5733.807419374585
19617637	2825		5639.39288379252
19618728	2873		5711.796697549522
19619749	2881		5628.467658907175
19620846	2929		5785.238406181335
19621868	2936		5803.8924241662025
19622871	2925		5809.980036303401
19623981	2999		5929.636213839054
19624956	2965		5845.845422059298
19625962	2965		5882.0497281476855
19626950	2937		5841.312784105539
19627972	2924		5929.005141183734
19628994	2896		5907.725099109113
19630000	2884		5861.090071469545
19631083	2929		5785.468235015869
19632187	2999		5962.13498159498
19633248	3034		6012.359671592712
19634222	2988		6103.8120808154345
19635295	3028		6142.265893787146
19636218	2946		6157.793234311044
19637192	2904		5854.889095380902
19638184	2889		5898.593270853162
19639236	2903		5808.033258698881
19640223	2872		5887.203422918916
19641284	2929		5838.814406700432
19642301	2941		5812.56659386307
19643341	2968		5835.897570408881
19644352	2950		5868.161723151803
19645376	2918		5896.243707723916
19646379	2895		5852.6231297031045
19647398	2867		5867.206846423447
19648426	2876		5806.000748999417
19649432	2857		5783.2747156992555
19650421	2819		5682.616129271686
19651539	2916		5828.87026809901
19652587	2947		5918.0151846036315
19653685	3044		5983.863686107099
19654713	3042		6023.237223774195
19655725	3021		5940.650905609131
19656765	3019		6074.670207157731
19657859	3100		6114.752403266728
19658799	3025		6096.5294123739
19659823	3030		6035.375652581453
19660840	2999		6140.697935566306
19661814	2962		6108.565668851137
19662842	2942		6147.074641190469
19663869	2955		6038.928980261087
19664895	2976		5859.023578040302
19665887	2967		5821.308986105025
19666846	2924		5791.480921819806
19667870	2923		5796.86896302551
19668916	2928		5719.326522067189
19669832	2835		5726.4067104533315
19670952	2922		5878.425447285175
19671953	2902		5905.969984322786
19672933	2841		5718.838516712189
19673986	2865		5766.244727805257
19675049	2907		5798.659186884761
19676025	2835		5609.918874710798
19677064	2848		5683.800660215318
19678079	2851		5617.655833341181
19679139	2870		5709.5737787261605
19680244	2944		5675.218753986061
19681290	2975		5807.592117138207
19682286	2946		5841.547458432615
19683282	2926		5865.884699836373
19684315	2955		5833.697050534189
19685303	2930		5945.191221244633
19686387	2979		6006.348604381084
19687432	2991		6137.26113858819
19688508	3037		6160.2622090652585
19689511	3036		6125.506128802896
19690487	2989		6059.709396250546
19691508	2962		6003.173378936946
19692454	2906		6021.649217121303
19693469	2918		5926.26223552227
19694501	2938		5879.250207602978
19695494	2909		5714.253561660647
19696547	2946		5705.604931347072
19697569	2909		5762.182848654687
19698558	2898		5781.144898332655
19699499	2801		5778.2065059021115
19700519	2792		5652.929384045303
19701576	2836		5586.75101672858
19702568	2799		5446.066686205566
19703585	2800		5459.211312524974
19704606	2781		5592.244744904339
19705668	2799		5595.6995050013065
19706723	2837		5612.6425513625145
19707741	2798		5521.897454418242
19708796	2809		5599.0710295289755
19709764	2767		5526.933820873499
19710791	2790		5439.424861304462
19711787	2750		5439.815678417683
19712754	2717		5442.845524422824
19713791	2732		5562.153724849224
19714791	2725		5537.421525895596
19715783	2695		5394.52680478245
19716821	2702		5395.926456645131
19717817	2695		5401.109649300575
19718918	2757		5426.09616433084
19719902	2700		5353.941803842783
19720893	2668		5336.47572632134
19721889	2636		5332.248984962702
19722963	2680		5343.7769761532545
19724076	2751		5446.1522995606065
19725120	2776		5447.183340549469
19726070	2714		5428.923394605517
19727149	2775		5503.652996234596
19728104	2694		5484.4044031351805
19729105	2643		5424.090869285166
19730144	2660		5507.673066236079
19731209	2684		5388.20174741745
19732209	2678		5313.994189016521
19733235	2683		5300.7186773866415
19734295	2691		5312.504749163985
19735360	2739		5411.197286248207
19736307	2683		5440.501169636846
19737317	2677		5418.507225394249
19738272	2608		5341.147956356406
19739219	2534		5280.378672577441
19740218	2528		5189.209046602249
19741259	2522		5128.138426780701
19742299	2552		5001.867900118232
19743336	2564		5073.7333898842335
19744343	2569		5093.371615841985
19745300	2482		5145.206747367978
19746320	2488		5127.395348154008
19747330	2475		4978.886368751526
19748336	2440		4816.049903988838
19749361	2415		4814.522673197091
19750360	2403		4786.8729754164815
19751402	2430		4842.38062440604
19752422	2410		4758.802054218948
19753401	2385		4762.352578237653
19754413	2380		4774.530221059918
19755392	2315		4735.731814421713
19756413	2326		4692.777390949428
19757401	2314		4624.691863566637
19758444	2332		4683.862899519503
19759426	2273		4528.314805187285
19760481	2285		4516.863847590983
19761473	2273		4519.422493301332
19762518	2290		4490.618641786277
19763494	2254		4487.379137791693
19764494	2218		4565.937993951142
19765513	2229		4581.077006459236
19766574	2259		4448.629526272416
19767570	2234		4420.283391222358
19768579	2240		4429.0851228535175
19769523	2177		4299.714246585965
19770554	2168		4390.520292587578
19771614	2192		4315.419672638178
19772646	2196		4299.411137863994
19773685	2212		4397.734285004437
19774679	2201		4344.259831391275
19775731	2220		4436.359510093927
19776747	2225		4390.847634650767
19777729	2207		4392.690620481968
19778695	2139		4509.5340615957975
19779707	2147		4418.856586553156
19780714	2153		4283.236773148179
19781602	2010		4254.717412479222
19782659	2025		4250.758589982986
19783693	2035		3990.581611700356
19784626	1952		3871.4341721385717
19785680	1962		3841.120414197445
19786670	1915		3864.1883548796177
19787688	1922		3938.3079301938415
19788708	1917		3872.8137117773294
19789791	1961		3902.0817508921027
19790796	1952		3840.565785340965
19791802	1946		3868.0765274092555
19792840	1969		3930.4225765392184
19793799	1903		3877.2247001826763
19794793	1884		3866.839180238545
19795896	1949		3802.311444029212
19796958	2010		3903.8259905278683
19798067	2107		4139.026015132666
19799159	2155		4313.639686927199
19800080	2056		4293.477623715997
19801138	2105		4346.360487386584
19802093	2048		4167.522847250104
19803102	2026		4196.29896081239
19804102	1996		4178.7096509337425
19805195	2059		4120.148333542049
19806233	2045		3949.7022319212556
19807278	2090		4114.482031516731
19808280	2062		4128.006400801241
19809294	2066		4219.449577711523
19810387	2144		4287.957774408162
19811343	2069		4155.5740509182215
19812358	2075		4188.3706069514155
19813415	2119		4205.6627286970615
19814464	2151		4291.955623999238
19815511	2189		4286.323531590402
19816486	2148		4220.9384669438
19817609	2258		4399.549389958382
19818661	2276		4399.7912023589015
19819693	2269		4531.115777350962
19820656	2200		4573.873990684748
19821606	2139		4591.953313186765
19822540	2038		4358.403273873031
19823555	2051		4150.067540451884
19824611	2099		4140.985089071095
19825589	2041		4212.26770927012
19826657	2080		4257.232843190432
19827712	2118		4188.6959399059415
19828662	2021		4144.397026196122
19829649	1986		4090.3075471669436
19830719	2014		4004.9427657425404
19831774	2027		4002.0766972899437
19832784	1996		3980.9024664759636
19833804	1980		3984.8527825698256
19834784	1948		3986.3581541478634
19835834	1955		3966.262464120984
19836884	1968		3913.9927520528436
19837868	1944		3808.227636128664
19838967	2014		3840.6218316331506
19840038	2056		3963.7975321263075
19841061	2074		4169.866720326245
19842165	2150		4344.497535869479
19843170	2122		4226.653357632458
19844209	2139		4189.737732574344
19845290	2197		4240.699198201299
19846252	2150		4292.89866771549
19847359	2249		4446.915449947119
19848333	2216		4377.065202347934
19849320	2162		4397.037729144096
19850324	2149		4313.267503909767
19851360	2145		4302.520110182464
19852439	2193		4371.75830347091
19853428	2179		4298.0473997965455
19854496	2212		4272.081159196794
19855541	2244		4345.548548787832
19856570	2249		4398.6699276044965
19857615	2256		4399.505174852908
19858573	2195		4450.014104157686
19859597	2217		4456.989227198064
19860636	2253		4406.636431664228
19861714	2317		4498.881628319621
19862780	2346		4617.967787981033
19863721	2274		4557.480669133365
19864867	2368		4652.961919777095
19865792	2260		4487.650021612644
19866781	2220		4446.6086199730635
19867840	2250		4489.822061829269
19868881	2247		4506.1491958498955
19869894	2208		4405.295882746577
19870953	2233		4456.6795681118965
19871967	2198		4434.061541445553
19872968	2182		4434.895855493844
19873979	2142		4282.867477029562
19874965	2091		4177.810274288058
19875988	2109		4191.663111396134
19877046	2154		4224.664799951017
19878015	2122		4182.017003379762
19879118	2212		4385.718358591199
19880121	2169		4321.95506490767
19881145	2169		4263.132667504251
19882129	2123		4354.716696202755
19883125	2094		4312.199564889073
19884251	2189		4350.539034642279
19885170	2094		4192.0220415219665
19886190	2084		4316.72394053638
19887302	2177		4292.1769218072295
19888431	2286		4395.584406197071
19889476	2305		4446.905346035957
19890483	2268		4415.486553236842
19891538	2323		4547.585102215409
19892559	2317		4702.091977253556
19893562	2318		4697.478567712009
19894534	2266		4664.2084889784455
19895572	2288		4627.987622618675
19896572	2276		4524.0225755646825
19897623	2299		4437.033476404846
19898622	2252		4500.905330993235
19899698	2311		4660.293791726232
19900655	2268		4501.163695074618
19901639	2247		4509.763992726803
19902635	2218		4569.614086903632
19903615	2167		4504.507526114583
19904772	2279		4485.789420321584
19905824	2286		4466.990584351122
19906860	2288		4584.613463699818
19907886	2302		4584.049983523786
19908972	2352		4657.8278742954135
19909931	2277		4676.74174682796
19911028	2330		4623.841594003141
19912059	2339		4630.5563107430935
19913099	2370		4767.852240212262
19914170	2417		4833.248440973461
19915158	2401		4811.092604495585
19916169	2411		4834.111719377339
19917157	2376		4723.617316573858
19918187	2389		4720.659108951688
19919238	2388		4685.140302918851
19920344	2482		4835.0532418340445
19921342	2454		4808.01142231375
19922366	2472		4837.901433765888
19923470	2554		4962.737715251744
19924598	2662		5030.28461240232
19925618	2645		5118.95250531286
19926554	2574		5285.916124276817
19927578	2557		5306.977326869965
19928653	2606		5230.517774835229
19929641	2547		5057.093542762101
19930780	2624		5184.94165944308
19931976	2783		5396.676068246365
19932910	2713		5312.741213031113
19933924	2716		5470.12076934427
19934935	2705		5428.401561975479
19935996	2728		5471.025114074349
19937003	2702		5400.796817667782
19938088	2775		5413.620907962322
19939082	2758		5422.811085484922
19940123	2748		5356.510230705142
19941104	2692		5346.954169526696
19942155	2689		5346.807448074222
19943192	2696		5483.672246538103
19944276	2737		5465.052975229919
19945324	2758		5451.474007546902
19946266	2694		5315.2093767002225
19947310	2720		5497.597014889121
19948283	2652		5339.444957263768
19949297	2615		5332.702353745699
19950311	2603		5246.862174764276
19951428	2706		5390.388806939125
19952469	2747		5528.561405219138
19953457	2710		5442.443621695042
19954513	2739		5499.629794679582
19955509	2718		5454.682427577674
19956514	2683		5325.909811094403
19957532	2671		5241.724454291165
19958562	2697		5422.738709621131
19959565	2680		5456.938016176224
19960638	2735		5587.455993779004
19961754	2806		5606.276516698301
19962768	2818		5591.021037302911
19963776	2796		5600.7944680303335
19964813	2829		5607.150251254439
19965775	2774		5565.662095159292
19966796	2762		5569.9062875285745
19967778	2729		5597.295601904392
19968774	2714		5484.3355666175485
19969804	2728		5531.765628576279
19970813	2702		5511.093443877995
19971813	2675		5444.837015494704
19972838	2678		5468.871706597507
19973870	2677		5402.144535169005
19974893	2691		5383.116739466786
19975917	2693		5262.765058942139
19976911	2666		5331.3152894079685
19977957	2676		5324.652461707592
19978952	2667		5344.799401782453
19979965	2668		5268.249847702682
19981003	2698		5243.798276595771
19982082	2768		5400.794790782034
19983125	2795		5377.047475628555
19984135	2771		5482.135716833174
19985133	2742		5601.819669857621
19986136	2706		5556.740073144436
19987175	2702		5457.127070553601
19988155	2649		5301.095194190741
19989180	2638		5430.7245917618275
19990251	2672		5384.273027449846
19991228	2620		5291.240142263472
19992220	2609		5306.197617590427
19993253	2605		5166.261942833662
19994291	2611		5223.099012173712
19995330	2615		5259.256653539836
19996400	2661		5313.54037514329
19997381	2623		5179.1762412413955
19998452	2650		5324.233517386019
19999441	2618		5318.567253731191
20000443	2555		5168.144835069776
20001465	2529		5114.988298967481
20002488	2527		5023.087453663349
20003447	2471		4846.103993840516
20004470	2465		4866.949727773666
20005486	2436		4750.815329134464
20006460	2371		4781.261809140444
20007476	2341		4805.793575786054
20008549	2371		4731.446932889521
20009601	2385		4580.632855787873
20010619	2401		4688.77745603025
20011681	2451		4810.161444678903
20012719	2445		4866.505682222545
20013805	2494		4904.031906545162
20014810	2456		4911.945547774434
20015936	2558		5097.388215877116
20017011	2614		5121.659156925976
20018000	2592		5109.562055893242
20019111	2656		5322.262948058546
20020135	2673		5383.5286832898855
20021173	2690		5477.400678932667
20022152	2650		5470.100819610059
20023245	2736		5574.551623471081
20024224	2677		5401.454830698669
20025255	2689		5338.255268290639
20026214	2643		5375.9001081213355
20027268	2670		5433.611288614571
20028263	2617		5391.06651699543
20029342	2687		5400.6708192154765
20030395	2724		5432.597318418324
20031434	2762		5511.781837567687
20032499	2811		5594.644501015544
20033504	2811		5556.494737043977
20034584	2854		5651.160761065781
20035568	2820		5645.877927690744
20036584	2802		5530.327897526324
20037505	2717		5402.956894315779
20038455	2660		5398.036304354668
20039475	2664		5462.098306648433
20040479	2637		5242.226963587105
20041481	2619		5229.76495514065
20042535	2630		5223.269830793142
20043569	2645		5346.375762723386
20044643	2689		5350.847416713834
20045765	2780		5362.456598639488
20046786	2780		5311.831506371498
20047778	2751		5376.719067759812
20048781	2745		5513.740922175348
20049910	2814		5556.509201750159
20050917	2801		5495.830070599914
20051928	2775		5418.232608243823
20052920	2754		5487.402097158134
20053974	2763		5564.086103528738
20055071	2840		5633.289804771543
20056184	2911		5552.410454787314
20057250	2947		5696.36574536562
20058265	2916		5740.419714972377
20059349	2949		5899.025653362274
20060326	2879		5819.84434812516
20061342	2879		5812.12577816844
20062405	2907		5868.083568952978
20063360	2817		5671.187957115471
20064382	2780		5463.25129827857
20065421	2807		5535.8970897346735
20066527	2871		5515.619199670851
20067672	2995		5654.913053840399
20068746	3049		5740.689722262323
20069732	2979		5903.009634383023
20070718	2937		5975.479504227638
20071702	2881		5940.726118780673
20072746	2888		5820.356436505914
20073759	2881		5925.255170598626
20074830	2903		6003.157437615097
20075912	2951		6002.391367167234
20076911	2944		5999.871900238097
20077969	3000		5989.341326378286
20079024	3023		6075.3377101793885
20080018	3005		6013.826781027019
20081002	2980		5993.151586651802
20082058	2993		6018.557142741978
20083124	3030		6053.659622296691
20084204	3072		6140.1114038825035
20085182	3021		6126.759091116488
20086138	2965		6091.574112102389
20087108	2915		6029.775911405683
20088084	2866		5929.223737485707
20089114	2858		5852.235454462469
20090096	2797		5735.48092328012
20091154	2821		5676.476751253009
20092160	2769		5527.435290932655
20093084	2680		5371.039870530367
20094054	2608		5338.508052110672
20095167	2711		5361.674104832113
20096232	2760		5396.14801312983
20097217	2710		5349.202494837344
20098251	2738		5381.51241042465
20099231	2680		5403.05515075475
20100230	2667		5380.036710895598
20101333	2739		5514.4991841986775
20102326	2720		5407.389504253864
20103382	2732		5452.332634575665
20104388	2707		5467.260697469115
20105483	2750		5512.283551640809
20106425	2690		5261.273135870695
20107419	2645		5190.708833217621
20108423	2626		5269.838181138039
20109400	2549		5244.769908040762
20110386	2498		5129.533004760742
20111402	2465		5034.31236436218
20112449	2459		4874.1813406944275
20113484	2442		4929.295758038759
20114579	2490		4944.06513299793
20115605	2515		4967.018324293196
20116679	2547		4960.895749397576
20117745	2571		5062.704409889877
20118802	2607		5071.960498325527
20119811	2577		5107.864600330591
20120821	2569		5097.080613858998
20121856	2596		5134.976038105786
20122871	2594		5087.035617351532
20123878	2589		5131.563170611858
20124968	2647		5180.0367004573345
20126036	2667		5362.803379140794
20127056	2661		5321.176509611309
20128043	2608		5194.074435308576
20129036	2584		5191.8788561448455
20130119	2620		5253.240258261561
20131211	2682		5237.638612195849
20132299	2741		5419.370993107557
20133297	2728		5494.936342358589
20134357	2728		5311.876189984381
20135418	2773		5367.4688659235835
20136435	2754		5480.751437872648
20137530	2834		5602.561538279057
20138478	2769		5518.262700766325
20139495	2764		5448.057703889906
20140454	2702		5437.843495152891
20141475	2673		5440.151705875993
20142617	2801		5678.015818379819
20143586	2751		5515.735919512808
20144586	2723		5619.4356211051345
20145584	2701		5704.089047044516
20146585	2687		5506.934403941035
20147572	2647		5403.337577298284
20148606	2664		5261.872634366155
20149526	2579		5170.174131296575
20150496	2544		5162.920386470854
20151494	2541		5033.930902250111
20152480	2503		4992.199688188732
20153495	2480		4990.364669315517
20154549	2525		5078.621966071427
20155615	2543		5071.449262961745
20156605	2531		4977.736243873835
20157674	2584		5173.606135591865
20158709	2566		5138.627926081419
20159724	2549		4964.947014153004
20160791	2579		5119.960643589497
20161775	2526		5166.598585270345
20162831	2548		5216.436109863222
20163891	2579		5195.503317274153
20164945	2583		5149.84266988188
20166049	2679		5274.73889490217
20166999	2616		5238.130862802267
20168037	2631		5322.790344670415
20169098	2661		5391.158498808742
20170083	2646		5378.511823259294
20171090	2637		5305.04099880904
20172113	2652		5239.383940279484
20173016	2501		5114.165001749992
20174105	2558		5214.546267643571
20175219	2650		5164.157466299832
20176162	2593		5126.944680184126
20177163	2577		5178.2419536188245
20178189	2586		5207.724420495331
20179225	2615		5068.471708521247
20180273	2626		5200.600990086794
20181371	2671		5329.4492756947875
20182399	2667		5411.607914954424
20183426	2675		5452.617926694453
20184505	2737		5460.256218567491
20185560	2753		5435.15173509717
20186661	2814		5427.81819011271
20187646	2781		5440.458985067904
20188660	2794		5624.5941097438335
20189768	2866		5759.221200376749
20190800	2863		5715.694038257003
20191779	2797		5560.72930816561
20192808	2818		5616.050261750817
20193809	2795		5569.814829736948
20194776	2731		5510.356939353049
20195796	2728		5426.528306856751
20196850	2768		5462.80237428844
20197788	2692		5297.142952539027
20198813	2698		5392.717743001878
20199885	2740		5376.363948136568
20200849	2669		5422.721588626504
20201895	2684		5482.80407088995
20202960	2724		5567.573627591133
20204055	2787		5427.446043245494
20205041	2762		5454.398050203919
20206089	2799		5565.8018678203225
20207108	2816		5615.658366754651
20208211	2872		5619.1919718161225
20209275	2890		5604.506785430014
20210292	2863		5685.141438342631
20211349	2894		5833.633722193539
20212355	2861		5861.978882446885
20213329	2799		5695.614000312984
20214351	2769		5696.125745207071
20215393	2810		5666.3288335725665
20216427	2792		5551.104980647564
20217406	2723		5523.868290692568
20218477	2778		5588.0528265833855
20219542	2797		5505.306540183723
20220527	2755		5563.349965572357
20221604	2831		5617.401736803353
20222634	2844		5663.497695274651
20223677	2874		5604.309222050011
20224709	2871		5594.494463995099
20225729	2880		5557.37270873785
20226714	2847		5628.022694006562
20227756	2852		5582.727808095515
20228765	2818		5561.063474416733
20229767	2803		5634.837798856199
20230811	2796		5736.66743028909
20231836	2820		5695.445363149047
20232851	2797		5452.768333777785
20233947	2885		5604.331561014056
20234910	2843		5566.318434737623
20235979	2881		5595.967140190303
20236937	2808		5619.715798825026
20237950	2789		5594.967373609543
20238934	2757		5573.4828267246485
20240034	2852		5734.831577323377
20241116	2912		5902.776397950947
20242055	2851		5868.687849029899
20243051	2840		5836.954083316028
20244028	2794		5811.326887950301
20244989	2710		5597.982747592032
20246034	2748		5692.160029612482
20247053	2753		5549.838713414967
20248135	2807		5507.720461659133
20249181	2820		5578.305534958839
20250221	2838		5591.420293264091
20251287	2871		5592.9817279055715
20252315	2863		5663.706095933914
20253263	2770		5686.111920915544
20254235	2724		5652.488036081195
20255246	2698		5619.532928228378
20256333	2762		5660.3688284903765
20257377	2762		5543.1875792220235
20258394	2762		5433.660588338971
20259494	2808		5507.60400018096
20260546	2834		5523.621198311448
20261574	2821		5558.223138250411
20262587	2829		5579.8193402811885
20263595	2830		5606.902399197221
20264555	2780		5610.10320661217
20265534	2750		5632.774966910481
20266503	2703		5567.75608792156
20267573	2765		5571.1897135823965
20268590	2738		5572.197273828089
20269657	2776		5561.708536066115
20270643	2759		5594.992341376841
20271606	2711		5473.234344922006
20272621	2690		5406.3633155450225
20273681	2718		5410.4497655928135
20274698	2702		5301.186064653099
20275609	2585		5304.019047290087
20276626	2563		5345.873291730881
20277667	2564		5327.358303450048
20278694	2580		5288.258740641177
20279688	2542		5162.316030241549
20280721	2560		5103.998793557286
20281725	2553		5139.066481135786
20282738	2564		5147.02989730984
20283799	2600		5201.789037294686
20284790	2564		5048.911844588816
20285782	2553		5127.996568918228
20286877	2592		5220.697916686535
20287885	2587		5321.918568693101
20288901	2566		5188.711949102581
20289864	2517		5023.837685205042
20290887	2483		4968.011062577367
20291925	2470		4975.3886766806245
20292906	2421		4960.723625980318
20293969	2475		4939.6002259776
20295134	2613		5161.061712734401
20296135	2576		5113.049618035555
20297233	2616		5187.963464900851
20298184	2538		5126.126052908599
20299189	2505		5061.18934751302
20300284	2591		5129.396425947547
20301327	2631		5067.930526867509
20302359	2636		5182.972741417587
20303399	2654		5312.090161375701
20304411	2629		5268.495064459741
20305485	2668		5289.143654614687
20306471	2637		5270.648641966283
20307492	2620		5323.566539362073
20308480	2599		5272.762411430478
20309552	2644		5323.587872356176
20310539	2607		5281.19484821707
20311624	2649		5292.517090290785
20312673	2659		5339.331585332751
20313738	2681		5328.929565384984
20314731	2642		5145.011772207916
20315744	2614		5062.491901896894
20316692	2533		4983.240875318646
20317691	2491		5068.061368562281
20318690	2478		5049.24250664562
20319784	2530		4996.5653106197715
20320832	2542		4871.729160241783
20321896	2565		4950.439138054848
20322897	2566		4914.8496895805
20323892	2543		5004.007844522595
20324876	2484		4963.314495578408
20325878	2485		5112.207609832287
20326964	2544		5170.466708160937
20327984	2559		5043.681766204536
20329023	2590		5048.972356572747
20330017	2571		5266.823914140463
20330988	2515		5179.377349644899
20332059	2552		5134.558410130441
20333144	2609		5129.979731202126
20334083	2541		4995.3607051074505
20335119	2530		5113.896712467074
20336097	2498		4973.217480830848
20337133	2483		4957.510865606368
20338237	2551		5072.663045227528
20339248	2522		5036.778889380395
20340294	2557		5097.897903576493
20341220	2460		5073.051569052041
20342232	2459		5027.627627938986
20343192	2408		4837.797614738345
20344282	2473		4829.642889246345
20345356	2524		4859.511286847293
20346250	2414		4743.114322319627
20347274	2420		4944.056496910751
20348287	2430		4971.164925061166
20349385	2506		4912.515030808747
20350366	2452		4919.776306442916
20351442	2482		5028.968478672206
20352436	2458		4962.040197595954
20353439	2458		4902.549552358687
20354437	2411		4845.739799179137
20355512	2442		4813.258438944817
20356518	2435		4788.597958818078
20357557	2469		4846.83389916271
20358597	2499		4809.195465780795
20359615	2509		4913.404502667487
20360614	2492		4922.4179631099105
20361605	2477		4968.0408678129315
20362643	2499		5008.2049355357885
20363667	2501		5098.636400185525
20364722	2516		4994.4183867275715
20365780	2556		5029.620734497905
20366842	2586		5067.223933495581
20367835	2540		5073.5914807245135
20368804	2474		5068.297088325024
20369820	2485		4998.256828784943
20370871	2515		5030.718324266374
20371889	2501		4976.587110005319
20372912	2490		5001.817597404122
20373857	2423		4975.930795893073
20374894	2439		5064.583584293723
20376013	2558		5134.87840680033
20377071	2582		5228.677282124758
20378151	2631		5396.43608507514
20379143	2570		5218.816446900368
20380158	2585		5134.673259817064
20381206	2583		5129.2838210090995
20382263	2633		5213.524639040232
20383277	2636		5205.172702953219
20384297	2647		5210.8789245560765
20385366	2668		5210.968534909189
20386428	2685		5370.436530187726
20387467	2723		5415.608378298581
20388494	2692		5367.249906666577
20389517	2706		5378.323498874903
20390476	2630		5292.426995418966
20391538	2672		5196.093168064952
20392622	2703		5301.896039962769
20393758	2825		5386.01674644649
20394890	2917		5497.827247388661
20395868	2878		5549.336353033781
20396933	2915		5732.546662159264
20397843	2820		5701.64332716912
20398883	2846		5654.313992880285
20399879	2793		5544.3778827264905
20400989	2856		5652.491536729038
20401977	2830		5682.706647343934
20402939	2764		5640.2462964728475
20403918	2726		5542.959209814668
20404973	2764		5606.223326429725
20406106	2863		5668.55246091634
20407128	2837		5673.957595445216
20408259	2917		5693.1286975592375
20409259	2905		5726.700225628912
20410287	2892		5726.2730630114675
20411319	2918		5933.077114470303
20412407	2961		5912.580112956464
20413413	2966		6000.29663374275
20414366	2897		5909.379286184907
20415399	2873		5991.383600100875
20416406	2873		5850.608379200101
20417445	2871		5820.438541591167
20418474	2888		5737.797701232135
20419542	2920		5725.624932132661
20420534	2902		5787.1891782954335
20421539	2903		5797.724351212382
20422558	2898		5756.360641792417
20423596	2880		5686.672476306558
20424667	2917		5794.13556971401
20425709	2939		5805.665607079864
20426679	2898		5732.278837926686
20427713	2901		5790.006708301604
20428785	2972		5909.7579526901245
20429843	3012		5999.8966846093535
20430906	3052		5944.664180576801
20431808	2951		5836.01306284219
20432853	2962		5880.885069221258
20433910	2978		6043.0304387286305
20434843	2871		5780.746834933758
20435860	2874		5735.032077841461
20436910	2887		5737.7227068170905
20437952	2915		5779.735843271017
20438952	2913		5821.144613519311
20439954	2874		5830.001688115299
20440951	2836		5876.8562081977725
20442045	2897		5925.737125098705
20443014	2864		5644.01392236352
20444078	2914		5702.651729620993
20445089	2885		5793.234888359904
20446133	2919		5911.304139472544
20447233	2979		5914.964349292219
20448232	2947		5806.735892564058
20449339	3022		5890.632858775556
20450308	2983		5908.100132614374
20451392	3060		5912.885388143361
20452407	3064		5989.1757455691695
20453455	3094		5988.896937005222
20454511	3128		6211.504324376583
20455438	3051		6128.193557977676
20456482	3074		6228.144154779613
20457520	3068		6224.937103666365
20458536	3051		6083.789892330766
20459544	3005		6013.634987518191
20460567	2995		6025.169123157859
20461567	2961		5946.1542787104845
20462561	2915		5890.308608867228
20463582	2915		5803.566948153079
20464641	2918		5760.001813799143
20465688	2934		5826.76588755101
20466768	3002		5912.458034455776
20467736	2937		5856.573393918574
20468744	2926		5852.992600366473
20469757	2920		5865.435009121895
20470758	2895		5713.020537748933
20471822	2910		5798.207375697792
20472784	2828		5702.363153979182
20473902	2914		5840.933722667396
20474885	2873		5843.090598024428
20475872	2838		5741.165665842593
20476842	2773		5648.213815428317
20477862	2793		5659.329930663109
20478918	2845		5703.247871942818
20479910	2829		5619.545026913285
20480883	2751		5505.459041535854
20481872	2730		5567.946225814521
20482887	2728		5630.778019562364
20483957	2783		5540.31122174114
20484928	2699		5429.187942221761
20485943	2708		5340.28478987515
20486955	2700		5384.638156443834
20487952	2681		5328.209106035531
20488988	2689		5413.533308893442
20490027	2690		5412.856743827462
20490967	2629		5416.869041107595
20492045	2665		5369.354774080217
20493065	2666		5416.150241754949
20494062	2647		5304.1664628610015
20495076	2643		5328.394325956702
20496144	2700		5345.499294497073
20497200	2721		5393.522248707712
20498239	2752		5392.68431700021
20499307	2774		5514.501608073711
20500465	2908		5670.840787269175
20501485	2885		5710.476894341409
20502423	2800		5673.670948944986
20503426	2764		5797.373637013137
20504462	2768		5798.697562456131
20505572	2820		5566.454901494086
20506686	2890		5623.515426494181
20507764	2916		5743.797264426947
20508814	2939		5886.296260885894
20509926	3031		6098.590073637664
20510994	3088		6113.987762384117
20512104	3186		6174.510060861707
20513170	3205		6202.8699681684375
20514196	3228		6269.756094887853
20515276	3295		6320.336706750095
20516253	3237		6400.789728656411
20517339	3303		6467.170524813235
20518352	3294		6554.772468581796
20519374	3281		6523.060984544456
20520345	3250		6579.961733877659
20521438	3307		6634.765898413956
20522488	3325		6629.668215811253
20523540	3349		6673.253243491054
20524536	3319		6607.416334010661
20525493	3256		6602.933595113456
20526469	3186		6545.849068790674
20527483	3190		6612.60997813195
20528530	3203		6559.768122717738
20529545	3218		6484.342792734504
20530607	3253		6473.2260434776545
20531573	3196		6393.4399650245905
20532639	3229		6459.730010196567
20533779	3328		6593.774527229369
20534890	3394		6649.353561513126
20535957	3453		6686.536426395178
20537059	3553		6897.555093482137
20538151	3606		7055.689013980329
20539277	3700		7189.760285541415
20540259	3656		7315.577695265412
20541411	3763		7388.705522343516
20542413	3756		7493.091491520405
20543439	3765		7566.961631245911
20544448	3739		7435.892816133797
20545509	3784		7559.797143206
20546585	3824		7582.862585529685
20547501	3715		7400.832243040204
20548575	3753		7439.777895979583
20549674	3806		7662.787293173373
20550728	3822		7544.107152350247
20551751	3830		7481.585369415581
20552829	3891		7441.618150524795
20553961	3994		7505.114386416972
20554938	3952		7709.82549855113
20555940	3945		7730.45232783258
20556987	3991		8003.502649210393
20558030	4028		8207.188071295619
20559064	4062		8039.01373232156
20560100	4089		8047.155321344733
20561149	4096		8060.928852558136
20562173	4117		8048.820874616504
20563159	4083		8071.907746210694
20564216	4117		8199.659030884504
20565293	4163		8234.479699462652
20566393	4206		8275.476932682097
20567442	4211		8248.09011028707
20568437	4203		8267.589937843382
20569419	4169		8284.009348593652
20570416	4130		8396.296829797328
20571393	4097		8499.7181038782
20572417	4079		8357.853827551007
20573517	4162		8336.646869279444
20574550	4158		8141.814074024558
20575561	4166		7998.143983513117
20576529	4131		8036.388192079961
20577582	4181		8280.16020655632
20578605	4165		8432.722838677466
20579580	4129		8331.621399082243
20580630	4140		8284.225107319653
20581600	4077		8240.008079499006
20582585	4032		8115.596097365022
20583598	4013		8090.608277872205
20584590	3977		8129.165559604764
20585586	3953		8034.628412485123
20586657	3989		8048.318221896887
20587723	4019		8074.3657052740455
20588800	4065		8026.949216350913
20589807	4025		7893.898711554706
20590836	4018		7998.363335862756
20591851	4025		7972.200747691095
20592901	4051		8084.721561908722
20593957	4083		8137.267483480275
20594935	4044		8075.611508063972
20595907	4008		8113.9812930598855
20596891	3969		8044.080253429711
20597891	3938		8004.052649460733
20598940	3979		8060.366107583046
20600028	4032		8019.651651598513
20601077	4024		7878.942017972469
20602126	4030		7895.885922014713
20603128	4032		7893.579244695604
20604162	4066		8064.54595900327
20605195	4052		8081.66396021843
20606161	3966		7944.360103577375
20607222	4011		8024.6785963997245
20608256	4013		8057.862594231963
20609320	4074		8198.221107803285
20610326	4058		8091.371044822037
20611289	4016		8076.911011703312
20612252	3956		8004.508821316063
20613269	3933		8053.972778052092
20614313	3945		8014.837402805686
20615348	3955		7993.108839459717
20616334	3920		7879.9509018063545
20617370	3932		7759.730288147926
20618347	3908		7759.631613999605
20619315	3872		7740.915211386979
20620385	3895		7692.016784101725
20621430	3895		7758.808695569634
20622481	3896		7800.306972697377
20623450	3839		7665.846482627094
20624600	3948		7812.134854577482
20625548	3896		7871.469075091183
20626580	3909		7828.399918705225
20627646	3938		7807.746469527483
20628704	3968		7917.705594912171
20629816	4061		7920.574582479894
20630832	4040		7949.191355161369
20631833	4007		7948.434155851603
20632822	3995		7954.253964290023
20633893	4035		8097.944915756583
20634966	4090		8200.735849797726
20636016	4123		8296.375704601407
20637048	4117		8258.181509241462
20638035	4093		8293.469406329095
20639113	4141		8289.68318080157
20640149	4161		8258.598201952875
20641218	4228		8338.60804052651
20642162	4157		8147.146763153374
20643179	4148		8251.871598400176
20644117	4051		8255.273051202297
20645225	4122		8320.96986054629
20646197	4036		8299.796316102147
20647233	4054		8295.901654809713
20648264	4070		8274.652476638556
20649303	4060		8372.670096181333
20650368	4072		8222.635676339269
20651495	4162		8405.291045822203
20652453	4109		8371.094076015055
20653501	4124		8467.228852696717
20654498	4111		8465.93358130753
20655485	4060		8443.884368412197
20656490	4054		8332.793282069266
20657493	4016		8234.317076809704
20658479	3987		8204.120681881905
20659475	3951		8015.25256921351
20660455	3930		8028.220024205744
20661460	3903		7875.576851636171
20662439	3854		7778.354916974902
20663331	3725		7643.009956546128
20664376	3729		7641.301830001175
20665441	3764		7670.713422566652
20666416	3686		7479.84219070524
20667394	3633		7443.291391462088
20668419	3652		7406.319830045104
20669416	3625		7397.865508727729
20670428	3612		7225.463378459215
20671476	3626		7267.782509997487
20672471	3620		7215.314619168639
20673484	3611		7314.825740404427
20674436	3514		7262.335930906236
20675513	3568		7248.814858213067
20676529	3550		7248.906970128417
20677529	3547		7144.447476953268
20678582	3543		7133.2959004715085
20679627	3560		7187.873785451055
20680587	3509		7048.273032233119
20681591	3491		7049.380599334836
20682610	3472		6986.085774876177
20683638	3477		6890.998834140599
20684649	3454		6927.676168367267
20685670	3445		6953.585523247719
20686729	3477		6945.790919080377
20687760	3506		6906.702756755054
20688746	3464		6759.872851334512
20689727	3429		6814.158625416458
20690752	3433		6958.547647878528
20691757	3409		7008.23359041661
20692840	3465		7026.161216400564
20693921	3542		7066.324804157019
20694895	3511		6998.270979739726
20696012	3589		7141.497615404427
20697012	3548		7080.009479612112
20697956	3486		7014.405576817691
20698905	3413		6851.0376803427935
20699873	3351		6632.078070379794
20700869	3301		6698.197160735726
20701905	3300		6667.134135402739
20702925	3298		6772.111035607755
20703930	3275		6626.771320022643
20704962	3270		6602.872779130936
20706063	3353		6683.205609239638
20707053	3304		6607.765842504799
20708080	3310		6559.8542461544275
20709090	3293		6724.721219539642
20710063	3254		6705.872672200203
20711092	3256		6631.199852287769
20712103	3252		6466.351536206901
20713171	3286		6546.473504215479
20714238	3310		6601.218163564801
20715298	3341		6695.699264653027
20716283	3314		6615.634149648249
20717412	3388		6696.829292111099
20718369	3327		6621.195531100035
20719361	3306		6569.020950525999
20720426	3354		6660.905916020274
20721470	3388		6707.196548342705
20722451	3332		6639.720608383417
20723381	3256		6474.6869178414345
20724424	3273		6658.321441926062
20725398	3245		6557.484279349446
20726369	3211		6565.969277881086
20727389	3207		6566.683601185679
20728453	3266		6614.650479897857
20729453	3250		6532.960965335369
20730429	3182		6413.12945215404
20731449	3178		6372.576829254627
20732482	3164		6370.931038215756
20733507	3141		6334.59239205718
20734525	3133		6309.3815841674805
20735509	3087		6210.396751232445
20736550	3118		6261.974358126521
20737635	3183		6341.7783033028245
20738669	3179		6232.573324650526
20739705	3213		6210.737955011427
20740794	3267		6393.955420918763
20741769	3215		6423.553716018796
20742725	3140		6385.208228230476
20743774	3145		6417.56564348191
20744800	3136		6321.299709327519
20745828	3136		6162.594061397016
20746848	3146		6257.01390209794
20747932	3219		6367.683854691684
20748933	3213		6414.440585814416
20749983	3232		6391.1571978628635
20751075	3293		6595.05983338505
20752113	3303		6624.844581991434
20753179	3322		6667.522217795253
20754227	3333		6579.360897704959
20755199	3282		6495.998532049358
20756215	3276		6418.478398747742
20757229	3239		6665.476889498532
20758203	3192		6552.374614663422
20759182	3129		6530.9214049726725
20760228	3149		6303.134251080453
20761305	3178		6271.100998722017
20762363	3210		6254.713018506765
20763471	3292		6498.382498398423
20764441	3232		6498.941371679306
20765398	3160		6451.9749257043
20766510	3263		6524.638127230108
20767516	3259		6496.639829158783
20768564	3283		6431.949702508748
20769619	3296		6554.443163126707
20770550	3227		6470.825013361871
20771645	3314		6563.3616796806455
20772651	3305		6640.336799047887
20773638	3268		6531.4790378287435
20774677	3300		6628.069226153195
20775688	3271		6486.224865943193
20776682	3234		6417.423507243395
20777732	3247		6490.064953997731
20778790	3258		6520.389518432319
20779852	3317		6579.5745622217655
20780712	3155		6440.695894874632
20781786	3229		6440.335873454809
20782807	3242		6456.914200477302
20783804	3207		6253.797220632434
20784786	3169		6324.899818770587
20785754	3121		6337.008449539542
20786739	3106		6326.2284513786435
20787760	3098		6232.551263511181
20788749	3045		6170.394640497863
20789842	3116		6218.663556315005
20790869	3107		6297.3413684517145
20791968	3179		6240.307802192867
20793055	3259		6427.915208362043
20794081	3247		6284.78048966825
20795123	3283		6311.392852246761
20796168	3308		6387.150284938514
20797175	3279		6465.959331795573
20798222	3308		6612.462013937533
20799312	3368		6723.697521947324
20800353	3391		6696.254204593599
20801469	3470		6737.571120642126
20802527	3488		6829.770113877952
20803531	3469		6769.023790761828
20804595	3492		6911.058977067471
20805631	3500		6922.5418600142
20806554	3406		6732.92585260421
20807617	3465		6783.420064970851
20808699	3530		6865.06572906673
20809696	3478		6963.32572953403
20810713	3481		6967.496682032943
20811865	3587		7223.40663062036
20812944	3665		7325.862893767655
20813951	3663		7161.254968956113
20814943	3648		7229.859471939504
20816078	3727		7375.191919252276
20817161	3762		7372.563114784658
20818172	3759		7290.530301682651
20819116	3695		7239.309316106141
20820147	3698		7383.453717641532
20821196	3717		7446.805571518838
20822245	3741		7484.635074228048
20823303	3774		7376.344870761037
20824340	3789		7346.66663685441
20825416	3834		7335.1751101613045
20826397	3778		7397.234692834318
20827409	3784		7476.30828717351
20828482	3828		7606.6725166291
20829577	3915		7678.979678839445
20830678	3972		7674.100668616593
20831759	4023		7737.207598678768
20832697	3910		7695.878561861813
20833690	3898		7788.625408560038
20834684	3884		7844.628673300147
20835728	3896		7931.2118591070175
20836773	3905		7851.715177990496
20837871	3973		7910.453847631812
20838890	3969		7899.559651598334
20839860	3889		7764.905298992991
20840898	3880		7844.067262008786
20841960	3898		7924.019854053855
20843099	3985		7899.409643933177
20844091	3973		7863.9037464261055
20845184	4038		7916.220692895353
20846210	4039		7913.667699478567
20847181	3997		7840.89292563498
20848247	4020		7917.407656043768
20849273	4030		7992.623749755323
20850302	4010		7909.790741570294
20851392	4054		7986.743298627436
20852424	4075		7886.195372231305
20853563	4154		8062.735119111836
20854604	4189		8068.649590075016
20855585	4165		8158.4494997859
20856597	4175		8197.128353260458
20857721	4253		8377.983964115381
20858727	4232		8406.003072500229
20859699	4178		8340.261647574604
20860789	4258		8308.170639708638
20861767	4236		8383.919031523168
20862762	4228		8397.457946933806
20863790	4217		8268.506605572999
20864809	4197		8424.602711766958
20865793	4161		8379.383426949382
20866832	4193		8359.209117092192
20867874	4221		8366.807915486395
20868924	4244		8396.307540647686
20870037	4323		8351.81608697027
20871045	4324		8422.717532008886
20872113	4356		8529.320330135524
20873120	4328		8477.414633400738
20874156	4322		8540.37877806276
20875185	4337		8606.947788737714
20876189	4339		8658.410167217255
20877225	4344		8661.049382343888
20878222	4313		8522.692216835916
20879205	4284		8505.97437427193
20880196	4263		8494.084666594863
20881343	4380		8630.335398361087
20882418	4413		8824.223970711231
20883458	4409		8743.361413247883
20884491	4403		8728.852490156889
20885520	4417		8869.102623067796
20886480	4373		8856.544377952814
20887549	4401		8843.058463007212
20888555	4405		8859.135921530426
20889669	4479		8857.214083693922
20890741	4524		8841.571767807007
20891811	4569		8944.69471500814
20892902	4633		9141.589793384075
20893916	4636		9206.93206679821
20894854	4569		9021.663517899811
20895909	4585		9086.833827123046
20896972	4604		9091.495427891612
20898055	4650		9094.69736545533
20899127	4664		9257.49483307451
20900111	4639		9290.914239130914
20901175	4679		9369.445592023432
20902217	4688		9383.57720142603
20903275	4724		9464.20920792222
20904318	4733		9546.122547373176
20905376	4768		9567.924311943352
20906492	4845		9672.806286014616
20907492	4819		9608.36442130059
20908527	4830		9659.768479771912
20909442	4696		9447.158168174326
20910466	4719		9505.793438479304
20911475	4691		9422.357563890517
20912536	4732		9422.043545268476
20913533	4729		9462.21946861595
20914533	4714		9350.984370075166
20915580	4729		9477.49085573852
20916639	4783		9497.508253611624
20917691	4794		9454.996083781123
20918794	4847		9573.029084898531
20919837	4843		9537.81805767864
20920882	4888		9688.408561512828
20921939	4932		9805.916278854012
20922968	4922		9888.443256340921
20923973	4903		10007.559378996491
20925005	4924		9993.244515709579
20926073	4947		10025.35198199749
20927050	4921		10014.44996020943
20928049	4917		9942.434079006314
20929095	4947		9936.330047495663
20930105	4953		9907.726588994265
20931140	4951		9912.836478628218
20932161	4943		9869.809656716883
20933206	4981		9847.709061905742
20934129	4874		9770.606291301548
20935223	4936		9794.400204449892
20936280	4973		9882.765697747469
20937313	4985		9834.6431838274
20938341	5000		9880.326710000634
20939452	5105		9878.724631808698
20940516	5147		9998.449934773147
20941578	5178		10081.238604865968
20942669	5236		10161.551427662373
20943706	5222		10233.621946401894
20944666	5159		10299.79401485622
20945775	5212		10405.648254051805
20946759	5149		10436.839269153774
20947694	5072		10403.548050105572
20948770	5141		10447.217463366687
20949812	5167		10442.81064580381
20950877	5194		10397.179065458477
20951936	5219		10279.387834869325
20952893	5156		10216.768809817731
20953892	5136		10223.08938087523
20954881	5080		10111.786701709032
20955938	5104		10274.03820285201
20956967	5123		10401.731929033995
20958019	5164		10362.9680936113
20958971	5070		10278.71286804229
20960013	5071		10271.940149471164
20961021	5050		10343.146900437772
20962073	5046		10277.331213913858
20963105	5056		10348.31414680928
20964037	4979		10140.506068728864
20964998	4916		10066.947401031852
20966034	4938		9935.92761234194
20966989	4865		9912.242603585124
20967969	4830		9837.475285314023
20968930	4783		9668.014328867197
20969917	4721		9525.989534392953
20970835	4638		9440.40499651432
20971847	4605		9370.562118433416
20972816	4535		9267.31905965507
20973823	4495		9174.896764472127
20974874	4492		9109.279804483056
20975864	4469		9017.998343862593
20976947	4521		8844.510265521705
20977977	4538		8934.667542546988
20979002	4526		9015.146828018129
20980003	4488		8918.209595173597
20981023	4455		8950.108268685639
20982056	4486		9014.587765067816
20983109	4535		8854.957780487835
20984120	4478		8737.386458843946
20985142	4492		8727.843910641968
20986154	4484		8840.141578160226
20987080	4409		8795.972100056708
20988141	4464		8970.37751764059
20989233	4528		9032.33561488986
20990265	4548		9111.991417646408
20991340	4590		9043.951758988202
20992398	4626		9128.39487709105
20993393	4600		9134.267390653491
20994449	4633		9298.818127535284
20995472	4620		9293.451017566025
20996512	4619		9188.79587136954
20997517	4603		9231.433450989425
20998526	4584		9132.59676246345
20999540	4596		9165.164562039077
21000574	4597		9056.290617473423
21001579	4561		9115.392177991569
21002643	4604		9120.946711726487
21003659	4618		9066.282489672303
21004660	4584		9056.727620482445
21005692	4583		9098.124114267528
21006701	4576		9115.059443868697
21007635	4499		8891.610000997782
21008739	4582		9015.471767000854
21009697	4531		8946.581595636904
21010821	4649		9040.583022199571
21011815	4634		9061.1865657866
21012840	4632		9125.68207859993
21013840	4591		9157.266751013696
21014912	4631		9194.04085226357
21015946	4637		9224.878858476877
21017039	4715		9252.233210995793
21018053	4688		9323.024518571794
21019124	4734		9337.277321748435
21020090	4693		9339.24255643785
21021057	4625		9340.285968869925
21022109	4666		9480.211840465665
21023139	4687		9438.138437710702
21024095	4628		9484.985915139318
21025136	4664		9404.382562473416
21026086	4587		9306.481529064476
21027132	4617		9277.831683889031
21028124	4590		9190.448886960745
21029108	4550		9129.475888513029
21030100	4511		9123.544529981911
21031091	4488		9098.323654264212
21032037	4391		8995.223954170942
21033065	4414		9013.763448864222
21034140	4479		9027.970351852477
21035083	4393		8894.95773229748
21036070	4345		8830.818082332611
21037142	4377		8766.797506958246
21038160	4355		8850.079829268157
21039204	4374		8865.763000175357
21040159	4298		8672.326409369707
21041153	4241		8664.144933730364
21042211	4280		8655.75536622107
21043251	4300		8727.074374884367
21044329	4367		8781.403570733964
21045303	4333		8729.343632042408
21046345	4335		8666.743665292859
21047348	4299		8640.534601941705
21048437	4351		8693.794125899673
21049415	4305		8612.249869041145
21050415	4260		8479.84667520225
21051517	4333		8531.702992640436
21052518	4289		8603.380992211401
21053472	4242		8475.257022842765
21054524	4250		8512.145843617618
21055561	4234		8592.07426289469
21056594	4262		8473.460891261697
21057677	4306		8546.829902477562
21058730	4347		8583.189322642982
21059780	4378		8503.944741897285
21060832	4391		8575.000515066087
21061862	4370		8606.599109813571
21062902	4356		8645.175619095564
21063944	4346		8729.894301868975
21064932	4310		8794.52803492546
21065950	4303		8757.009007818997
21066993	4311		8758.875815950334
21068000	4285		8834.302432022989
21069034	4272		8621.00383733213
21070040	4276		8702.510439947248
21071044	4265		8642.904479943216
21072129	4299		8666.496905140579
21073222	4375		8698.208263128996
21074279	4420		8663.280116610229
21075313	4394		8640.622465960681
21076368	4397		8594.54256208241
21077437	4465		8708.343524806201
21078531	4512		8866.581816978753
21079516	4468		8920.543728381395
21080570	4479		8872.68365239352
21081693	4569		8826.897822879255
21082743	4588		9050.356724105775
21083779	4580		9034.210931874812
21084831	4584		9023.337832607329
21085855	4590		9106.473657384515
21086847	4535		9166.391167625785
21087806	4486		9118.808641895652
21088809	4484		9132.86218085885
21089870	4535		9221.91007181257
21090841	4505		9149.204776890576
21091835	4494		8890.030279122293
21092782	4387		8729.539570607245
21093729	4298		8637.092432685196
21094656	4224		8610.936346918344
21095700	4237		8638.593225471675
21096670	4204		8543.262544497848
21097643	4172		8447.87153147906
21098659	4170		8456.676399551332
21099646	4100		8444.811265930533
21100624	4077		8231.561064012349
21101568	3982		8116.6702804118395
21102600	4001		8133.227070592344
21103638	3985		8082.660493858159
21104557	3897		8103.762305118144
21105504	3824		7999.0680118352175
21106533	3801		7843.058098822832
21107508	3757		7737.249110862613
21108555	3773		7589.780910342932
21109597	3812		7655.572091661394
21110613	3789		7710.703564219177
21111698	3855		7752.306922569871
21112632	3781		7623.4221735447645
21113696	3813		7580.7143524214625
21114706	3810		7547.926647976041
21115835	3899		7706.122121155262
21116818	3854		7559.634595386684
21117869	3856		7538.617568522692
21118865	3804		7580.737868197262
21119949	3846		7641.867514900863
21120994	3879		7764.556316785514
21121992	3835		7702.783826887608
21122968	3794		7713.052672319114
21124024	3805		7745.310103960335
21125063	3837		7799.825792267919
21126119	3877		7693.8879549875855
21127088	3843		7558.078093491495
21128097	3819		7583.115824595094
21129121	3823		7513.552403025329
21130130	3829		7629.506281726062
21131132	3813		7652.3687233403325
21132198	3841		7698.369860142469
21133273	3903		7726.853351846337
21134299	3928		7835.293947570026
21135350	3967		7809.504765197635
21136446	4050		7945.782261572778
21137462	4062		7927.179691024125
21138415	4010		8013.6183960437775
21139475	4050		8052.665151134133
21140551	4109		8206.823529042304
21141603	4156		8225.03862555325
21142646	4180		8118.164795875549
21143641	4126		7992.565449714661
21144625	4101		8046.363197997212
21145614	4062		8107.9342776834965
21146726	4105		8147.403209373355
21147756	4133		8143.81051902473
21148892	4232		8227.016773581505
21149938	4247		8274.741107821465
21150886	4184		8239.927537187934
21151790	4051		8235.997591912746
21152782	4037		8181.876894488931
21153787	4014		8135.42186383903
21154855	4063		8176.018220379949
21155883	4076		8059.918469250202
21156993	4182		8254.638414226472
21157969	4148		8249.128666326404
21159029	4163		8284.245084166527
21160075	4180		8281.796594657004
21161123	4198		8427.813235834241
21162212	4279		8462.604625888169
21163246	4285		8542.329606957734
21164301	4313		8560.44861254841
21165373	4377		8666.521342873573
21166329	4331		8679.475192338228
21167300	4287		8670.463498085737
21168320	4300		8587.517523869872
21169351	4314		8678.530355237424
21170460	4393		8666.527566201985
21171459	4372		8566.027694799006
21172524	4405		8656.4187727198
21173550	4392		8723.886492043734
21174557	4395		8741.736238613725
21175655	4459		8822.277160309255
21176728	4502		8876.018007099628
21177809	4547		8908.927005790174
21178808	4533		8855.106697551906
21179798	4509		8952.346031479537
21180760	4444		8782.872830286622
21181746	4388		8757.992689833045
21182779	4416		8827.385339669883
21183812	4411		8814.170170910656
21184822	4392		8871.29960975051
21185832	4381		8860.092616580427
21186849	4393		9020.592740096152
21187891	4386		8991.105209961534
21188909	4402		9110.124832339585
21189875	4348		8908.828127875924
21190936	4378		8847.290662877262
21191848	4260		8741.479398936033
21192881	4291		8678.891686968505
21193944	4314		8643.218933776021
21194906	4268		8576.717265665531
21195982	4291		8586.720090664923
21197009	4268		8675.452846378088
21197992	4242		8551.513844169676
21199045	4257		8634.911248855293
21200020	4223		8601.66594928503
21201117	4284		8666.048024699092
21202140	4283		8761.789643764496
21203203	4313		8735.53950471431
21204222	4328		8654.161310829222
21205240	4322		8564.59537640214
21206283	4335		8593.817892819643
21207349	4374		8667.281284935772
21208373	4387		8775.243045270443
21209363	4351		8781.513387978077
21210392	4324		8702.609727025032
21211510	4409		8909.86336877197
21212594	4443		8954.408377021551
21213666	4473		9025.400581814349
21214706	4503		8852.385563656688
21215674	4442		8874.192980580032
21216708	4432		8817.134528554976
21217747	4438		8763.917570516467
21218801	4461		8905.111930020154
21219805	4430		8961.593249760568
21220848	4430		8818.755573280156
21221912	4474		8838.133078344166
21222927	4452		8827.57353221625
21223897	4418		8677.97040232271
21224894	4392		8771.455898530781
21225905	4375		8653.191397637129
21226851	4306		8554.841769501567
21227889	4340		8592.270373240113
21228870	4311		8591.787846721709
21229898	4302		8507.283789120615
21230871	4247		8463.386701695621
21231940	4274		8533.854132540524
21232972	4267		8454.75743099302
21234017	4290		8534.09935323149
21235043	4309		8449.812917418778
21236037	4279		8423.690527908504
21237085	4319		8579.120401144028
21238098	4316		8547.343009322882
21239170	4351		8653.154811896384
21240160	4340		8605.050182141364
21241122	4265		8582.728541210294
21242107	4210		8518.32168777287
21243118	4173		8468.758304834366
21244194	4220		8477.567160382867
21245244	4231		8315.268932178617
21246283	4242		8362.553259409964
21247314	4269		8324.361448302865
21248315	4257		8363.172271966934
21249282	4188		8258.72980158031
21250255	4149		8283.483813330531
21251218	4089		8243.82896386087
21252327	4150		8287.819490872324
21253331	4122		8248.417767941952
21254388	4155		8344.659249089658
21255395	4160		8269.116754077375
21256396	4149		8343.642024308443
21257421	4137		8270.18836709112
21258395	4100		8175.716141536832
21259455	4143		8376.188091345131
21260410	4079		8297.555360339582
21261348	3984		8330.118517920375
21262422	4028		8308.026173233986
21263460	4062		8214.886343076825
21264457	4039		8090.281265489757
21265476	4028		7880.813291467726
21266610	4154		8131.6247802600265
21267559	4087		8164.569547586143
21268539	4046		8111.587297074497
21269629	4106		8215.728640146554
21270674	4115		8290.292848311365
21271782	4181		8333.699488565326
21272781	4150		8201.268381424248
21273797	4131		8341.491308130324
21274828	4137		8367.077599518001
21275791	4084		8343.81372243911
21276735	4015		8304.913487121463
21277794	4039		8309.319568127394
21278771	4014		8150.687497369945
21279863	4073		8101.197743438184
21280915	4119		8103.7196288481355
21281914	4104		8075.1463275924325
21282952	4130		8220.580704003572
21284007	4161		8341.226340778172
21285117	4225		8347.773784346879
21286063	4150		8302.055038914084
21287103	4164		8218.784225523472
21288092	4114		8160.034629173577
21289103	4107		8222.023822933435
21290211	4177		8170.059017494321
21291264	4175		8229.140726834536
21292264	4161		8169.763742521405
21293218	4115		8098.9477988258
21294275	4142		8246.220559634268
21295248	4102		8216.503919810057
21296275	4099		8276.10223607719
21297366	4188		8264.741909720004
21298424	4217		8224.596382334828
21299404	4195		8177.9824449718
21300404	4194		8125.338909581304
21301431	4187		8217.35309138149
21302393	4143		8220.000986509025
21303353	4076		8154.948022395372
21304303	4006		7997.5923178792
21305357	4030		8106.838380753994
21306365	4002		8157.028718061745
21307398	3982		8060.099200114608
21308422	3976		8139.51589563489
21309444	3987		7975.629233904183
21310435	3951		7840.922753326595
21311452	3958		7815.227640494704
21312484	3959		7807.796408414841
21313451	3865		7799.306375227869
21314436	3850		7798.893211424351
21315453	3845		7793.979241639376
21316472	3829		7661.582887366414
21317457	3786		7557.395838037133
21318494	3815		7503.17933383584
21319527	3839		7497.215138196945
21320542	3839		7567.6276585534215
21321577	3832		7647.898654550314
21322562	3798		7670.022141098976
21323506	3741		7599.420623272657
21324507	3713		7701.175479270518
21325544	3706		7555.344097107649
21326573	3721		7518.198104761541
21327456	3599		7386.603135585785
21328524	3624		7316.753289721906
21329595	3663		7359.90284049511
21330524	3586		7177.039944566786
21331610	3644		7187.214161515236
21332620	3622		7275.228253811598
21333689	3651		7274.111556716263
21334645	3607		7213.516495443881
21335604	3520		7121.3009968698025
21336602	3514		7096.013944812119
21337650	3511		7079.0021099969745
21338686	3538		7073.211780972779
21339685	3536		7011.064333423972
21340702	3506		7061.925914354622
21341760	3536		7099.378591760993
21342839	3600		7108.183280132711
21343851	3603		7044.6922577396035
21344845	3587		6989.711602754891
21345915	3629		7136.782938316464
21346862	3574		7278.268880583346
21347861	3530		7228.012339740992
21348902	3559		7210.638492740691
21349873	3506		7138.101780049503
21350900	3511		7076.541569814086
21351906	3471		7126.207799695432
21352906	3433		7060.787632487714
21353946	3462		6973.4322794526815
21354957	3436		6694.131741896272
21356000	3456		6726.1087631732225
21357028	3474		6743.222607649863
21357973	3381		6722.042579449713
21359023	3372		6649.373478107154
21360145	3444		6840.419833794236
21361154	3449		6801.439216591418
21362232	3520		6938.308762513101
21363299	3540		7039.253710784018
21364358	3578		7178.296173557639
21365396	3607		7217.9161297008395
21366481	3640		7476.654286772013
21367453	3599		7470.8270760551095
21368499	3628		7427.326402761042
21369632	3717		7614.849322445691
21370697	3738		7474.507022373378
21371728	3736		7543.323883719742
21372709	3695		7503.948120124638
21373765	3696		7431.359940588474
21374753	3670		7396.573550365865
21375749	3644		7438.630234144628
21376772	3663		7397.883178114891
21377831	3704		7377.895013391972
21378820	3665		7183.815843388438
21379833	3676		7197.931369826198
21380854	3661		7203.318832568824
21381881	3677		7352.706843405962
21382847	3638		7310.58501316607
21383848	3620		7190.934778593481
21384914	3638		7224.948893621564
21385927	3609		7219.632737398148
21387015	3644		7206.532901361585
21388014	3630		7153.744793385267
21388970	3546		7157.848109573126
21389962	3500		7050.372996687889
21390955	3483		7089.279847741127
21391988	3489		6976.317089393735
21392946	3440		6928.20409964025
21393903	3364		6825.087057001889
21394889	3333		6704.144507832825
21395912	3344		6669.605977065861
21396851	3279		6572.793784193695
21397900	3313		6686.822910659015
21398861	3272		6812.455331385136
21399898	3300		6643.622708797455
21400879	3229		6496.06219483912
21401824	3151		6446.886758215725
21402846	3134		6446.823094569147
21403774	3033		6270.415347568691
21404845	3098		6354.821867018938
21405887	3089		6290.429152190685
21406900	3076		6198.444872252643
21407918	3087		6119.406673774123
21408874	3037		6094.914274223149
21409920	3067		6093.697323143482
21410833	2974		6014.404863283038
21411848	2989		5924.213036082685
21412826	2948		5998.942671999335
21413868	2988		5882.515270613134
21414878	2977		5874.785410702229
21415955	3020		5872.575053431094
21416935	2994		5850.081308960915
21417997	3009		5916.296345978975
21419015	3011		5924.326722547412
21420085	3052		6008.948675453663
21421083	3035		6002.385932564735
21422086	3018		5972.134921275079
21423130	3022		6051.590042158961
21424231	3111		6148.721879452467
21425289	3144		6184.537397056818
21426280	3094		6037.269890025258
21427266	3050		6133.760087475181
21428328	3060		6131.905988253653
21429345	3061		6191.853430569172
21430393	3066		6168.85812574625
21431445	3117		6201.689193464816
21432472	3088		6013.3663839399815
21433413	2992		5947.635678745806
21434459	3004		6082.450169280171
21435515	3025		6147.17655569315
21436605	3072		6008.653307676315
21437620	3054		6015.86061797291
21438614	3020		5960.956926263869
21439570	2954		5967.08992087096
21440638	2992		6027.275004804134
21441651	2980		6074.397085785866
21442685	3005		5973.931472212076
21443741	3019		6048.238915190101
21444747	3018		5941.262299731374
21445718	2973		5980.234984576702
21446834	3088		6089.641903452575
21447862	3070		6191.892739929259
21448782	2984		6132.217576049268
21449780	2975		6251.375490099192
21450798	2988		6105.432688303292
21451803	2978		6001.24268206954
21452793	2950		5980.78107085824
21453934	3047		6132.045955374837
21454966	3021		5907.920035153627
21456008	3032		5976.803595639765
21457053	3072		6086.886178277433
21458133	3126		6292.079872384667
21459189	3161		6246.80088801682
21460289	3218		6263.486763596535
21461354	3274		6205.960945650935
21462481	3350		6429.992742694914
21463491	3303		6404.133427925408
21464464	3233		6394.315568774939
21465464	3216		6447.101411536336
21466502	3239		6532.800266258419
21467493	3177		6440.364072397351
21468529	3182		6321.180774457753
21469489	3124		6313.466334953904
21470432	3033		6177.828201778233
21471515	3101		6331.009011559188
21472553	3099		6187.772504173219
21473597	3138		6170.952607207
21474558	3097		6185.394547387958
21475564	3066		6306.225236952305
21476680	3164		6491.692568518221
21477688	3168		6463.785868830979
21478693	3150		6334.004838049412
21479688	3121		6389.120931498706
21480607	2999		6133.208981238306
21481598	2941		6062.62007304281
21482658	3000		6077.878966353834
21483726	3050		6062.84823474288
21484787	3100		6119.148063220084
21485783	3086		6117.606323197484
21486798	3079		6114.817379690707
21487819	3068		6185.633132219315
21488843	3054		6180.100319683552
21489926	3131		6307.076191492379
21490946	3107		6167.588556192815
21492026	3170		6159.623246371746
21493015	3145		6218.576794616878
21494063	3175		6301.183980435133
21495018	3094		6400.14601366967
21495987	3062		6355.391784407198
21497038	3061		6409.49202992022
21498107	3090		6302.085719697177
21499109	3084		6202.378271378577
21500102	3048		6165.667312115431
21501188	3112		6156.496492795646
21502213	3132		6165.762832097709
21503248	3144		6190.0761351287365
21504220	3091		6234.403716117144
21505224	3049		6260.352473385632
21506226	3041		6237.298416867852
21507225	3026		6238.82010293752
21508237	2995		6160.231630377471
21509271	3018		6152.323384016752
21510342	3040		6041.7658586502075
21511364	3037		5924.275469884276
21512317	2958		5937.01200825721
21513272	2908		5833.335234448314
21514205	2841		5899.467084415257
21515262	2889		5795.843965984881
21516327	2902		5683.721038199961
21517400	2946		5631.738237425685
21518404	2948		5759.751336283982
21519453	2964		5896.949803613126
21520448	2956		5947.931085810065
21521432	2915		5889.989501804113
21522446	2926		5873.931833080947
21523382	2856		5844.005218304694
21524410	2856		5835.101884678006
21525406	2820		5888.158046506345
21526369	2775		5774.769389882684
21527373	2773		5694.088242985308
21528323	2722		5607.120878212154
21529332	2707		5481.032055199146
21530351	2726		5569.581728726625
21531352	2714		5488.108778074384
21532399	2755		5430.797619834542
21533444	2749		5533.071873426437
21534493	2762		5520.225720182061
21535529	2756		5608.632781632245
21536488	2705		5565.780415505171
21537472	2672		5475.204819858074
21538462	2629		5367.534453682601
21539452	2585		5228.3397815823555
21540522	2625		5266.603274568915
21541610	2676		5353.7241203561425
21542563	2620		5253.3429686278105
21543658	2689		5329.890307672322
21544681	2678		5353.484759740531
21545704	2672		5289.322584681213
21546779	2713		5394.760818764567
21547747	2664		5371.864363014698
21548724	2605		5265.93242572993
21549703	2584		5311.555606156588
21550798	2653		5239.90997928381
21551886	2709		5308.177407339215
21552906	2712		5268.26154794544
21553956	2750		5287.139298990369
21555018	2808		5465.982396803796
21556024	2772		5513.446952529252
21557026	2772		5662.572161860764
21558081	2798		5676.461585208774
21559118	2834		5511.8423937261105
21560242	2946		5699.44239847362
21561243	2945		5793.9376739785075
21562232	2905		5818.780675955117
21563262	2933		5834.921930119395
21564295	2928		5878.998765423894
21565341	2943		5901.018808573484
21566321	2891		5864.499460093677
21567372	2923		5787.4949435815215
21568471	2996		5917.487348459661
21569483	2968		5908.198941074312
21570477	2952		6076.303389534354
21571574	3022		6134.3885061740875
21572607	3032		5979.707005023956
21573682	3090		5878.171043775976
21574694	3095		5958.662370957434
21575693	3092		6014.67569206655
21576700	3053		6158.8793517798185
21577780	3109		6246.651280015707
21578814	3124		6206.3194674775
21579868	3123		6119.975950017571
21580860	3108		6152.411497741938
21581862	3095		6180.719615325332
21582919	3110		6220.213384032249
21584016	3171		6222.272486105561
21584982	3107		6172.703058749437
21585955	3067		6151.932632774115
21586948	3037		6219.001963607967
21587939	3027		6157.362114094198
21588958	3031		6108.684641636908
21589971	3040		6133.109342515469
21590996	3025		6034.996686726809
21591992	2997		6043.795411609113
21593082	3032		5966.929295904934
21594101	3035		5943.412973098457
21595122	3026		5988.750076599419
21596116	2976		5958.091727092862
21597167	2990		6056.502700984478
21598167	2990		5992.5161035731435
21599155	2952		5924.013262920082
21600217	2971		5956.906023211777
21601135	2888		5832.029895976186
21602188	2934		5905.826196208596
21603150	2896		5942.610047727823
21604156	2889		5896.910965889692
21605230	2919		5856.643782414496
21606273	2935		5811.363241888583
21607279	2924		5820.753528222442
21608342	2962		5891.921346664429
21609398	2973		5902.717070862651
21610403	2963		5966.984329015017
21611445	2973		6015.78325304389
21612498	3000		6114.115371465683
21613521	3014		5991.907775729895
21614566	3016		5949.060153990984
21615611	3033		6027.959699682891
21616649	3054		6150.857250645757
21617706	3064		6132.977150037885
21618687	3012		6076.346792921424
21619734	3027		6089.685083478689
21620760	3008		6001.335841104388
21621814	3025		6001.927638344467
21622865	3074		6098.278862506151
21623936	3100		6144.220426984131
21624944	3070		6161.931071199477
21625964	3075		6153.963516548276
21627008	3076		6205.384105600417
21628092	3142		6193.086132779717
21629143	3160		6247.582337409258
21630180	3182		6321.099323794246
21631240	3238		6479.243799991906
21632307	3278		6515.711770877242
21633245	3200		6466.614847294986
21634233	3183		6409.597168684006
21635307	3223		6549.7329045161605
21636323	3236		6557.809798821807
21637409	3283		6632.56480909884
21638543	3390		6694.29548727721
21639606	3418		6710.629922628403
21640641	3427		6782.963028721511
21641643	3428		6795.949511855841
21642713	3479		6935.181585408747
21643758	3510		6860.682478174567
21644755	3486		6839.75098130852
21645820	3550		6942.597006909549
21646878	3603		6993.354219794273
21647864	3588		7018.928673185408
21648884	3585		7046.751309297979
21649994	3665		7152.532495945692
21651036	3679		7219.504012688994
21652123	3751		7244.038952216506
21653101	3694		7346.631904818118
21654154	3743		7469.348550654948
21655222	3752		7523.02159190923
21656260	3785		7693.310635007918
21657351	3828		7598.285032659769
21658371	3822		7620.4488580822945
21659392	3813		7512.430289462209
21660420	3838		7541.154032863677
21661482	3851		7734.398988753557
21662538	3890		7751.357148371637
21663595	3910		7843.42174603045
21664577	3849		7840.484587959945
21665607	3860		7872.49379812181
21666637	3885		7977.403751462698
21667676	3895		8047.1891448274255
21668748	3962		7957.5876083523035
21669761	3958		7997.249131247401
21670838	4015		7992.17206119746
21671831	3982		7971.47517580539
21672898	4035		8072.842803061008
21673873	4004		7981.672032512724
21674914	4016		7984.452602058649
21675897	3964		7896.822142913938
21676850	3872		7838.239369779825
21677863	3841		7704.044706001878
21678895	3865		7790.376212596893
21679983	3912		7738.145558401942
21680964	3878		7645.820778533816
21682004	3884		7658.951551526785
21683083	3927		7803.091049425304
21684065	3904		7825.4014052301645
21685128	3918		7755.576457925141
21686158	3913		7769.277595423162
21687143	3867		7914.779403090477
21688126	3838		7958.840078525245
21689144	3852		7959.855487108231
21690110	3792		7867.1998935341835
21691078	3735		7626.23956207931
21691993	3623		7414.378251835704
21692952	3550		7347.184401661158
21693995	3543		7273.50901799649
21694959	3504		7244.20195261389
21695954	3490		7236.547385722399
21696929	3463		7230.48371784389
21698054	3543		7257.530912473798
21699033	3498		7122.165284387767
21700055	3502		7058.938953228295
21701102	3545		7190.873600594699
21702091	3532		7074.5919462144375
21703131	3569		7115.6876695379615
21704203	3603		7087.7672637254
21705330	3683		7260.129126049578
21706382	3729		7341.28568867594
21707416	3753		7307.574239462614
21708473	3765		7383.691716127098
21709523	3799		7511.763359837234
21710522	3772		7510.293835259974
21711497	3719		7480.365363821387
21712493	3685		7395.79145719856
21713520	3673		7460.297373980284
21714511	3664		7467.740052118897
21715544	3683		7372.498183272779
21716599	3708		7340.910613723099
21717717	3814		7444.865823425353
21718739	3818		7441.343964330852
21719761	3839		7449.0997090265155
21720847	3902		7424.047705233097
21721842	3882		7571.427565142512
21722904	3919		7518.122852511704
21723908	3897		7549.372626960278
21724874	3835		7581.099330127239
21725973	3904		7655.98433380574
21727016	3933		7751.847655266523
21728056	3973		7816.7268875315785
21729064	3953		7853.903671003878
21730043	3908		7795.933073155582
21730986	3833		7800.210705138743
21731964	3800		7772.043831460178
21733018	3825		7757.012760080397
21734069	3851		7789.786034092307
21735111	3867		7875.033462025225
21736115	3843		7761.404674001038
21737139	3846		7849.997068457305
21738074	3765		7807.927423119545
21739108	3774		7659.327164940536
21740130	3776		7692.296673744917
21741191	3798		7614.268339462578
21742224	3794		7480.757899820805
21743204	3757		7475.139899127185
21744208	3730		7428.496261626482
21745245	3754		7468.101904705167
21746232	3728		7522.383797258139
21747210	3692		7419.155241437256
21748191	3670		7265.182782508433
21749176	3626		7255.924222514033
21750194	3619		7360.691473938525
21751158	3571		7252.454128660262
21752193	3582		7335.865717001259
21753169	3531		7203.495201587677
21754196	3514		7105.278373390436
21755187	3485		6997.987475574017
21756278	3540		7066.660420954227
21757325	3554		7037.657729007304
21758367	3585		6957.046309106052
21759402	3615		7029.159522838891
21760493	3655		7165.548952162266
21761448	3597		7143.314548119903
21762449	3545		6986.7265123948455
21763456	3537		7069.390680670738
21764506	3578		6990.549261160195
21765553	3620		6994.763334363699
21766570	3631		7038.5443754047155
21767539	3576		7093.246939226985
21768513	3533		7083.793564453721
21769535	3553		7228.196950875223
21770557	3548		7219.535788834095
21771614	3591		7229.290904983878
21772622	3552		7094.1221661269665
21773635	3561		7183.664569765329
21774727	3622		7220.27067578584
21775841	3716		7285.061828009784
21776824	3687		7342.452426336706
21777827	3686		7284.674678854644
21778821	3653		7394.878333583474
21779883	3676		7371.213721849024
21780915	3651		7342.989640586078
21781995	3701		7344.089657910168
21783054	3760		7474.170947626233
21784104	3754		7466.471361860633
21785154	3788		7530.439522996545
21786160	3782		7518.014159053564
21787212	3786		7543.072254486382
21788198	3766		7518.105540603399
21789190	3741		7500.667972430587
21790208	3752		7641.197898723185
21791289	3791		7610.859100759029
21792263	3744		7604.373459085822
21793291	3729		7507.129661120474
21794283	3666		7354.972130060196
21795339	3691		7468.32136400044
21796365	3673		7486.847440205514
21797398	3662		7364.451628930867
21798406	3645		7503.339343436062
21799432	3656		7485.143322557211
21800433	3632		7430.893484070897
21801449	3644		7340.635967127979
21802415	3578		7204.183718085289
21803526	3671		7235.7667627856135
21804538	3665		7272.208248645067
21805486	3605		7226.937858752906
21806551	3658		7276.400133110583
21807576	3680		7392.25934547931
21808686	3782		7427.469858124852
21809752	3810		7463.272674992681
21810807	3829		7563.821769475937
21811913	3905		7786.800497405231
21812937	3920		7837.477945826948
21813952	3929		7736.07394310832
21814940	3914		7774.685018658638
21815857	3822		7654.279153972864
21816887	3817		7738.838660053909
21817914	3812		7812.7718971297145
21819079	3960		7942.281151153147
21820061	3922		7825.254008173943
21821107	3938		7834.932950168848
21822165	3969		7856.733244910836
21823148	3913		7895.58469312638
21824157	3886		7810.152818985283
21825197	3901		7723.762727238238
21826222	3886		7769.998283915222
21827221	3878		7657.803434632719
21828236	3871		7690.783327616751
21829251	3847		7755.125405535102
21830261	3841		7713.60826049
21831282	3821		7749.696518242359
21832352	3891		7854.805446587503
21833411	3942		7813.6605954021215
21834404	3928		7843.447643622756
21835446	3928		7713.957168608904
21836438	3917		7784.961769379675
21837485	3937		7829.396140933037
21838540	3981		7792.272136926651
21839640	4058		7952.847160413861
21840628	4019		7976.274505190551
21841636	3989		7989.991750791669
21842640	3993		8112.6090530231595
21843602	3944		8151.627285182476
21844615	3908		7953.296036630869
21845648	3905		7849.197741165757
21846662	3917		7885.5211234763265
21847734	3968		7904.367191538215
21848730	3949		7956.244323328137
21849738	3956		7939.276032790542
21850774	3952		7964.826259531081
21851862	3993		8125.4821945130825
21852896	3993		7972.6332936659455
21853980	4059		8045.1270606815815
21854969	4048		8014.331396877766
21855954	3991		7904.547356367111
21856994	4022		7933.581655092537
21858068	4086		8094.3923709616065
21859089	4062		8077.141979217529
21860189	4115		8111.631689019501
21861208	4087		8159.747033111751
21862255	4102		8243.815782167017
21863311	4144		8261.0963890329
21864314	4107		8256.50235363841
21865333	4122		8285.931167766452
21866338	4084		8198.343472130597
21867351	4068		8250.368010401726
21868303	4006		8235.964760117233
21869261	3956		8061.645191952586
21870330	4021		8058.005224250257
21871351	4000		8000.501023642719
21872351	3970		7894.012568697333
21873343	3945		7846.246141381562
21874354	3927		8013.271705746651
21875381	3928		7916.366861961782
21876413	3931		7959.434356190264
21877407	3917		7901.585908874869
21878455	3954		7935.368761248887
21879439	3927		7915.0635518580675
21880479	3927		7980.383354254067
21881576	3981		7917.565248608589
21882588	3972		7979.028240002692
21883625	3958		7924.10678794235
21884689	3993		8016.247927285731
21885670	3963		7999.387524373829
21886733	3984		7909.438769444823
21887810	4034		7992.224507518113
21888794	3998		7990.460084222257
21889800	3965		7864.987184844911
21890748	3888		7859.840064398944
21891752	3844		7908.434591270983
21892822	3876		7821.597740009427
21893935	3943		7774.560429900885
21895047	4027		7822.887049905956
21896050	4021		7899.062510207295
21897019	3974		8026.679855018854
21898096	4028		8142.994441665709
21899181	4108		8230.543591536582
21900210	4108		8188.519390024245
21901289	4156		8160.533047646284
21902318	4156		8190.734342262149
21903380	4215		8326.721130721271
21904365	4200		8308.924386508763
21905398	4188		8366.778387799859
21906378	4113		8325.529102057219
21907388	4108		8391.931021809578
21908536	4232		8544.794634722173
21909522	4211		8506.002357520163
21910496	4172		8402.594983458519
21911576	4209		8334.748141765594
21912618	4200		8399.782964110374
21913615	4178		8367.939960934222
21914607	4123		8330.678941376507
21915599	4086		8352.49996431917
21916675	4143		8363.09941201657
21917681	4121		8331.51159387827
21918749	4155		8224.32205171138
21919772	4133		8152.231090776622
21920814	4137		8196.839517883956
21921766	4081		8193.290692046285
21922893	4185		8280.121835581958
21923930	4199		8372.87968415767
21924971	4231		8447.447255320847
21925956	4191		8299.101501196623
21927024	4222		8394.172706156969
21928182	4352		8504.16594260186
21929183	4342		8498.13396385312
21930203	4362		8398.372618332505
21931226	4372		8610.706091843545
21932216	4357		8592.441700361669
21933248	4326		8584.92534147203
21934321	4386		8723.663104876876
21935354	4398		8689.916248716414
21936400	4434		8669.923471070826
21937376	4349		8557.106511935592
21938383	4340		8592.183297149837
21939394	4337		8650.49428857863
21940456	4388		8816.066691793501
21941464	4388		8788.72444525361
21942437	4356		8700.897851318121
21943500	4388		8774.463865727186
21944543	4383		8805.602843172848
21945543	4361		8741.485063113272
21946555	4333		8805.489399455488
21947611	4346		8794.196199208498
21948638	4363		8858.258557118475
21949679	4354		8823.820383191109
21950618	4274		8672.216551080346
21951590	4217		8678.729861021042
21952620	4234		8705.77582103014
21953589	4195		8695.869032226503
21954609	4214		8620.906387411058
21955594	4195		8514.271318383515
21956646	4236		8506.34522728622
21957624	4187		8405.237682566047
21958604	4154		8304.477803967893
21959642	4171		8266.792536959052
21960709	4200		8290.422177650034
21961830	4298		8284.857310660183
21962894	4342		8382.868066437542
21963978	4396		8502.926430918276
21965044	4413		8564.334426112473
21966038	4405		8656.208680905402
21967021	4380		8671.709747970104
21968028	4371		8746.61326790601
21969030	4330		8661.226081185043
21970097	4360		8847.322721906006
21971063	4325		8666.463419288397
21972145	4402		8747.804657042027
21973152	4401		8750.000487938523
21974159	4387		8657.01530367881
21975249	4474		8768.40454236418
21976297	4511		8921.27228487283
21977371	4524		8921.379316158593
21978437	4568		9004.133053131402
21979518	4637		9102.842265725136
21980584	4687		9184.116813108325
21981638	4727		9138.966986738145
21982741	4802		9333.490771017969
21983786	4802		9375.292986445129
21984883	4874		9443.349070839584
21985864	4825		9494.235173501074
21986963	4883		9644.45377329737
21988068	4969		9795.514576241374
21989158	5053		9873.870885848999
21990190	5077		9978.141495086253
21991178	5047		9883.591432623565
21992216	5073		9974.937562346458
21993174	4998		9978.428878739476
21994167	4971		10115.526532761753
21995152	4922		10021.358343206346
21996243	4971		10051.923004582524
21997300	5011		10153.816401086748
21998323	5003		10035.580555334687
21999283	4955		9753.286889776587
22000318	4963		9694.748290464282
22001321	4958		9755.727490268648
22002281	4892		9740.951862700284
22003319	4920		9736.072696559131
22004305	4879		9759.35586412996
22005349	4920		9903.036435611546
22006409	4937		9898.068445153534
22007342	4860		9792.528799332678
22008450	4948		9963.435770273209
22009484	4954		9964.753962792456
22010562	4988		9979.938912704587
22011587	5009		9943.307698786259
22012568	4954		9751.855446256697
22013496	4872		9874.19678735733
22014464	4836		9799.195820324123
22015495	4824		9902.701460525393
22016526	4830		9887.80274835974
22017528	4819		9931.922390811145
22018565	4823		9741.310607798398
22019569	4809		9675.35268086195
22020535	4739		9625.578834787011
22021552	4749		9599.567277729511
22022565	4759		9588.50247528404
22023637	4821		9578.404330439866
22024607	4782		9589.488939963281
22025605	4767		9447.095424160361
22026658	4765		9544.339467674494
22027689	4754		9519.94863703847
22028703	4743		9645.639759741724
22029779	4814		9683.020774379373
22030817	4845		9641.224705666304
22031770	4780		9480.796345837414
22032834	4791		9507.989530563354
22033912	4827		9462.08591581136
22034899	4784		9512.04524667561
22035874	4744		9478.349277846515
22036875	4710		9471.073818929493
22037881	4682		9378.138888955116
22038951	4709		9520.106299586594
22040042	4786		9523.909439124167
22041118	4816		9552.911736257374
22042130	4787		9586.496595971286
22043206	4836		9613.531034946442
22044224	4802		9572.238487713039
22045249	4827		9737.081299364567
22046215	4773		9588.527518518269
22047189	4708		9601.020342551172
22048178	4673		9635.119818992913
22049135	4619		9572.275587178767
22050143	4589		9563.382138460875
22051092	4533		9511.697848148644
22052146	4551		9411.310881577432
22053188	4538		9307.457282148302
22054255	4591		9266.14905525744
22055327	4642		9239.57739880681
22056322	4633		9231.031770959496
22057313	4601		9153.264452897012
22058305	4589		9143.352822177112
22059357	4625		9279.169112570584
22060401	4642		9365.91692083329
22061305	4528		9193.191150471568
22062352	4539		9170.62629749626
22063373	4511		9240.291757404804
22064409	4532		9280.990080848336
22065466	4545		9208.711182259023
22066399	4471		9004.65476334095
22067450	4487		9088.463395230472
22068501	4529		9060.29955086112
22069533	4516		9110.574995607138
22070595	4556		9037.370292447507
22071688	4647		9113.793963685632
22072770	4716		9209.53353843838
22073767	4695		9179.620359793305
22074774	4666		9098.392344512045
22075727	4592		9173.944540470839
22076713	4574		9276.569449909031
22077766	4582		9253.670633010566
22078754	4566		9160.289287917316
22079745	4528		9057.170721694827
22080732	4488		8970.437179490924
22081761	4488		8873.39646653086
22082734	4411		8843.270068451762
22083717	4361		8751.265922687948
22084747	4348		8781.291534535587
22085775	4373		8892.194590434432
22086845	4403		8941.814134858549
22087846	4375		8896.816597700119
22088962	4467		9056.739191502333
22090036	4482		8955.355766162276
22091019	4454		8870.256401136518
22092080	4502		8781.789924047887
22093158	4559		8795.91142912209
22094141	4524		8704.07996058464
22095128	4489		8709.918700158596
22096182	4503		8837.987458959222
22097262	4538		8978.181557402015
22098189	4444		8975.940475851297
22099192	4432		9000.221304394305
22100203	4396		9057.355647720397
22101165	4353		9087.470274709165
22102177	4359		8972.702845051885
22103217	4363		8827.462392807007
22104198	4322		8634.794109657407
22105177	4272		8517.515724547207
22106213	4296		8505.934584610164
22107246	4297		8595.813800647855
22108158	4192		8442.653602361679
22109175	4197		8493.56557996571
22110197	4190		8492.826707206666
22111301	4260		8510.379143118858
22112308	4236		8436.726453065872
22113327	4219		8254.681245394051
22114371	4241		8295.959214910865
22115395	4238		8357.090102165937
22116424	4239		8341.862833924592
22117442	4213		8287.708325996995
22118402	4149		8225.582532912493
22119393	4112		8226.988233059645
22120459	4136		8271.413495853543
22121504	4179		8293.575142510235
22122566	4216		8312.505750611424
22123658	4269		8307.589103274047
22124687	4257		8272.13928488642
22125634	4201		8324.681606560946
22126729	4242		8349.153675198555
22127766	4271		8514.928720876575
22128783	4249		8563.882182747126
22129763	4215		8489.823814556003
22130788	4217		8570.818941831589
22131814	4202		8617.307558193803
22132828	4215		8550.550751559436
22133892	4246		8554.713578499854
22134908	4228		8485.23632594943
22135887	4199		8454.746225617826
22136851	4153		8445.718146301806
22137875	4167		8458.335170157254
22138860	4088		8408.272977009416
22139934	4115		8317.985176801682
22140832	4011		8170.666701607406
22141869	4043		8196.267466254532
22142900	4069		8039.4189932867885
22143935	4074		8241.054618418217
22145037	4155		8223.58253853023
22146072	4176		8345.486370101571
22147133	4204		8337.15427929163
22148175	4228		8280.962007507682
22149247	4279		8414.463876977563
22150289	4316		8539.240280106664
22151291	4318		8601.074855662882
22152314	4296		8616.562230966985
22153324	4283		8720.887545384467
22154285	4225		8695.503294922411
22155355	4248		8649.44363579154
22156421	4308		8717.935825623572
22157434	4313		8630.38733010739
22158514	4387		8592.587060838938
22159482	4345		8651.92429330945
22160465	4315		8636.857144765556
22161453	4284		8649.053700208664
22162430	4247		8614.31196410209
22163439	4227		8501.225837141275
22164431	4180		8453.957407332957
22165445	4184		8424.398605719209
22166405	4113		8309.625374265015
22167395	4099		8271.688859559596
22168417	4102		8238.493696898222
22169488	4149		8310.441288508475
22170441	4086		8070.092606700957
22171538	4133		8191.36504022032
22172543	4125		8194.049412570894
22173560	4138		8331.151311941445
22174571	4143		8314.67593690008
22175655	4191		8445.426437236369
22176701	4212		8403.355705037713
22177712	4190		8363.610292747617
22178773	4234		8445.123303480446
22179717	4176		8358.04598096013
22180777	4195		8422.324229300022
22181911	4277		8453.699099391699
22182888	4243		8460.497620351613
22183877	4217		8406.066813640296
22184978	4297		8511.828624650836
22186080	4359		8669.801041916013
22187139	4374		8658.64696457982
22188111	4344		8594.202523253858
22189095	4328		8691.720178768039
22190081	4288		8790.187778711319
22191086	4275		8767.01797887683
22192178	4352		8812.301631309092
22193244	4381		8798.846975319088
22194272	4401		8723.954555340111
22195259	4362		8776.540574029088
22196328	4421		8947.030488058925
22197364	4413		8955.894687719643
22198402	4435		9005.048823013902
22199393	4409		8911.455438151956
22200476	4477		9081.433263525367
22201564	4524		9067.510696575046
22202625	4564		9037.167088992894
22203593	4524		9042.492783367634
22204518	4412		8965.277280695736
22205541	4417		8892.658077128232
22206593	4454		9054.655163504183
22207571	4414		8995.597534880042
22208650	4465		8806.33319325
22209621	4431		8790.449944399297
22210616	4401		8787.86334951222
22211593	4338		8666.26630678773
22212684	4407		8759.53235346824
22213744	4429		8720.245482034981
22214798	4436		8767.866987772286
22215826	4450		8683.164215117693
22216838	4428		8606.999482944608
22217879	4459		8671.25820839405
22218911	4479		8668.421421967447
22219982	4531		8783.645752377808
22220977	4517		8891.285460039973
22222139	4636		9033.276393570006
22223133	4620		9036.887799538672
22224100	4554		9062.252709023654
22225203	4626		9121.96984796226
22226184	4604		9179.815466329455
22227156	4554		9113.642542555928
22228225	4592		9043.521437585354
22229189	4530		9015.130254074931
22230301	4591		9162.075909018517
22231306	4576		9216.383436009288
22232353	4606		9350.529503934085
22233317	4541		9233.545138791203
22234373	4589		9171.328882463276
22235345	4543		9110.622551046312
22236418	4598		9146.7223713547
22237436	4589		9102.306099176407
22238386	4517		9053.88020965457
22239450	4552		9170.337226092815
22240451	4520		9005.539717555046
22241505	4551		9140.555706471205
22242508	4536		9059.17649308592
22243574	4550		9161.251655869186
22244555	4523		9124.362897701561
22245557	4525		9286.92993029207
22246608	4535		9258.55170430988
22247657	4557		9291.186819821596
22248733	4581		9237.713044263422
22249729	4540		9145.211222358048
22250760	4537		9091.72959100455
22251809	4567		9177.49532789737
22252900	4645		9312.614177338779
22253865	4572		9233.001215741038
22254881	4587		9142.805617146194
22255951	4616		9241.95392215252
22256882	4515		9216.513848178089
22257875	4504		9271.216762341559
22258893	4514		9196.953479118645
22259965	4545		9193.932752393186
22260967	4513		9029.497338570654
22261988	4520		8921.386309534311
22263044	4551		8985.226603381336
22264037	4516		8961.090759381652
22265000	4434		8931.577142953873
22265944	4378		8927.086096271873
22266974	4356		8907.910954274237
22268044	4409		8902.204751469195
22269060	4414		8821.001711510122
22270099	4447		8725.588441930711
22271137	4462		8711.677159175277
22272146	4450		8850.807439886034
22273194	4457		9014.620480269194
22274229	4452		9186.925540238619
22275228	4410		9076.204235203564
22276205	4378		8962.549955636263
22277213	4343		8894.101492024958
22278198	4321		8816.605934433639
22279139	4261		8743.460149914026
22280162	4276		8752.747475765646
22281204	4268		8651.70653694123
22282377	4403		8732.824252530932
22283452	4439		8780.12849060446
22284464	4439		8879.316010333598
22285486	4457		8860.211698457599
22286507	4476		8955.936253771186
22287571	4510		9001.06667920947
22288641	4546		8914.687460906804
22289635	4507		8886.914673447609
22290673	4516		8982.150778204203
22291667	4491		9041.042214885354
22292718	4495		9108.418507747352
22293767	4529		9184.389455504715
22294768	4485		9201.076925463974
22295775	4473		9066.365573741496
22296730	4391		8835.13714800775
22297774	4419		8866.629145689309
22298793	4429		8761.128174342215
22299888	4489		8766.210501305759
22300938	4519		8771.192212812603
22301942	4523		8869.70277068764
22302964	4501		8810.00024291128
22303972	4475		8866.622405916452
22305014	4474		8921.219638258219
22306107	4536		9111.691769830883
22307202	4610		9138.285078465939
22308140	4523		9089.232684582472
22309142	4500		9063.30058541894
22310198	4508		9056.44783064723
22311144	4426		9003.704611688852
22312191	4451		8955.147828549147
22313238	4463		8786.486169822514
22314207	4401		8773.70230011642
22315150	4299		8605.71112523228
22316168	4275		8517.472888566554
22317094	4190		8587.42518222332
22318099	4179		8633.835579939187
22319130	4166		8524.90945404023
22320152	4183		8475.987523123622
22321258	4239		8444.450892858207
22322245	4218		8349.661114551127
22323317	4233		8309.274415016174
22324416	4301		8364.492190010846
22325499	4379		8562.424336768687
22326563	4390		8514.252287350595
22327603	4410		8552.944462575018
22328618	4421		8620.976407632232
22329586	4373		8615.445417329669
22330624	4399		8714.00568434596
22331627	4390		8737.769674450159
22332693	4443		8879.05971801281
22333720	4453		8904.747336365283
22334734	4428		8842.298583649099
22335754	4421		8757.168423861265
22336745	4373		8757.825180858374
22337792	4403		8846.490242235363
22338764	4356		8801.175424292684
22339746	4306		8685.900026239455
22340711	4257		8723.700691871345
22341840	4376		8747.439647197723
22342813	4333		8686.545050375164
22343838	4318		8686.264682859182
22344834	4303		8605.2891080603
22345830	4253		8585.747070409358
22346867	4265		8611.430804260075
22347915	4297		8644.643030904233
22349045	4392		8779.60130854696
22350025	4350		8694.275308415294
22351043	4346		8659.14717643708
22352064	4365		8638.756274163723
22353068	4353		8640.1843444556
22354116	4363		8610.845474764705
22355245	4446		8752.47580153495
22356290	4460		8752.227863140404
22357305	4471		8884.606189981103
22358283	4418		8759.929123044014
22359314	4396		8790.620051600039
22360291	4363		8760.280860364437
22361357	4421		8893.791042909026
22362403	4461		8780.814058721066
22363348	4365		8776.936896406114
22364396	4380		8718.411896884441
22365365	4337		8763.630942158401
22366475	4440		8943.960899151862
22367428	4383		8865.346289008856
22368387	4314		8757.882782712579
22369486	4382		8797.77387328446
22370547	4422		8983.355511955917
22371551	4374		8930.407756462693
22372541	4357		8853.375097513199
22373542	4353		8815.0088840127
22374605	4375		8813.786671549082
22375654	4415		8897.272439092398
22376638	4369		8728.738318361342
22377731	4452		8832.464549161494
22378770	4455		8919.370287932456
22379770	4418		8917.300945580006
22380810	4430		8886.351904630661
22381917	4510		9007.043398238719
22382953	4526		9065.514638021588
22383944	4479		8996.622684575617
22385027	4523		9093.318885348737
22386098	4582		9186.16896943748
22387172	4613		9157.348474569619
22388200	4585		9110.799580097198
22389144	4528		8961.302273616195
22390164	4524		8962.887325376272
22391203	4547		9123.921585455537
22392314	4637		9196.179048106074
22393407	4714		9312.978374898434
22394387	4668		9297.142722606659
22395354	4626		9184.77450311184
22396415	4639		9033.430119343102
22397462	4654		9120.68544434756
22398442	4595		9209.610194899142
22399461	4591		9238.515493795276
22400512	4579		9268.324122339487
22401554	4588		9414.231007687747
22402542	4550		9273.078118473291
22403529	4486		9088.635750293732
22404456	4399		8894.95723386854
22405431	4368		8797.22379540652
22406420	4334		8720.668165244162
22407364	4250		8579.285047270358
22408421	4282		8557.824789389968
22409463	4308		8687.80711774528
22410487	4328		8746.74912302941
22411509	4330		8774.632907271385
22412404	4222		8646.632928445935
22413443	4234		8607.123960502446
22414457	4235		8526.06116054207
22415510	4256		8520.491955168545
22416476	4215		8395.772311136127
22417485	4192		8341.854067459702
22418552	4254		8527.306864708662
22419524	4200		8464.410239763558
22420609	4249		8443.297245293856
22421712	4313		8463.705035999417
22422761	4345		8479.566851258278
22423785	4349		8374.317454896867
22424834	4390		8425.982235565782
22425857	4363		8555.396669358015
22426897	4385		8691.445311203599
22427914	4387		8719.847887717187
22428930	4368		8789.038389571011
22430032	4446		8865.364755123854
22430965	4379		8723.056364692748
22431944	4315		8681.16708675772
22432977	4306		8641.280754886568
22434015	4308		8713.161618120968
22435078	4327		8764.247809901834
22436067	4275		8760.002085492015
22437009	4144		8517.189433984458
22438001	4108		8528.077340371907
22439001	4066		8483.63169427216
22439966	4023		8263.608421169221
22440993	4044		8230.278805486858
22441968	3981		8031.424713969231
22442921	3922		8002.504870764911
22443896	3883		8029.463972426951
22444862	3829		7932.58313895762
22445833	3759		7768.563950546086
22446911	3815		7735.475771777332
22448026	3864		7617.884661175311
22449074	3880		7563.99966584146
22450109	3869		7491.064534269273
22451095	3838		7545.022236198187
22452136	3868		7734.519338466227
22453211	3921		7820.728331357241
22454202	3875		7824.025937289
22455244	3896		7864.345992945135
22456228	3836		7755.229393303394
22457250	3856		7744.293616972864
22458328	3913		7769.0401927903295
22459331	3892		7739.002468176186
22460405	3917		7591.478907845914
22461441	3924		7690.787671349943
22462487	3931		7780.158385962248
22463486	3923		7868.680742904544
22464510	3912		7910.267299965024
22465490	3862		7817.197241090238
22466493	3828		7838.4638845175505
22467447	3753		7705.714667893946
22468492	3775		7796.47501770407
22469551	3818		7795.702846489847
22470561	3825		7646.535803452134
22471549	3807		7729.153617978096
22472629	3834		7702.05961150676
22473614	3806		7699.505641080439
22474624	3779		7688.144932970405
22475656	3797		7725.916202753782
22476726	3840		7864.03082370013
22477726	3822		7785.855797737837
22478703	3787		7756.714722171426
22479838	3880		7787.240616992116
22480850	3873		7697.130429185927
22481969	3961		7818.670110285282
22482973	3911		7684.8328365162015
22484098	3985		7804.845579169691
22485088	3967		7766.412841565907
22486126	3995		7894.782796956599
22487061	3923		7775.55770688504
22488122	3945		7941.704896874726
22489163	3948		7830.850907742977
22490199	3962		7770.431456744671
22491273	4032		7834.992964789271
22492329	4043		7876.292592085898
22493309	3992		7862.242931172252
22494380	4059		8060.176371142268
22495384	4035		8046.178803622723
22496406	4045		8036.883209563792
22497468	4104		7952.223053582013
22498487	4088		7957.816860318184
22499549	4138		7956.373009182513
22500511	4083		7951.199259832501
22501580	4126		8122.931512914598
22502569	4083		8101.573884926736
22503519	4031		8217.288150124252
22504558	4048		8099.475615687668
22505566	4037		8116.552499584854
22506545	4006		8074.878678165376
22507540	3979		7905.719032295048
22508586	3977		7998.758885502815
22509600	3988		7971.276798114181
22510678	4040		8010.640130929649
22511714	4055		8062.563502587378
22512755	4070		8143.8925393894315
22513761	4075		8099.863597281277
22514838	4145		8269.791558884084
22515890	4168		8284.95874299109
22516874	4128		8230.955129690468
22517835	4082		8216.621034130454
22518906	4106		8376.780635096133
22519944	4091		8395.339515693486
22520932	4053		8292.14820471406
22522005	4104		8300.123047195375
22523037	4094		8127.503805413842
22524088	4145		8200.483303308487
22525140	4159		8219.808304473758
22526080	4093		8248.875682756305
22527063	4046		8245.07482625544
22528114	4067		8284.056256785989
22529092	4023		8215.462616488338
22530120	4034		8181.438814125955
22531110	3995		8080.8634602651
22532208	4085		8184.223444081843
22533163	4035		8132.992964036763
22534265	4080		8141.579972848296
22535257	4014		8131.081417910755
22536295	4051		8300.51794052124
22537275	3973		8227.302508153021
22538314	3993		8186.783970974386
22539318	3971		8044.594354882836
22540349	3965		8039.585753880441
22541368	3977		7894.961222119629
22542352	3945		8002.694959700108
22543370	3933		7982.323286369443
22544377	3910		7851.051256172359
22545423	3903		7987.842907629907
22546492	3967		7959.121841028333
22547591	4039		8059.924629278481
22548647	4077		8051.484504677355
22549645	4070		8024.123639062047
22550702	4106		8114.645364053547
22551766	4166		8269.200044587255
22552750	4143		8285.859621882439
22553788	4164		8252.685673706234
22554880	4224		8311.93419379741
22556010	4308		8398.8873424083
22557109	4358		8396.96524182707
22558055	4272		8405.637466914952
22559052	4255		8467.139600150287
22560069	4233		8436.31432415545
22561114	4267		8629.522828780115
22562137	4252		8438.687259279191
22563245	4313		8539.43745149672
22564269	4333		8564.841370634735
22565302	4331		8575.6690948233
22566286	4279		8516.075731031597
22567351	4318		8575.310539573431
22568385	4295		8652.960821278393
22569380	4278		8638.314436942339
22570449	4346		8696.901192866266
22571422	4312		8554.326518684626
22572449	4286		8603.31710369885
22573557	4389		8588.25274835527
22574567	4362		8703.513242140412
22575547	4318		8651.890950389206
22576563	4283		8558.927137173712
22577566	4283		8602.787327833474
22578583	4298		8676.863234862685
22579614	4279		8603.815614141524
22580602	4243		8640.478702127934
22581552	4185		8549.647587366402
22582655	4258		8565.834156028926
22583692	4279		8595.810589693487
22584764	4305		8563.435866832733
22585822	4350		8676.096612036228
22586849	4363		8732.192009627819
22587871	4341		8725.20472804457
22588930	4381		8851.921633563936
22590065	4493		9012.461707055569
22591144	4532		8972.929384738207
22592149	4537		8910.826377116144
22593218	4584		8980.64900137484
22594215	4541		8958.064573951066
22595259	4543		9023.816209204495
22596232	4481		9046.583558611572
22597291	4514		9031.548907451332
22598217	4420		9059.589036032557
22599312	4474		9089.907624222338
22600373	4532		9139.995523482561
22601361	4494		9031.831556797028
22602476	4563		9055.446255169809
22603421	4500		9065.675519421697
22604422	4462		9006.451484426856
22605456	4476		8962.164713174105
22606475	4477		8940.603767544031
22607501	4495		8903.188224561512
22608565	4513		8880.25010484457
22609540	4474		8811.125613577664
22610605	4502		8953.185225315392
22611580	4456		8929.958227090538
22612614	4460		8903.309283733368
22613617	4418		8901.952173657715
22614671	4437		8931.528863705695
22615636	4381		8888.55518963933
22616626	4350		8877.897400394082
22617679	4384		8821.223233871162
22618775	4425		8816.44890307635
22619834	4484		8942.498578123748
22620894	4527		8928.233683630824
22621916	4512		8870.594142310321
22622964	4544		8999.615552477539
22623928	4502		8973.31841454655
22625011	4542		9142.727330930531
22626047	4544		9204.662833340466
22627122	4608		9276.680880241096
22628055	4513		9189.432415187359
22629033	4454		9087.963735997677
22630028	4423		8995.043052352965
22631057	4437		9000.177842117846
22632122	4489		8977.292139962316
22633081	4403		8814.131899856031
22634221	4510		8880.902717739344
22635288	4546		9025.068832211196
22636405	4656		9142.333305992186
22637395	4634		9064.297493383288
22638432	4627		9050.16615024209
22639502	4679		9231.097918100655
22640540	4710		9351.893530033529
22641517	4677		9326.209922358394
22642555	4671		9250.374081373215
22643687	4750		9324.152832672
22644671	4694		9442.599623553455
22645715	4711		9443.255532331765
22646730	4667		9429.551314659417
22647772	4669		9438.959453873336
22648783	4666		9454.690985515714
22649819	4681		9404.047184482217
22650810	4647		9478.830868057907
22651776	4598		9486.156788185239
22652780	4562		9481.8541886881
22653831	4577		9425.980964973569
22654821	4562		9361.561104774475
22655840	4578		9308.17762555182
22656841	4554		9131.358276896179
22657807	4489		8984.560026146472
22658890	4542		9092.611778102815
22659926	4542		9225.9407100752
22660961	4541		9220.68116441369
22661947	4500		9084.880313582718
22662863	4411		9057.209932975471
22663843	4363		8950.711417131126
22664886	4369		8808.391423687339
22665887	4342		8670.460129372776
22666915	4321		8650.738173104823
22667856	4256		8579.274564892054
22668883	4257		8694.220482930541
22669898	4225		8620.863491125405
22670932	4223		8652.779098294675
22671897	4178		8506.757366746664
22673020	4274		8570.989593960345
22674058	4286		8644.499066345394
22675049	4233		8533.25057696551
22676103	4255		8496.027490653098
22677166	4292		8675.360490843654
22678216	4310		8576.975997567177
22679223	4300		8549.064499944448
22680242	4312		8528.336260356009
22681216	4268		8469.201892606914
22682216	4237		8456.971524611115
22683199	4184		8428.595005042851
22684277	4223		8512.481797680259
22685258	4157		8283.347186550498
22686318	4166		8327.619344882667
22687354	4165		8322.788837350905
22688406	4195		8415.728156156838
22689468	4247		8465.722071386874
22690522	4256		8495.656790815294
22691524	4244		8434.820817194879
22692549	4234		8498.916612528265
22693589	4215		8499.090172588825
22694642	4249		8551.432943120599
22695731	4291		8558.136164166033
22696717	4264		8520.714317545295
22697712	4229		8376.491376757622
22698701	4199		8361.418696656823
22699697	4179		8533.882145643234
22700704	4176		8445.681415237486
22701716	4184		8450.376251637936
22702639	4062		8238.965678662062
22703707	4084		8159.718210197985
22704667	4015		8098.133948169649
22705657	3977		8068.200881078839
22706674	3948		7933.500325769186
22707717	3982		7945.659933306277
22708805	4036		7875.520465500653
22709902	4106		7931.000875748694
22710885	4081		7982.371389977634
22711862	4029		7974.17506724596
22712945	4086		8077.902061216533
22713996	4099		8212.38074350357
22715047	4121		8203.976159214973
22716091	4155		8144.873592220247
22717148	4170		8343.807226546109
22718168	4186		8322.06671127677
22719168	4175		8310.915914013982
22720286	4253		8444.34404951334
22721344	4275		8349.520895175636
22722312	4209		8349.706847779453
22723390	4270		8412.24154702574
22724397	4257		8491.978995285928
22725425	4275		8565.410934478045
22726483	4293		8548.235417343676
22727541	4310		8608.610269762576
22728497	4235		8556.56679854542
22729541	4259		8611.74630779773
22730523	4200		8547.687329180539
22731554	4208		8591.440689183772
22732523	4134		8429.035346880555
22733573	4144		8399.949636891484
22734576	4110		8314.60428084433
22735588	4122		8283.36984334141
22736627	4128		8250.69032651931
22737622	4090		8181.454730473459
22738670	4109		8218.369498454034
22739694	4110		8309.44093222171
22740737	4108		8292.439594894648
22741804	4163		8255.444456331432
22742846	4160		8273.189214631915
22743781	4067		8160.963923126459
22744866	4123		8191.773725658655
22745945	4165		8355.640081457794
22746972	4150		8341.47010307759
22747986	4140		8251.638761371374
22748987	4141		8341.096414931118
22749995	4146		8508.097556725144
22751021	4152		8423.852105788887
22752012	4135		8441.368232153356
22752933	4044		8305.991173774004
22753986	4065		8338.613272234797
22755064	4119		8479.553634941578
22756108	4157		8324.14025491476
22757134	4137		8275.830023735762
22758156	4143		8153.131197206676
22759200	4169		8267.72853385657
22760308	4276		8451.506823889911
22761410	4338		8425.493760056794
22762399	4327		8462.333693638444
22763556	4459		8612.422680549324
22764581	4454		8746.954358793795
22765619	4465		8716.027120493352
22766648	4480		8749.82739365846
22767620	4451		8730.778466157615
22768691	4519		8852.138001777232
22769637	4444		8809.263025045395
22770705	4506		8985.762880846858
22771747	4524		8964.489043973386
22772760	4513		9035.419577777386
22773792	4505		9038.82451159507
22774778	4449		8962.219481043518
22775760	4415		8950.989555433393
22776729	4370		8961.630223184824
22777698	4317		8887.366249322891
22778716	4322		8742.83458968997
22779753	4352		8693.023161299527
22780766	4350		8674.049949772656
22781794	4333		8587.522769749165
22782757	4283		8540.924957990646
22783830	4328		8689.294162556529
22784892	4389		8706.803538784385
22785900	4391		8600.780078180134
22786923	4399		8740.907707884908
22787973	4439		8787.899022988975
22788970	4388		8773.657798141241
22789987	4357		8792.525387369096
22791003	4362		8837.327632904053
22792156	4483		8903.944016933441
22793261	4579		8960.285044066608
22794258	4539		8844.424119181931
22795303	4554		8901.712124086916
22796302	4513		8923.918538734317
22797336	4531		9083.93038019538
22798377	4531		9096.836422465742
22799447	4585		9206.070450887084
22800461	4566		9095.497903756797
22801500	4576		9028.343816436827
22802497	4550		8951.055848881602
22803499	4533		9027.670305743814
22804567	4597		9049.38403826952
22805585	4613		9172.291027978063
22806568	4578		9079.881145708263
22807548	4548		9127.040975958109
22808695	4681		9199.963126666844
22809730	4708		9218.725191295147
22810743	4687		9212.86675901711
22811863	4792		9414.79381275177
22812860	4766		9576.656849369407
22813861	4767		9664.598238997161
22814830	4710		9536.662108585238
22815939	4802		9636.544043205678
22816976	4825		9603.59152804315
22818087	4890		9612.677268147469
22819176	4960		9580.715559057891
22820320	5067		9820.528945177794
22821417	5149		10131.618338279426
22822322	5048		10004.480009779334
22823421	5122		10091.760083518922
22824474	5169		10243.483008392155
22825573	5228		10451.31225810945
22826622	5262		10414.278449036181
22827654	5242		10327.449586182833
22828657	5240		10403.766516447067
22829708	5262		10475.985621660948
22830717	5265		10435.291632823646
22831764	5261		10421.679076388478
22832826	5313		10480.027577199042
22833900	5350		10424.364321321249
22834868	5300		10384.897727802396
22835916	5321		10424.302727423608
22836894	5269		10435.340077713132
22837880	5219		10427.41166190803
22838922	5215		10467.090060524642
22839944	5199		10361.014353044331
22841022	5244		10491.017838999629
22842021	5185		10408.387201055884
22842946	5091		10243.953652903438
22843864	4989		10273.795876987278
22844953	5067		10405.576126269996
22846016	5096		10396.998657360673
22846973	5027		10237.9138437137
22848018	5071		10296.377705179155
22849080	5093		10174.275653220713
22850024	5027		10098.809505648911
22851102	5081		10090.926499776542
22852197	5156		10065.535341620445
22853156	5115		10045.727930396795
22854235	5174		10121.467456586659
22855208	5126		10077.17801270634
22856183	5087		10209.553331375122
22857203	5096		10255.401449553668
22858244	5110		10253.57281127572
22859268	5120		10376.823391988873
22860300	5152		10454.367875948548
22861408	5226		10500.135824240744
22862512	5289		10649.713669553399
22863584	5338		10691.754971720278
22864614	5351		10710.272970072925
22865599	5321		10635.260947406292
22866632	5310		10668.121168345213
22867668	5329		10709.764505982399
22868701	5340		10755.797432877123
22869769	5373		10825.709972195327
22870815	5404		10827.817383743823
22871843	5416		10816.442361138761
22872834	5366		10801.632998131216
22873912	5434		10812.5075898543
22874958	5452		10836.989019982517
22876003	5478		10713.50389304012
22877075	5531		10977.492390029132
22878112	5536		11036.837402880192
22879181	5596		11100.87692014128
22880192	5565		11150.856696493924
22881226	5548		11237.4442903772
22882226	5542		11117.063237458467
22883298	5573		11265.985586054623
22884379	5629		11331.89694660902
22885417	5629		11209.918438337743
22886461	5630		11161.19948631525
22887456	5613		11043.194398768246
22888427	5579		10930.11729618907
22889361	5504		10755.263695374131
22890356	5470		10759.48495555669
22891368	5442		10894.744959533215
22892311	5368		10913.08881919831
22893280	5322		10900.801146961749
22894240	5273		10968.56174210459
22895295	5287		10879.351701922715
22896405	5397		10929.181531459093
22897397	5345		10719.495130255818
22898429	5357		10610.70860697329
22899523	5397		10666.809748113155
22900578	5413		10641.423072472215
22901549	5379		10765.127612233162
22902580	5376		10790.667251713574
22903556	5342		10667.808614887297
22904635	5365		10638.114125289023
22905661	5349		10542.6514756307
22906666	5312		10374.412810608745
22907733	5369		10385.512193739414
22908771	5392		10525.713764302433
22909828	5426		10739.820472873747
22910850	5425		10756.312964394689
22911890	5460		10944.047063469887
22912912	5433		10920.711699977517
22913937	5423		10903.810000754893
22915036	5488		10971.950710646808
22916107	5546		11085.229959003627
22917148	5570		11046.79358766228
22918171	5574		10886.197308890522
22919208	5599		10870.252290323377
22920251	5623		10851.006488211453
22921222	5550		10889.576893560588
22922243	5528		10893.555072836578
22923286	5556		11045.926975347102
22924308	5563		11084.889258474112
22925305	5542		11126.966324552894
22926382	5596		11146.823790043592
22927386	5573		11045.394437022507
22928352	5507		10956.703988783062
22929399	5515		11048.433609932661
22930422	5522		11099.057827159762
22931371	5468		11072.317440405488
22932360	5416		11116.550309300423
22933426	5435		11069.61773481965
22934420	5427		10980.475545033813
22935392	5382		10870.701297745109
22936443	5406		10758.119652241468
22937539	5486		10954.069390557706
22938589	5500		10963.883882127702
22939611	5478		10912.634163789451
22940620	5478		10872.828437536955
22941573	5415		10885.89113023132
22942585	5390		10799.981011897326
22943659	5439		10921.924512982368
22944694	5447		10981.018604010344
22945636	5360		10984.757565952837
22946633	5347		10904.521054849029
22947598	5301		10887.877920724452
22948612	5292		10792.063781119883
22949754	5400		10922.02668761462
22950874	5471		10924.249189898372
22951926	5500		10916.394350878894
22952956	5511		10917.580843530595
22954018	5548		10950.34501041472
22955007	5526		11050.086684711277
22956006	5523		10947.432556733489
22957021	5499		11008.249729149044
22958086	5548		11027.561399564147
22959110	5566		11035.44584980607
22960150	5605		11070.88924600929
22961202	5605		11120.3771404922
22962166	5536		11019.273579791188
22963125	5484		11019.638771176338
22964170	5528		11029.376769512892
22965204	5527		11073.999344274402
22966319	5604		11181.4533001557
22967301	5541		11008.186688683927
22968342	5568		10972.440854482353
22969351	5554		10942.888104595244
22970335	5537		10943.613030448556
22971339	5528		10974.631903678179
22972313	5500		10985.140584655106
22973367	5546		11009.823519974947
22974422	5597		11057.114184685051
22975370	5539		11009.445605143905
22976340	5489		10952.81334965676
22977297	5445		10806.691015049815
22978295	5418		10768.379257172346
22979312	5393		10887.339004024863
22980355	5420		10820.171791762114
22981399	5432		10802.738858789206
22982493	5504		10747.319092951715
22983479	5488		10805.098142310977
22984567	5524		10890.395524442196
22985564	5476		10900.058817617595
22986510	5415		10825.909132957458
22987473	5369		10812.476179540157
22988381	5270		10864.670008033514
22989409	5284		10751.786962859333
22990452	5303		10880.8455465585
22991481	5321		10815.618604891002
22992525	5343		10665.050885111094
22993595	5375		10578.662279970944
22994566	5331		10544.097644127905
22995600	5349		10500.47284835577
22996604	5341		10613.558152154088
22997572	5286		10675.306152828038
22998599	5272		10595.147212930024
22999615	5278		10574.061905704439
23000611	5237		10580.386438146234
23001629	5220		10379.168725349009
23002698	5281		10423.447079062462
23003692	5269		10325.85167645663
23004588	5118		10288.813790544868
23005620	5130		10262.671984016895
23006696	5175		10327.571159608662
23007708	5155		10422.407060876489
23008669	5098		10436.580042533576
23009741	5151		10299.291035056114
23010821	5225		10351.97550664097
23011835	5198		10436.213295467198
23012888	5225		10398.162285625935
23014002	5317		10464.066303543746
23014997	5276		10437.71601935476
23016015	5268		10632.587400950491
23016933	5155		10517.302275270224
23018033	5216		10540.699946552515
23019113	5287		10630.856888331473
23020098	5237		10661.681594282389
23021201	5314		10699.24467920512
23022300	5350		10472.033281616867
23023349	5393		10631.634315870702
23024384	5379		10705.863088861108
23025445	5428		10692.46580016613
23026490	5454		10729.953674145043
23027514	5440		10771.267213627696
23028467	5385		10750.989079803228
23029455	5350		10693.925465077162
23030457	5338		10575.204734250903
23031533	5402		10856.70536006242
23032557	5374		10840.93538440764
23033646	5433		10844.614239409566
23034681	5452		10839.82114419341
23035741	5463		10834.455101326108
23036799	5489		10920.25545027107
23037806	5452		10768.398635335267
23038964	5559		10965.526781968772
23040056	5603		10972.584811523557
23041096	5619		10921.25591019541
23042071	5576		10941.519308328629
23043191	5653		10999.93630258739
23044251	5691		11196.475086413324
23045327	5741		11270.74245866388
23046203	5612		11276.16599534452
23047202	5595		11364.553426504135
23048313	5685		11399.665191441774
23049410	5739		11440.738678313792
23050451	5765		11437.12791468203
23051478	5758		11415.132356077433
23052562	5813		11348.085111059248
23053577	5817		11495.117037601769
23054597	5785		11600.886771827936
23055673	5839		11695.321231119335
23056731	5895		11750.720605432987
23057751	5893		11730.533546477556
23058755	5849		11806.00509531051
23059762	5842		11733.717478007078
23060779	5855		11728.654980868101
23061885	5919		11823.035630747676
23062928	5930		11824.661166600883
23063947	5922		11771.591006018221
23064955	5887		11799.712894245982
23065903	5829		11797.994050577283
23066996	5879		11832.965765073895
23067994	5840		11782.100471667945
23069008	5816		11611.83715877682
23070028	5811		11716.678336821496
23071089	5837		11667.120568715036
23071999	5736		11609.282768294215
23072980	5692		11603.106064401567
23073960	5644		11585.498541481793
23075025	5679		11583.762853302062
23075965	5581		11447.873802736402
23076982	5578		11472.763453759253
23078052	5624		11433.603853523731
23079030	5561		11342.226539075375
23080087	5614		11383.799840323627
23081176	5698		11433.986855074763
23082312	5780		11374.150287941098
23083349	5782		11439.058886274695
23084354	5766		11467.129311211407
23085412	5787		11497.010005354881
23086427	5797		11575.515284433961
23087465	5806		11669.632162749767
23088535	5875		11701.914953246713
23089501	5812		11593.23539019376
23090537	5841		11517.12706682831
23091604	5863		11488.162705987692
23092625	5860		11508.872525408864
23093647	5859		11508.122569330037
23094640	5820		11532.730910733342
23095603	5751		11437.96426346153
23096724	5847		11669.86253451556
23097683	5790		11657.327352762222
23098729	5808		11590.852629572153
23099714	5789		11543.46945347637
23100733	5745		11357.574084237218
23101800	5798		11439.208628237247
23102808	5787		11381.396904096007
23103874	5834		11445.875882528722
23104959	5870		11609.330248065293
23106043	5940		11650.978789165616
23107160	6041		11848.026796095073
23108115	5959		11801.38548411429
23109149	5954		11844.152964487672
23110233	6016		11907.911571018398
23111108	5877		11836.527822069824
23112112	5856		11890.379148840904
23113118	5835		11811.509260132909
23114173	5871		11833.166863106191
23115184	5881		11815.703664571047
23116220	5857		11799.765421919525
23117292	5897		11743.75897898525
23118383	5950		11776.128637567163
23119356	5921		11785.940133236349
23120408	5941		11813.762409716845
23121420	5916		11713.28237374127
23122521	5974		11896.43105763197
23123662	6065		11965.293835297227
23124747	6135		12059.281708791852
23125788	6174		12110.762258335948
23126877	6231		12111.514130562544
23127887	6221		12233.607640057802
23128960	6249		12255.380818985403
23129953	6215		12262.470574304461
23131019	6244		12335.066638760269
23132117	6319		12484.9676451087
23133207	6363		12585.054107010365
23134179	6307		12427.895117349923
23135241	6337		12582.440057575703
23136202	6298		12502.28291849792
23137222	6288		12493.665611103177
23138208	6238		12569.645106106997
23139267	6241		12782.124066464603
23140241	6196		12659.66608081013
23141251	6180		12571.977362446487
23142276	6197		12545.487410619855
23143342	6215		12604.286175496876
23144368	6236		12473.633920811117
23145376	6228		12439.34511154145
23146464	6287		12400.026156634092
23147440	6258		12444.914493776858
23148421	6208		12423.953226573765
23149492	6269		12515.4681340307
23150484	6229		12549.429428584874
23151546	6218		12416.643671683967
23152678	6326		12590.480506673455
23153717	6310		12555.01374451071
23154801	6374		12490.536350034177
23155832	6375		12564.641814038157
23156823	6336		12496.328214682639
23157825	6317		12473.751030378044
23158792	6256		12496.992198780179
23159778	6213		12472.135708265007
23160800	6209		12568.542904265225
23161826	6195		12501.668227382004
23162785	6135		12308.128043159842
23163787	6119		12333.577992983162
23164774	6087		12195.87086238712
23165686	5975		12034.158778876066
23166686	5952		11931.489217631519
23167684	5893		11858.396587260067
23168852	6021		11930.687323078513
23169756	5901		11871.431418858469
23170812	5935		11881.206988289952
23171741	5836		11815.763601019979
23172783	5856		11800.884675085545
23173790	5826		11812.40397349
23174820	5832		11890.488101959229
23175780	5777		11746.331871204078
23176794	5780		11637.777257934213
23177786	5739		11452.357344061136
23178784	5735		11450.377107709646
23179820	5719		11516.724526301026
23180800	5682		11462.320249184966
23181775	5608		11288.978611245751
23182848	5665		11529.211381331086
23183856	5645		11434.636149093509
23184852	5630		11430.521826468408
23185873	5643		11466.919362954795
23186945	5675		11489.016464531422
23188024	5730		11459.128783553839
23189050	5718		11299.956487886608
23190133	5799		11438.40080678463
23191223	5842		11498.011323355138
23192224	5829		11423.63265696168
23193184	5778		11529.181151382625
23194175	5747		11519.358884982765
23195252	5811		11643.544401600957
23196231	5781		11643.471173144877
23197220	5765		11632.086969695985
23198217	5738		11524.32558709383
23199348	5819		11636.23354101926
23200345	5779		11518.691485986114
23201352	5752		11530.73750077188
23202350	5749		11448.430864289403
23203281	5671		11413.37535521388
23204252	5612		11373.505820170045
23205304	5637		11440.812999717891
23206279	5592		11390.684705242515
23207328	5640		11420.509133391082
23208314	5617		11357.714110590518
23209329	5618		11231.851174011827
23210280	5567		11142.669963434339
23211258	5517		11159.492045104504
23212169	5419		11014.823238149285
23213206	5417		10993.034880436957
23214311	5500		11121.889768138528
23215328	5465		11091.343802340329
23216316	5451		11012.006528913975
23217322	5432		10859.06876912713
23218468	5576		11047.917181260884
23219501	5583		11151.781319513917
23220574	5637		11241.952602751553
23221549	5593		11197.546957477927
23222582	5611		11328.566258519888
23223588	5612		11279.588752485812
23224606	5628		11296.53013240546
23225626	5614		11221.315866492689
23226713	5655		11179.282851658762
23227849	5769		11220.809335432947
23228895	5799		11221.981672137976
23229918	5817		11337.236335739493
23230976	5862		11407.957633122802
23232073	5912		11529.850917898118
23233144	5944		11641.619629845023
23234252	6018		11852.450791947544
23235304	6027		11915.164465747774
23236315	6015		11959.95193117857
23237332	6006		11997.255341373384
23238410	6065		12110.407749764621
23239439	6084		12078.244332917035
23240485	6097		12035.361736230552
23241502	6093		11997.716218680143
23242454	5992		11914.939633063972
23243429	5948		11815.136859796941
23244474	5971		11898.120833523571
23245551	5999		12024.90725557506
23246501	5932		11921.426610946655
23247479	5907		11950.140827909112
23248473	5894		11877.195893093944
23249428	5834		11668.70814318955
23250364	5770		11664.949668735266
23251370	5758		11657.992652840912
23252453	5802		11721.423358306289
23253441	5782		11603.544371686876
23254487	5809		11560.162618853152
23255526	5812		11570.532059244812
23256656	5903		11478.98623687774
23257699	5918		11601.966596342623
23258776	5944		11647.190787009895
23259813	5967		11719.52584220469
23260879	6033		11785.409025505185
23261844	5993		11701.660485170782
23262924	6023		11808.10492104292
23263962	6024		11892.907363601029
23265024	6070		11914.93126989156
23266097	6097		11967.594553463161
23267172	6153		12089.35809545964
23268164	6130		12144.25453452766
23269237	6157		12185.294914893806
23270404	6295		12288.891896523535
23271507	6377		12481.600133128464
23272481	6320		12469.06530559808
23273438	6246		12466.378436639905
23274435	6227		12396.324024491012
23275457	6245		12539.289765581489
23276351	6127		12537.34884211421
23277359	6117		12571.539133816957
23278340	6056		12520.698504656553
23279358	6059		12404.995692044497
23280369	6058		12345.186344370246
23281481	6153		12380.750611819327
23282559	6182		12243.937924608588
23283497	6088		12015.0006936118
23284562	6134		12027.583218246698
23285628	6188		12138.566876500845
23286563	6121		12062.87489426881
23287508	6066		12164.56377222389
23288562	6083		12219.17860455066
23289521	6037		12128.350559867918
23290515	6002		12201.224778212607
23291529	5998		12179.578240215778
23292505	5951		12113.173629827797
23293599	6018		11926.418556906283
23294625	6016		12016.948026448488
23295623	5990		11968.165544770658
23296649	5996		11865.518122509122
23297718	6047		11909.840968728065
23298751	6044		11882.452711202204
23299763	6041		12085.084964290261
23300802	6048		12023.034265518188
23301820	6055		12057.775464110076
23302784	5973		11972.965485580266
23303699	5852		11916.497915551066
23304685	5794		11841.040631055832
23305627	5712		11853.716509968042
23306717	5777		11834.109587043524
23307744	5759		11769.985779106617
23308724	5729		11596.773266404867
23309739	5713		11469.868274189532
23310765	5738		11351.239026114345
23311816	5757		11367.76162289083
23312857	5769		11461.814030453563
23313811	5703		11489.231285303831
23314763	5650		11430.458009697497
23315770	5617		11366.799784779549
23316894	5693		11540.278207883239
23317931	5686		11462.513743370771
23318899	5609		11404.81838772446
23319887	5591		11255.911355167627
23320889	5578		11136.281890287995
23321905	5563		11252.557446807623
23322912	5557		11273.561069242656
23323912	5517		11250.16367713362
23324924	5504		11207.408043012023
23325908	5472		11276.800055086613
23326976	5521		11161.013375729322
23327927	5471		11034.93128709495
23328894	5416		10869.423040278256
23329902	5415		10899.422293119133
23330973	5446		10813.859036803246
23332013	5474		11017.390565425158
23333006	5461		11052.184227608144
23334031	5453		11029.38017513603
23335110	5484		10923.562072247267
23336162	5495		10912.886376872659
23337279	5574		11029.606035321951
23338298	5584		11067.461128853261
23339229	5508		10923.451903522015
23340229	5479		10976.756008073688
23341332	5555		10957.013575308025
23342300	5486		11008.554818034172
23343346	5526		11097.643678605556
23344354	5516		10990.478342793882
23345417	5527		10963.250470899045
23346511	5579		11157.147584803402
23347544	5599		11212.463739685714
23348572	5611		11312.697875604033
23349561	5561		11268.094499073923
23350583	5570		11256.026247300208
23351610	5566		11224.239418379962
23352601	5536		11191.156495444477
23353641	5530		11105.576541513205
23354620	5490		11061.85298320651
23355643	5463		10983.145598009229
23356691	5507		11101.222307011485
23357668	5482		11034.335811339319
23358683	5477		11057.352265536785
23359775	5537		11059.383096590638
23360791	5547		11015.95305171609
23361805	5511		10974.582476086915
23362762	5451		10957.657321587205
23363796	5453		10956.490673452616
23364798	5450		10967.478061027825
23365723	5337		10787.836345374584
23366718	5287		10813.283865720034
23367683	5246		10549.15786409378
23368636	5199		10599.188601195812
23369591	5150		10574.87485742569
23370667	5182		10549.998810142279
23371771	5238		10619.794535830617
23372751	5213		10566.562063254416
23373731	5145		10384.554156199098
23374722	5135		10309.406673528254
23375716	5090		10291.710846304893
23376776	5133		10348.11650530994
23377877	5188		10420.651000209153
23378840	5150		10308.575879454613
23379769	5076		10251.513593494892
23380777	5078		10350.134333655238
23381830	5108		10399.614553622901
23382903	5168		10487.327522017062
23383873	5087		10409.707938037813
23384864	5075		10256.047944843769
23385852	5051		10158.364126242697
23386821	5017		10139.206218019128
23387896	5056		10218.632467843592
23388905	5030		10092.285413958132
23389971	5079		10143.346664473414
23391042	5149		10209.509592667222
23392072	5166		10135.27562212199
23393201	5250		10300.748946279287
23394207	5243		10262.459496118128
23395208	5220		10365.221029169858
23396206	5192		10347.575285091996
23397174	5152		10393.250435195863
23398251	5215		10426.646436437964
23399281	5228		10399.65605546534
23400314	5256		10327.225489482284
23401440	5354		10460.095530085266
23402475	5388		10384.229862779379
23403498	5406		10484.350128926337
23404501	5380		10487.56031537056
23405561	5416		10608.30951615423
23406548	5366		10598.176440633833
23407598	5379		10573.705790884793
23408623	5382		10559.493466198444
23409587	5315		10429.012144677341
23410608	5293		10489.325162626803
23411555	5220		10483.714845865965
23412618	5244		10392.356058113277
23413657	5238		10457.753508195281
23414646	5203		10460.692445747554
23415692	5221		10486.254685074091
23416644	5155		10212.758978791535
23417593	5096		10308.072507075965
23418633	5097		10359.030372351408
23419687	5109		10303.214537210763
23420681	5075		10271.684415444732
23421664	5053		10273.83840803057
23422701	5052		10080.808335669339
23423708	5050		10053.595336325467
23424834	5128		10169.013157308102
23425852	5109		10044.487308435142
23426938	5173		10104.400374799967
23427868	5094		10156.133724175394
23428944	5144		10255.748701177537
23430003	5169		10307.053845763206
23431053	5179		10352.582750953734
23432114	5201		10341.273961916566
23433107	5192		10081.538581512868
23434087	5166		10133.265837743878
23435023	5090		10145.464097037911
23436015	5062		10117.774552732706
23437031	5066		10182.145928740501
23437992	5014		10263.032742083073
23439033	5042		10305.876540832222
23439962	4968		10076.532243289053
23440978	4977		10117.784608997405
23442080	5046		10293.939682118595
23443102	5043		10243.657979503274
23444148	5077		10316.081425897777
23445162	5081		10222.882477916777
23446295	5189		10216.862678013742
23447349	5230		10311.842001207173
23448342	5200		10280.240826450288
23449397	5220		10354.219211786985
23450425	5217		10308.932876691222
23451430	5203		10433.36762098223
23452403	5155		10438.65040409565
23453511	5231		10309.915665388107
23454606	5290		10473.607317686081
23455683	5362		10587.975099764764
23456639	5307		10629.912191800773
23457683	5313		10561.530241802335
23458683	5312		10548.87309152633
23459712	5324		10533.298801623285
23460694	5272		10637.183255299926
23461688	5233		10493.36994162947
23462805	5309		10566.205601885915
23463859	5341		10703.350809760392
23464765	5222		10610.341832704842
23465773	5187		10517.0314097777
23466801	5209		10494.799263425171
23467810	5204		10497.885889962316
23468894	5270		10529.611761435866
23469851	5217		10477.121651440859
23470918	5253		10411.78914885968
23471970	5280		10511.18119417131
23472994	5262		10573.88007221371
23474065	5297		10613.999505795538
23475156	5337		10686.020616047084
23476241	5367		10789.014709673822
23477221	5337		10740.849357031286
23478337	5409		10765.403445221484
23479449	5488		10808.66331474483
23480430	5468		10698.228547282517
23481438	5451		10617.42029929161
23482437	5429		10556.214166507125
23483476	5459		10549.443416446447
23484570	5547		10746.652613595128
23485646	5581		10892.442698411644
23486784	5718		11059.076193466783
23487843	5760		11140.953600466251
23488960	5841		11265.26740001887
23490029	5868		11345.432291030884
23491125	5925		11494.413213267922
23492249	6019		11775.756271235645
23493288	6026		11734.319957777858
23494332	6054		11767.516986772418
23495338	6052		11750.104422681034
23496336	6026		11742.087047308683
23497422	6090		11956.643995799124
23498442	6090		12119.833360686898
23499469	6085		12130.500269569457
23500523	6104		12244.875096350908
23501576	6151		12211.932211779058
23502572	6115		12173.606234289706
23503507	6026		12078.35427685827
23504571	6089		12110.47038270533
23505593	6095		12122.100369021297
23506614	6074		12183.846448644996
23507675	6131		12381.966204836965
23508707	6153		12352.581513293087
23509675	6106		12093.579991348088
23510648	6069		12080.854008346796
23511692	6111		12116.469736151397
23512809	6197		12304.73400298506
23513863	6239		12300.778540238738
23514903	6258		12447.123434364796
23515863	6208		12436.423593565822
23516877	6194		12434.209815427661
23517939	6215		12535.589564189315
23518882	6149		12435.103952847421
23519959	6219		12584.206848859787
23521011	6241		12661.834058478475
23521996	6198		12547.546556934714
23523089	6278		12629.494397751987
23524078	6226		12589.701712608337
23525153	6265		12483.857925213873
23526125	6234		12509.434148050845
23527136	6219		12577.919925451279
23528195	6275		12662.968909047544
23529300	6369		12634.118921138346
23530350	6373		12589.075794100761
23531339	6335		12562.368985623121
23532364	6338		12623.019390158355
23533339	6275		12530.438686341047
23534337	6257		12540.304099068046
23535349	6237		12631.163444198668
23536348	6230		12727.03343398124
23537309	6171		12732.099228456616
23538358	6212		12726.513703756034
23539357	6186		12564.10926861316
23540431	6236		12612.377607047558
23541431	6221		12628.863016441464
23542435	6223		12490.90500473231
23543551	6308		12441.770770683885
23544615	6349		12399.197837807238
23545575	6282		12341.842733934522
23546517	6218		12362.182989515364
23547514	6173		12294.051475033164
23548538	6168		12220.451872386038
23549615	6205		12387.006180480123
23550546	6133		12492.800901278853
23551636	6205		12494.217660181224
23552722	6270		12437.09435800463
23553843	6365		12477.790471792221
23554874	6374		12484.298388525844
23555897	6395		12652.06151728332
23556943	6412		12420.471152022481
23557947	6411		12503.598013691604
23558999	6415		12558.125937737525
23560005	6414		12686.15563365072
23561061	6441		12676.822180911899
23562042	6409		12675.345108255744
23563019	6359		12633.06796362251
23564047	6370		12764.328740507364
23565019	6339		12777.762196592987
23566059	6360		12696.380966767669
23567074	6363		12849.646401241422
23568141	6390		12908.490907602012
23569104	6320		12802.724280893803
23570101	6275		12629.32418397814
23571142	6265		12614.338149145246
23572129	6246		12523.050093621016
23573154	6254		12480.877759031951
23574181	6250		12514.251540057361
23575130	6157		12344.416253484786
23576156	6151		12257.432409599423
23577117	6078		12090.242200158536
23578129	6089		12169.24203184247
23579137	6074		12096.364358507097
23580182	6082		12134.858758553863
23581152	6025		12004.732852727175
23582195	6068		12042.527324721217
23583252	6097		12093.897192381322
23584283	6118		12124.237907357514
23585357	6176		12230.964702494442
23586437	6225		12229.873128518462
23587429	6216		12184.476123154163
23588380	6160		12152.312767341733
23589477	6235		12218.089349232614
23590537	6288		12254.818399898708
23591547	6265		12338.062238313258
23592615	6316		12455.677471078932
23593734	6393		12579.637487597764
23594751	6378		12512.302033819258
23595788	6386		12637.259184874594
23596808	6393		12739.002097152174
23597811	6374		12581.460164919496
23598919	6441		12657.967066913843
23599895	6412		12691.932874493301
23600949	6397		12678.077895715833
23601997	6408		12779.856426596642
23603095	6460		12975.140749514103
23604253	6586		13090.524406641722
23605261	6558		13213.078309431672
23606366	6661		13259.142940416932
23607397	6677		13264.108415313065
23608424	6647		13181.563692621887
23609431	6639		13164.182701401412
23610507	6709		13456.673071496189
23611521	6707		13388.965464800596
23612537	6689		13436.757512971759
23613595	6746		13568.085890941322
23614733	6856		13757.90320545435
23615698	6819		13609.08218228072
23616733	6808		13583.897696182132
23617806	6860		13592.156287021935
23618909	6936		13642.19304446876
23619905	6907		13673.063962690532
23620963	6942		13830.661096543074
23622012	6974		13726.263511069119
23622980	6936		13692.394016116858
23624005	6931		13711.32826962322
23625071	6989		13739.949464134872
23626106	6972		13844.34118885547
23627077	6923		13811.47472742945
23628192	7009		13986.817302383482
23629366	7131		14154.43407690525
23630473	7223		14121.78919248283
23631426	7168		14130.785127528012
23632483	7212		14322.675670929253
23633565	7269		14299.664225883782
23634602	7294		14269.663311630487
23635662	7309		14301.983196347952
23636611	7243		14292.259376741946
23637604	7202		14337.499846741557
23638616	7168		14157.51266142726
23639613	7119		14089.912570253015
23640696	7176		14071.538372799754
23641701	7175		14061.09641662985
23642709	7131		14075.208259448409
23643669	7079		14049.460856586695
23644702	7081		14054.833854153752
23645718	7045		13969.107411555946
23646747	7054		14054.641558617353
23647724	7029		14100.103301890194
23648693	6965		14134.56675555557
23649741	6966		13957.693825677037
23650787	6983		13949.725056238472
23651819	7006		13958.873505055904
23652824	6985		14028.052709691226
23653853	7001		13994.124814666808
23654822	6945		13866.246994443238
23655845	6935		13880.709304764867
23656783	6869		13928.472662754357
23657887	6949		14035.214068517089
23658870	6895		13913.811939887702
23659885	6904		13791.17737864703
23660852	6853		13807.21664815396
23661865	6840		13709.153942748904
23662926	6857		13691.804820403457
23663892	6796		13614.483060270548
23664902	6754		13618.776774652302
23665931	6749		13559.83142837882
23666956	6754		13620.37112352252
23668009	6774		13655.626636274159
23668984	6723		13614.708575449884
23669982	6672		13503.00369283557
23671022	6664		13505.10290569067
23672090	6681		13380.751078367233
23673135	6697		13284.409619748592
23674069	6629		13323.063542887568
23675070	6620		13307.345250084996
23676033	6561		13242.738496541977
23676955	6453		13110.29150530696
23677944	6432		13068.65377368033
23678929	6410		13156.331062369049
23679997	6449		13203.168563611805
23680989	6407		13217.017608627677
23681942	6355		13112.775833174586
23682938	6316		13002.318328037858
23683961	6320		12937.265854254365
23685094	6404		12952.909786738455
23686198	6484		13184.980637609959
23687274	6545		13146.16087987274
23688260	6501		13052.047913387418
23689251	6485		13021.401247046888
23690236	6450		13050.85271961242
23691314	6507		13195.200703121722
23692270	6449		13170.93555597961
23693308	6450		13206.909198664129
23694289	6422		13205.248475290835
23695329	6459		13189.184892013669
23696305	6409		13048.393252037466
23697351	6453		13146.4644844383
23698399	6476		13071.471381358802
23699457	6522		13111.474213764071
23700481	6517		13127.989695034921
23701566	6582		13127.73461779207
23702581	6589		13129.248748078942
23703623	6593		13081.247683949769
23704617	6567		13030.307886905968
23705717	6639		13151.859862484038
23706705	6626		13010.414030633867
23707700	6618		12991.731153927743
23708705	6605		13019.208803579211
23709728	6622		13088.687527768314
23710801	6683		13232.892960883677
23711810	6670		13165.889819204807
23712800	6642		13127.180876024067
23713898	6697		13224.852299273014
23714998	6754		13197.656699702144
23716061	6808		13311.293882787228
23717095	6807		13332.69022846222
23718109	6817		13436.243600770831
23719120	6789		13413.295370154083
23720167	6798		13486.276161111891
23721188	6780		13506.559179879725
23722152	6720		13575.529318332672
23723161	6687		13573.105847209692
23724136	6655		13443.558887459338
23725211	6689		13564.744226559997
23726259	6720		13694.62083414942
23727363	6813		13722.841426849365
23728355	6790		13613.786435604095
23729380	6790		13547.168659612536
23730396	6801		13581.263806849718
23731461	6836		13633.956354558468
23732409	6770		13580.422648571432
23733477	6805		13624.768017478287
23734509	6836		13688.442878633738
23735628	6921		13735.060476958752
23736627	6890		13671.087602116168
23737589	6809		13589.363792426884
23738642	6815		13665.934978991747
23739663	6779		13493.073104932904
23740645	6734		13588.710034422576
23741674	6723		13663.615346878767
23742746	6757		13659.676823750138
23743880	6859		13674.480608902872
23744881	6858		13619.938448376954
23745939	6882		13538.455563440919
23746964	6868		13540.55175319314
23747995	6882		13489.058317154646
23748952	6805		13553.939103581011
23749969	6818		13518.85602812469
23751008	6815		13546.565749637783
23752075	6838		13624.238464079797
23753072	6809		13683.128524437547
23754090	6802		13547.018566198647
23755081	6781		13469.674051769078
23756115	6760		13402.808476388454
23757162	6764		13531.722493492067
23758210	6776		13541.678222283721
23759212	6742		13517.904098562896
23760200	6702		13450.766955986619
23761266	6766		13544.358557768166
23762287	6761		13492.605501003563
23763327	6799		13527.849760368466
23764321	6762		13400.006803035736
23765355	6763		13317.964742355049
23766440	6818		13375.366160988808
23767444	6801		13316.861797869205
23768526	6867		13471.729016967118
23769570	6856		13498.365050934255
23770637	6894		13554.91980870068
23771644	6871		13530.609718613327
23772639	6823		13569.453450903296
23773661	6804		13670.616472445428
23774661	6795		13664.205326065421
23775664	6796		13722.995066270232
23776730	6839		13765.552303880453
23777748	6811		13871.727483265102
23778758	6785		13686.115736275911
23779803	6795		13613.019328184426
23780887	6845		13652.458870537579
23781866	6817		13580.016234450042
23782941	6851		13642.576510630548
23783958	6818		13657.80097988993
23784946	6800		13588.500484272838
23786039	6866		13650.354340948164
23787076	6854		13715.533018521965
23788089	6835		13595.936817884445
23789112	6844		13701.031734257936
23790130	6823		13639.188287705183
23791137	6810		13515.167861804366
23792124	6771		13483.514689132571
23793154	6769		13530.072008870542
23794181	6786		13474.146677732468
23795196	6765		13313.036182947457
23796188	6698		13323.80388237536
23797224	6718		13392.214895181358
23798245	6681		13420.119772866368
23799232	6619		13415.252128824592
23800261	6632		13465.130500152707
23801273	6633		13456.357200883329
23802307	6665		13403.36639560014
23803345	6650		13276.731833741069
23804374	6674		13429.870921865106
23805390	6639		13316.738376632333
23806423	6643		13354.380418077111
23807472	6648		13376.976406082511
23808532	6681		13474.17070760578
23809615	6724		13533.601353742182
23810749	6820		13582.566756621003
23811679	6745		13404.499800696969
23812681	6742		13460.916711434722
23813614	6675		13343.598067395389
23814591	6640		13327.414500586689
23815596	6600		13507.012097023427
23816684	6677		13604.29822101444
23817737	6699		13738.818720832467
23818688	6641		13511.78798648715
23819723	6663		13536.909897856414
23820748	6641		13395.729118973017
23821783	6637		13328.094550475478
23822730	6555		13151.790535569191
23823765	6586		13227.732220903039
23824833	6610		13243.06128422916
23825854	6610		13185.157386474311
23826925	6642		13217.24823500216
23827956	6656		13195.462255008519
23829052	6721		13100.148155324161
23830102	6745		13227.00866407901
23831159	6755		13204.227271720767
23832190	6772		13175.529056288302
23833253	6815		13219.724843382835
23834263	6797		13246.601156435907
23835310	6827		13392.932975426316
23836335	6822		13501.43032322824
23837383	6837		13579.890647515655
23838352	6786		13671.355826206505
23839354	6736		13578.961481943727
23840363	6730		13634.126910597086
23841378	6714		13674.61168847233
23842379	6700		13681.663466446102
23843464	6752		13720.010257542133
23844422	6675		13562.345650069416
23845453	6663		13339.881221026182
23846492	6681		13359.784872971475
23847530	6704		13327.984484396875
23848564	6694		13282.46832178533
23849476	6603		13140.988455697894
23850506	6607		13198.523764900863
23851612	6678		13387.618843950331
23852668	6704		13388.164468280971
23853699	6698		13360.848074696958
23854832	6789		13555.261024832726
23855858	6764		13424.336572863162
23856924	6782		13303.882315203547
23857972	6794		13360.855819173157
23859022	6782		13391.464505337179
23860089	6810		13320.761618040502
23861104	6821		13468.879248060286
23862165	6844		13542.819844134152
23863129	6776		13482.416272945702
23864138	6754		13423.886568009853
23865181	6762		13418.382363207638
23866233	6800		13386.786172755063
23867219	6783		13481.27989602834
23868287	6813		13466.293153822422
23869266	6756		13384.344612821937
23870289	6746		13411.429133817554
23871364	6784		13396.288260303438
23872409	6815		13417.21956512332
23873521	6904		13509.933495856822
23874548	6901		13639.572429165244
23875662	6981		13712.591936647892
23876727	7002		13829.740411862731
23877748	7000		13928.181163966656
23878714	6933		14031.74244210869
23879772	6938		14050.404233723879
23880787	6949		14189.553008586168
23881910	7031		14141.986956849694
23882910	7006		14109.158979594707
23883965	7036		14113.595041789114
23884969	7028		13990.534619167447
23885865	6921		13750.371649950743
23886914	6943		13791.775515586138
23887906	6931		13849.717130415142
23888912	6919		13937.599206618965
23889962	6935		14000.596784994006
23891037	6975		13868.849817708135
23892088	6987		14005.344868861139
23893042	6924		13897.01142013818
23894138	7000		14011.715804114938
23895124	6978		14035.312415026128
23896123	6971		14014.135445952415
23897160	6971		13951.884561091661
23898141	6939		14038.498419351876
23899153	6905		13992.799656391144
23900234	6947		13896.986955098808
23901231	6919		13859.087523058057
23902284	6938		13841.408321775496
23903253	6871		13888.344053827226
23904291	6869		13954.902187868953
23905302	6852		13967.86821372062
23906294	6837		13788.83556970954
23907324	6861		13805.209698691964
23908320	6818		13798.224227048457
23909342	6784		13611.943522132933
23910407	6804		13517.140894144773
23911451	6807		13432.098739251494
23912467	6780		13447.868769831955
23913539	6804		13557.388624578714
23914638	6858		13694.618530072272
23915635	6835		13630.763472400606
23916600	6760		13563.798004321754
23917606	6741		13676.81381766498
23918623	6738		13700.651551865041
23919659	6754		13761.349345490336
23920604	6693		13772.285906143486
23921594	6680		13746.982878014445
23922633	6681		13755.84304561466
23923664	6689		13691.695516526699
23924669	6686		13515.31620054692
23925718	6695		13500.800783447921
23926718	6673		13327.09967892617
23927657	6562		13195.692957118154
23928596	6493		13147.445880942047
23929563	6433		13154.258793480694
23930600	6456		13199.837582856417
23931539	6392		13022.145384900272
23932601	6435		13100.168334841728
23933596	6405		12955.264705657959
23934647	6420		12860.11771979183
23935611	6366		12882.526465155184
23936719	6465		12931.616004139185
23937795	6504		12988.416999228299
23938788	6491		12894.68215854466
23939819	6495		12868.108413726091
23940893	6519		12818.284295506775
23941910	6508		12738.577396951616
23942952	6510		12698.943222284317
23943971	6492		12736.67766956985
23945041	6505		12756.327989205718
23946097	6549		12941.13546616584
23947145	6574		13083.753429733217
23948144	6570		13051.9426670447
23949171	6542		13095.310298807919
23950200	6546		13162.716872662306
23951217	6532		13223.192769750953
23952293	6599		13322.901806525886
23953322	6580		13233.055620416999
23954317	6543		13310.511092677712
23955425	6613		13360.14984215051
23956522	6658		13351.35774897039
23957576	6705		13467.366770580411
23958603	6709		13458.677696675062
23959541	6626		13307.927538521588
23960631	6671		13295.088990353048
23961684	6719		13314.77236058563
23962650	6644		13236.300008177757
23963721	6668		13299.78164473176
23964754	6660		13331.724867604673
23965831	6707		13219.44468679279
23966924	6785		13354.501919180155
23967936	6746		13372.117136329412
23968961	6725		13376.340518079698
23970069	6802		13333.36290576309
23971115	6810		13308.569968901575
23972150	6838		13354.44998331368
23973168	6835		13394.594590872526
23974209	6830		13496.698385000229
23975307	6901		13462.373241759837
23976409	6968		13607.49831173569
23977487	7004		13782.46746366471
23978538	7025		13811.70812588185
23979524	6972		13845.544598683715
23980574	7009		13933.110840275884
23981600	7022		13835.574890717864
23982639	7027		13991.558427654207
23983633	6981		13906.76641252637
23984635	6977		13940.073776982725
23985707	7031		14050.39681815356
23986785	7076		14063.241350315511
23987854	7144		14116.40632893145
23988940	7176		14145.804626636207
23990029	7261		14355.508350521326
23991149	7352		14437.547612801194
23992157	7340		14584.65861313045
23993167	7340		14570.161057583988
23994199	7363		14613.930501297116
23995310	7431		14633.797760926187
23996246	7361		14630.737934835255
23997337	7421		14610.459525033832
23998389	7446		14706.010158218443
23999455	7500		14760.784939222038
24000526	7538		14853.903735406697
24001578	7581		14891.437358915806
24002712	7671		15117.526030987501
24003765	7688		15135.077381528914
24004728	7642		15210.817217968404
24005767	7637		15194.472878314555
24006792	7650		15341.68843266368
24007822	7649		15289.69396442175
24008879	7676		15352.478788800538
24009876	7665		15410.108926706016
24010994	7744		15698.541211090982
24012012	7736		15683.405650474131
24013113	7793		15565.070384152234
24014096	7751		15442.978263273835
24015020	7656		15235.902834117413
24016004	7606		15127.630303353071
24017005	7580		15044.319019295275
24018087	7627		15095.723172448575
24019143	7663		15083.343226023018
24020124	7599		15145.247196614742
24021192	7631		15230.138418883085
24022205	7626		15211.482199251652
24023267	7664		15192.538844399154
24024245	7623		15179.189494721591
24025254	7613		15224.303598709404
24026275	7606		15406.161927707493
24027323	7604		15329.593320176005
24028319	7590		15358.883712373674
24029342	7611		15343.222428560257
24030318	7560		15336.283308789134
24031331	7566		15316.922710381448
24032366	7591		15333.82788170129
24033338	7530		15188.159518383443
24034286	7444		15094.412447713315
24035318	7411		14933.329440869391
24036401	7465		14987.528895527124
24037393	7454		14983.29791238904
24038396	7457		14943.636797942221
24039417	7427		14906.152713745832
24040460	7426		14946.608676187694
24041440	7387		14760.029879659414
24042450	7385		14942.512616693974
24043476	7388		14861.818419486284
24044491	7384		14897.820356726646
24045530	7384		14909.875895425677
24046608	7435		14860.25706280768
24047655	7462		14860.503409706056
24048717	7519		15005.877796024084
24049668	7461		14928.078652396798
24050657	7427		14919.80311166495
24051717	7449		14917.622338719666
24052709	7430		15059.149670779705
24053773	7491		15070.900258392096
24054817	7504		15107.731661438942
24055807	7485		15165.878671325743
24056849	7502		15035.125456698239
24057783	7430		14965.641773238778
24058771	7368		14984.019714564085
24059851	7402		14953.372375234962
24060960	7463		14948.168136052787
24062012	7486		15086.713566295803
24063040	7506		15093.589738242328
24064028	7454		15079.951422728598
24065073	7459		15044.648012131453
24066036	7402		14927.587670184672
24066941	7292		14775.19498359412
24067964	7263		14771.423063486814
24068977	7246		14772.607532583177
24069955	7165		14903.956184767187
24070965	7154		14852.740081340075
24071999	7160		14783.021733522415
24072971	7114		14764.857523702085
24073905	7034		14643.733067259192
24074974	7070		14727.328936189413
24076016	7060		14550.392145901918
24077030	7020		14275.855610124767
24078164	7129		14351.4347628057
24079159	7084		14231.408247813582
24080246	7142		14085.85734231025
24081336	7209		14057.45341361314
24082328	7178		14042.20994400978
24083444	7259		14155.895596280694
24084517	7306		14273.614563271403
24085539	7292		14340.775001756847
24086589	7322		14378.742818929255
24087659	7360		14512.533769920468
24088696	7370		14620.958693601191
24089736	7389		14657.171620070934
24090738	7349		14717.920354999602
24091749	7340		14778.159065775573
24092758	7332		14728.365664668381
24093729	7295		14754.959201730788
24094753	7310		14807.267779834569
24095806	7359		14870.213055349886
24096806	7331		14910.30290876329
24097864	7361		14876.394359275699
24098874	7332		14853.11354688555
24099920	7378		14932.87578831613
24100898	7336		14880.943193018436
24101913	7333		14839.668611906469
24102899	7302		14832.45083475858
24103920	7310		14790.860972896218
24104951	7332		14748.450373537838
24105988	7351		14755.541465677321
24107041	7368		14819.420942120254
24108151	7450		14793.232602857053
24109154	7430		14680.097804568708
24110111	7356		14466.486992269754
24111111	7346		14479.850074581802
24112155	7362		14611.384060837328
24113173	7368		14554.027227886021
24114290	7451		14584.124266721308
24115222	7352		14508.952431619167
24116322	7406		14547.000144474208
24117307	7348		14589.689668104053
24118354	7391		14569.962757460773
24119313	7344		14519.82891601324
24120278	7285		14465.115874022245
24121316	7302		14534.775940388441
24122304	7290		14583.322380326688
24123348	7318		14679.602386832237
24124362	7328		14648.315303735435
24125436	7353		14600.159094430506
24126491	7365		14657.284165121615
24127413	7268		14478.200569815934
24128575	7386		14562.86275396496
24129732	7516		14666.582201331854
24130713	7454		14594.458740226924
24131687	7412		14571.567035101354
24132674	7364		14647.715463593602
24133760	7411		14768.97738430649
24134729	7370		14718.570079356432
24135790	7386		14894.622450731695
24136797	7386		15043.59964876622
24137861	7408		15037.569144912064
24138928	7459		15039.819718576968
24139973	7467		14967.905466027558
24140943	7427		14877.066754698753
24141966	7414		14728.765493176877
24142921	7354		14744.85724990815
24143929	7324		14891.783326387405
24145029	7376		14740.547494024038
24145995	7325		14724.381454147398
24147049	7350		14649.248814843595
24148135	7423		14597.536592148244
24149103	7358		14497.045077733696
24150069	7298		14442.089515723288
24151067	7273		14276.414944045246
24152125	7324		14449.68093945086
24153087	7258		14342.022945478559
24154159	7304		14457.103339456022
24155159	7281		14611.884938955307
24156324	7398		14638.407224588096
24157391	7459		14539.882549703121
24158453	7468		14563.11899407953
24159446	7446		14631.470879971981
24160379	7364		14540.30620341003
24161406	7362		14615.223463326693
24162354	7306		14625.601868763566
24163390	7335		14711.605725623667
24164367	7298		14824.832012601197
24165313	7201		14770.762840352952
24166280	7142		14758.373412020504
24167306	7146		14593.683255925775
24168368	7184		14581.215647779405
24169378	7154		14446.096805237234
24170377	7136		14447.144674994051
24171419	7168		14450.374255470932
24172502	7202		14312.447648227215
24173490	7167		14220.638298004866
24174536	7196		14241.473599120975
24175587	7214		14284.732250288129
24176552	7173		14197.83223324269
24177578	7164		14234.313141778111
24178553	7112		14252.184388443828
24179571	7112		14272.581127010286
24180631	7156		14330.527379579842
24181746	7256		14505.365054771304
24182818	7315		14475.232656218112
24183850	7337		14482.477057151496
24184817	7301		14419.973062299192
24185830	7287		14311.519945003092
24186901	7337		14412.713729716837
24187963	7380		14488.214654393494
24188973	7377		14561.306348972023
24190018	7394		14685.361574932933
24190987	7344		14617.643853791058
24191964	7276		14480.782830931246
24192914	7207		14336.243916936219
24193944	7226		14344.239841885865
24194985	7267		14368.359659031034
24195988	7259		14367.796614646912
24197054	7308		14526.204105071723
24198052	7292		14505.277002371848
24199135	7357		14519.692515991628
24200177	7388		14452.16008593887
24201306	7479		14654.443442478776
24202352	7499		14662.699930943549
24203416	7546		14745.768132030964
24204465	7557		14793.504038453102
24205461	7516		14715.009144082665
24206401	7440		14628.416961826384
24207512	7512		14847.649584315717
24208531	7528		14989.54414601624
24209537	7498		14971.957612887025
24210488	7434		15043.577615082264
24211563	7463		15073.181317731738
24212614	7478		15029.980406619608
24213636	7467		15091.065402053297
24214705	7534		15141.621447235346
24215840	7619		15138.319685310125
24216883	7616		15072.073369041085
24217903	7635		15043.09515760094
24218960	7662		14979.47840707004
24220025	7697		15153.715134173632
24221112	7729		15211.760985903442
24222150	7758		15301.54768165201
24223239	7815		15489.810281254351
24224279	7850		15538.533422477543
24225282	7808		15566.050249136984
24226263	7751		15484.62101456523
24227378	7824		15645.474335946143
24228421	7854		15628.138189159334
24229360	7746		15503.165988124907
24230408	7746		15511.51919990778
24231506	7823		15677.76480101794
24232535	7825		15761.239469483495
24233531	7783		15632.98633673042
24234532	7760		15619.938117295504
24235527	7717		15583.758764319122
24236567	7725		15580.110316351056
24237534	7668		15487.247278638184
24238567	7651		15458.479511916637
24239614	7674		15506.866720221937
24240642	7653		15502.56901229173
24241611	7611		15485.024323776364
24242550	7546		15435.110462501645
24243582	7554		15364.520666182041
24244564	7497		15337.735548093915
24245519	7443		15182.973433539271
24246523	7401		15084.342822827399
24247482	7320		14957.431186139584
24248451	7284		14841.86916616559
24249539	7321		14650.50420434028
24250539	7280		14652.860590904951
24251638	7337		14649.836682386696
24252626	7286		14457.728997305036
24253671	7327		14485.346731722355
24254711	7359		14369.390344791114
24255752	7393		14365.347196482122
24256769	7397		14501.943247295916
24257822	7414		14564.312118925154
24258797	7379		14609.418147101998
24259804	7356		14553.790043495595
24260807	7329		14564.80325179547
24261801	7310		14663.141734063625
24262856	7327		14828.046152293682
24263911	7374		14889.860054075718
24264893	7318		14824.662571787834
24265983	7361		14836.446890212595
24266989	7364		14878.551171272993
24268022	7355		14910.431991659105
24269075	7405		14850.49299453199
24270154	7445		14795.929893158376
24271203	7448		14808.034942254424
24272260	7489		14845.684473194182
24273355	7565		14939.911613367498
24274387	7565		14949.030790373683
24275378	7533		14926.365512385964
24276335	7474		15001.49616125971
24277382	7513		15058.362445473671
24278401	7519		15081.604721561074
24279490	7567		15047.46373014152
24280487	7546		15108.673249416053
24281513	7533		15190.059492789209
24282495	7500		14990.547712989151
24283519	7521		14977.573867172003
24284426	7409		14974.929629296064
24285405	7369		15021.821973741055
24286480	7433		15205.511409260333
24287391	7336		15049.454038970172
24288392	7313		14977.028709843755
24289414	7329		15092.243743382394
24290441	7329		15151.768663436174
24291406	7274		14926.912635147572
24292418	7255		14887.02530387044
24293472	7284		14886.424352668226
24294538	7330		14899.62952401489
24295640	7422		14922.06980150938
24296665	7392		14844.830928452313
24297710	7412		14807.032483689487
24298617	7316		14600.751905463636
24299565	7248		14521.987423345447
24300556	7203		14622.658069722354
24301572	7213		14654.394564524293
24302601	7226		14819.05699878186
24303660	7264		14839.741461828351
24304667	7253		14899.045094281435
24305655	7201		14743.91269595921
24306605	7127		14588.02334548533
24307709	7192		14560.901359789073
24308765	7229		14692.33448702097
24309840	7251		14721.998480983078
24310831	7193		14736.1544303447
24311869	7191		14580.48803138733
24312843	7139		14484.404247954488
24313861	7110		14370.518760509789
24314865	7088		14458.89321283251
24315858	7046		14419.189808316529
24316865	7026		14303.36669061333
24317983	7130		14263.068653829396
24318979	7117		14305.995202042162
24320036	7161		14331.785362817347
24321113	7200		14286.218031771481
24322118	7197		14179.984786495566
24323102	7169		14117.105200953782
24324158	7180		14203.293952554464
24325219	7207		14346.427110083401
24326319	7289		14391.021833263338
24327276	7239		14395.9663387537
24328222	7141		14362.913037769496
24329250	7120		14377.784884214401
24330303	7168		14344.969322174788
24331229	7088		14329.059866011143
24332221	7078		14341.060590192676
24333211	7064		14471.334005765617
24334191	6996		14291.08520963043
24335231	7019		14121.830177552998
24336286	7050		14125.596334300935
24337376	7119		14295.4954379946
24338393	7114		14218.113471649587
24339382	7091		14172.739019140601
24340411	7083		14056.609003193676
24341433	7073		14004.893505841494
24342440	7057		14008.657575197518
24343439	7012		14009.499402113259
24344523	7096		14093.808776982129
24345501	7063		13986.6987843737
24346557	7088		14005.50373276323
24347587	7077		14071.388964109123
24348584	7065		14232.399768464267
24349531	6996		14213.322408936918
24350531	6980		14195.80229651928
24351605	7014		14344.356524080038
24352534	6897		14220.970782071352
24353572	6899		14186.066549129784
24354632	6936		14139.599067300558
24355654	6936		14003.42717589438
24356732	7013		13996.464297309518
24357760	6994		13829.248253136873
24358708	6929		13817.268350563943
24359710	6890		13636.096816338599
24360752	6927		13693.48488458246
24361693	6840		13622.379492543638
24362649	6787		13689.535431988537
24363622	6754		13779.91127961129
24364601	6719		13759.71117619425
24365702	6780		13670.068673588336
24366710	6781		13668.93921341747
24367829	6869		13716.773283287883
24368850	6842		13641.775757089257
24369806	6776		13485.525517813861
24370829	6781		13447.578879714012
24371911	6852		13654.51874204725
24372917	6828		13764.668274588883
24373995	6890		13843.0192996189
24375033	6880		13890.456757478416
24376071	6890		13943.86051043868
24377122	6923		13928.045478478074
24378112	6900		13848.85981822759
24379124	6870		13790.550821311772
24380082	6822		13650.94008603692
24381160	6867		13671.36333887279
24382187	6860		13555.982737638056
24383207	6879		13551.715036727488
24384230	6885		13532.131015010178
24385232	6868		13519.7100783661
24386202	6813		13479.947393260896
24387105	6707		13386.04822267592
24388153	6701		13416.104096367955
24389220	6739		13485.802085131407
24390209	6682		13491.107705637813
24391193	6660		13491.592944331467
24392314	6752		13594.142440758646
24393382	6774		13574.377486974001
24394434	6771		13416.852214366198
24395382	6683		13319.302324086428
24396523	6799		13488.543314419687
24397585	6826		13300.369826227427
24398563	6791		13405.122574783862
24399597	6786		13439.423292718828
24400624	6793		13463.589407667518
24401587	6744		13391.566894233227
24402630	6756		13428.609070025384
24403712	6816		13571.687449298799
24404686	6776		13630.74771180749
24405730	6776		13560.116079114377
24406838	6841		13639.448726020753
24407945	6925		13674.358642816544
24408963	6915		13544.682581499219
24410078	6989		13743.702497139573
24411171	7054		13775.387833595276
24412236	7070		13795.685441687703
24413281	7087		13671.286725901067
24414250	7036		13778.5637011379
24415311	7069		13960.751207701862
24416370	7107		13991.256299644709
24417457	7155		14058.90362406522
24418431	7075		14103.029720589519
24419507	7131		14220.86084959656
24420531	7140		14252.437039472163
24421572	7132		14108.087645821273
24422586	7103		14029.200103290379
24423679	7186		14177.63030963391
24424690	7191		14220.931250624359
24425721	7172		14077.399590201676
24426695	7137		14090.186749786139
24427667	7102		14136.743451997638
24428611	7023		14167.741246193647
24429667	7076		14277.142028801143
24430642	7050		14461.859207816422
24431733	7110		14512.548095300794
24432700	7052		14483.834140464664
24433737	7052		14429.679478429258
24434777	7054		14392.171379193664
24435737	6971		14178.126475684345
24436863	7059		14310.802287362516
24437906	7074		14179.242319010198
24438933	7093		14348.655592255294
24439975	7130		14415.714510686696
24440986	7099		14414.91023799777
24442040	7112		14240.776327453554
24443077	7110		14216.799319662154
24444089	7101		14229.642194487154
24445089	7065		14279.369842901826
24446114	7055		14111.709342502058
24447159	7076		14192.53493514657
24448172	7075		14050.745295509696
24449248	7125		14237.478293135762
24450243	7099		14179.979414977133
24451266	7093		14135.583060093224
24452279	7070		13962.19186720252
24453285	7067		13995.731748208404
24454328	7059		13885.087517105043
24455290	7000		13888.758091069758
24456403	7081		14026.593613766134
24457414	7054		14062.044748090208
24458430	7056		14084.93755428493
24459569	7154		14229.79068890959
24460573	7157		14229.131371438503
24461636	7200		14394.011502742767
24462715	7241		14270.969707489014
24463811	7290		14258.942370444536
24464862	7328		14158.367822550237
24465947	7385		14241.076258808374
24466949	7344		14218.86468437314
24467997	7351		14282.926855869591
24469078	7396		14327.552444316447
24470081	7397		14459.221367880702
24471163	7437		14575.55269560963
24472243	7486		14798.71844958514
24473253	7462		14906.699877403677
24474365	7537		14942.424480117857
24475364	7535		14929.504773013294
24476383	7552		14964.142835192382
24477411	7574		15036.069495424628
24478388	7546		15168.55444546789
24479482	7593		15130.495359398425
24480442	7536		14907.401377350092
24481463	7534		15005.342744536698
24482543	7567		15102.569339975715
24483545	7517		15002.343792885542
24484710	7671		15120.770264022052
24485684	7625		15056.341058805585
24486694	7603		15151.089679665864
24487700	7576		15015.395173244178
24488712	7579		14950.376047760248
24489626	7485		14836.218547314405
24490672	7513		14841.847501091659
24491662	7457		14914.07344442606
24492650	7442		14868.234575353563
24493658	7417		14713.261815927923
24494739	7455		14835.86967278272
24495753	7455		14889.65775230527
24496765	7448		14715.527715682983
24497658	7332		14641.303296528757
24498631	7264		14580.221617884934
24499678	7273		14631.655103549361
24500741	7290		14730.859354406595
24501705	7247		14753.614334478974
24502717	7252		14768.864117182791
24503688	7189		14755.231921732426
24504739	7213		14683.125172309577
24505698	7168		14621.944425962865
24506740	7160		14584.310914300382
24507745	7160		14520.771785624325
24508729	7122		14511.891855351627
24509748	7114		14472.893467992544
24510744	7097		14286.057700246572
24511865	7188		14321.958889178932
24512812	7111		14196.17469085753
24513782	7059		14132.62427392602
24514732	6994		14121.675764709711
24515809	7057		13938.835675634444
24516729	6936		13930.101484142244
24517742	6918		13928.40366923064
24518784	6947		14154.804714873433
24519840	6958		14062.517388761044
24520948	7041		13999.911159820855
24521952	7040		13957.94570542872
24523014	7082		14127.79246660322
24523966	7031		13871.632064461708
24524944	7007		13821.06375093013
24525991	7008		13762.093095183372
24527075	7035		13858.472731344402
24528089	7035		13901.5981503129
24529125	7070		13883.031785815954
24530178	7082		13927.697543755174
24531242	7139		14043.601013764739
24532264	7149		14147.613398052752
24533302	7165		14214.407382585108
24534338	7165		14118.781788513064
24535400	7214		14211.387574851513
24536526	7308		14401.32538381964
24537549	7312		14401.32332111895
24538553	7304		14383.777749471366
24539625	7328		14336.29912609607
24540653	7346		14488.618202127516
24541774	7406		14533.382850512862
24542799	7424		14550.43689313531
24543728	7299		14496.089720569551
24544753	7321		14546.46658860892
24545879	7441		14726.289787091315
24546842	7376		14818.516686610878
24547867	7362		14665.83913783729
24548968	7447		14973.312778785825
24550074	7498		15104.139571025968
24551057	7435		15019.95230781287
24552036	7400		15043.18376159668
24553176	7513		15248.846867971122
24554184	7478		14971.26767539978
24555253	7526		15094.962288327515
24556270	7510		15027.960618533194
24557250	7453		14951.503390230238
24558228	7409		14793.122414894402
24559241	7419		14755.771183595061
24560160	7315		14704.128959998488
24561132	7247		14668.57071839273
24562137	7220		14685.628339797258
24563134	7195		14704.9259929955
24564120	7164		14703.082400031388
24565168	7156		14630.54671125859
24566199	7152		14548.809836365283
24567240	7178		14393.708153270185
24568318	7239		14306.686913646758
24569272	7178		14183.209665559232
24570271	7143		14007.709804058075
24571290	7155		14074.6478767097
24572328	7182		14160.134853623807
24573413	7216		14203.465682066977
24574389	7164		14223.339790068567
24575455	7207		14411.36215442419
24576426	7160		14408.93520091474
24577421	7151		14405.494866363704
24578405	7095		14351.21022297442
24579446	7096		14357.555355720222
24580457	7091		14388.595907211304
24581429	7034		14284.28819758445
24582424	7000		14260.044342413545
24583380	6949		14193.06231791526
24584411	6933		14205.23228430748
24585433	6945		14129.410639837384
24586497	6987		14149.066509328783
24587513	6995		14196.436403892934
24588604	7055		14285.485917411745
24589636	7048		14257.849262952805
24590694	7090		14175.506483502686
24591714	7077		14055.90456712246
24592724	7053		13864.713922522962
24593788	7101		14009.888298898935
24594803	7084		14103.588234007359
24595863	7129		14132.709712386131
24596892	7107		14139.127816461027
24597894	7088		14167.656106069684
24598976	7168		14343.56717954576
24599999	7189		14355.468367002904
24601017	7193		14303.648793049157
24602089	7234		14303.565042220056
24603111	7241		14390.336441352963
24604124	7248		14332.770655274391
24605166	7246		14346.438098981977
24606139	7214		14403.133332677186
24607189	7216		14446.52033958584
24608288	7291		14542.569847531617
24609250	7233		14538.923866964877
24610302	7246		14528.699384905398
24611455	7345		14615.650013007224
24612511	7376		14672.939464323223
24613501	7360		14596.706710703671
24614459	7289		14535.767213769257
24615455	7267		14601.315746448934
24616449	7231		14454.690244615078
24617418	7191		14453.063608370721
24618419	7155		14438.48521283269
24619418	7153		14509.366213180125
24620431	7156		14515.075801499188
24621439	7157		14489.62820585072
24622498	7191		14510.820788949728
24623504	7173		14470.180403597653
24624493	7143		14341.238926455379
24625511	7154		14333.449992634356
24626512	7144		14294.551169529557
24627586	7182		14355.083438657224
24628579	7168		14242.62153673172
24629661	7243		14236.385224997997
24630711	7245		14158.167511947453
24631706	7229		14119.468610972166
24632776	7249		14153.993478409946
24633819	7284		14161.65700301528
24634846	7305		14287.820404209197
24635820	7256		14229.397679410875
24636852	7279		14374.38542688638
24637882	7280		14410.778062611818
24638826	7223		14404.500555112958
24639800	7196		14466.18249167502
24640895	7268		14678.65665461123
24641930	7266		14659.69885867089
24643025	7311		14644.736150696874
24644053	7328		14738.720237396657
24645063	7321		14776.734787233174
24646029	7273		14559.200028680265
24647118	7353		14583.25719165802
24648195	7382		14662.212600305676
24649262	7429		14691.646454051137
24650227	7382		14717.809331923723
24651229	7384		14697.046962089837
24652221	7334		14644.364281654358
24653258	7341		14632.749402478337
24654343	7382		14718.918029591441
24655393	7427		14748.337784841657
24656400	7394		14776.564096190035
24657454	7420		14787.10520015657
24658495	7408		14810.306498274207
24659508	7403		14647.444191679358
24660565	7424		14736.762600496411
24661587	7430		14723.960657782853
24662675	7478		14785.36223102361
24663708	7464		14740.348180681467
24664754	7500		14809.174729593098
24665846	7571		14867.5105599612
24666805	7502		14914.612102150917
24667820	7474		14803.755045160651
24668936	7548		14892.99609478563
24669902	7512		14975.161217652261
24671014	7588		14953.454457469285
24672002	7549		14891.326151758432
24672994	7540		14984.109971404076
24673943	7457		14824.402821078897
24674842	7344		14763.177198648453
24675815	7278		14624.593688607216
24676841	7294		14683.070051558316
24677835	7276		14852.73601987958
24678910	7323		14936.417347796261
24679908	7321		14901.100882396102
24681021	7382		14876.170974135399
24682127	7446		14822.387607246637
24683116	7404		14723.222463265061
24684129	7416		14756.599408306181
24685108	7392		14643.03854304552
24686141	7413		14761.118047051132
24687171	7408		14786.350154995918
24688186	7395		14795.330148294568
24689208	7406		14874.171638123691
24690221	7366		14849.003471143544
24691284	7421		14865.58974712342
24692304	7417		14951.849721185863
24693366	7429		14905.762988835573
24694317	7380		14864.588586777449
24695323	7353		14830.339755915105
24696350	7371		14799.460129499435
24697428	7415		14805.314283721149
24698477	7429		15002.534397289157
24699531	7449		14946.575530439615
24700586	7472		15020.999366603792
24701626	7500		15000.109982177615
24702686	7498		14969.634186848998
24703694	7468		14935.674584150314
24704679	7437		14951.77851113677
24705644	7392		14899.165440648794
24706638	7347		14792.318397969007
24707675	7341		14797.412095792592
24708750	7367		14751.687951028347
24709750	7364		14785.270704485476
24710841	7430		14932.470206327736
24711760	7305		14814.580464214087
24712782	7296		14717.195067927241
24713933	7407		14819.304401986301
24714926	7396		14777.44346062094
24716025	7483		14893.344891242683
24717098	7529		14996.86404056102
24718057	7483		14963.446742229164
24719093	7482		14819.084279701114
24720162	7547		14839.06570699066
24721210	7554		14961.773799814284
24722204	7515		14869.72500475496
24723241	7538		15047.026343375444
24724341	7599		15091.725874610245
24725336	7582		15036.3744668141
24726366	7608		14968.26164290309
24727380	7577		14954.660961031914
24728410	7590		15112.339013010263
24729463	7641		15142.555514089763
24730508	7660		15149.729338385165
24731467	7595		15102.378180079162
24732560	7684		15185.131651587784
24733573	7680		15179.586995244026
24734572	7662		15185.015664301813
24735621	7678		15181.645405374467
24736681	7724		15220.916029147804
24737769	7783		15281.027377128601
24738727	7737		15232.479064896703
24739747	7704		15184.345078624785
24740794	7713		15275.778220243752
24741858	7741		15370.789746053517
24742888	7713		15402.286856532097
24744012	7793		15451.02727098018
24745099	7861		15650.755667835474
24746181	7918		15686.535755343735
24747226	7949		15776.172134123743
24748222	7900		15653.690492637455
24749247	7878		15628.628166332841
24750327	7946		15787.155272953212
24751317	7894		15649.97418911755
24752340	7917		15706.424821339548
24753423	7946		15779.209705777466
24754469	7968		15846.929262116551
24755419	7911		15846.345507331192
24756471	7899		15853.45288323611
24757395	7807		15736.321855917573
24758360	7748		15826.402902260423
24759362	7721		15776.52211138606
24760407	7753		15782.701783590019
24761448	7766		15851.324667297304
24762438	7748		15784.066959895194
24763441	7718		15547.824302375317
24764416	7687		15451.691125050187
24765451	7694		15477.526614904404
24766479	7699		15363.449828602374
24767461	7656		15344.653656221926
24768468	7610		15325.015948362648
24769510	7633		15361.78189355135
24770440	7527		15257.834216758609
24771429	7492		15181.471401512623
24772494	7517		15200.37960717082
24773479	7478		15210.608854457736
24774582	7533		15153.440372176468
24775720	7644		15246.259006291628
24776759	7673		15496.097564846277
24777795	7672		15493.420760825276
24778842	7710		15518.132564246655
24779833	7654		15439.565603405237
24780828	7624		15247.536732673645
24781910	7684		15374.886773332953
24782859	7583		15301.095850042999
24783909	7591		15325.949725277722
24784893	7559		15202.81908120215
24785926	7582		15161.602543964982
24786930	7572		15211.683049619198
24787967	7600		15307.36702530086
24789023	7614		15358.61231957376
24790031	7598		15356.093338035047
24791061	7610		15264.616438150406
24792053	7590		15301.974565051496
24793135	7644		15428.616848818958
24794152	7623		15414.52452597022
24795204	7644		15392.673433721066
24796256	7642		15436.662571944296
24797232	7573		15313.473374456167
24798242	7581		15196.190629214048
24799270	7575		15237.353255525231
24800210	7472		15064.902227081358
24801167	7414		15107.525206521153
24802196	7395		14985.553791642189
24803258	7427		15020.370344229043
24804210	7372		14982.254792444408
24805264	7397		15085.557710453868
24806355	7456		15187.17216360569
24807393	7474		14974.08050519973
24808365	7427		14860.294895879924
24809459	7491		14875.244286105037
24810495	7514		14971.525326609612
24811521	7499		14916.496357828379
24812544	7504		14877.244538992643
24813526	7469		14887.719563648105
24814607	7533		15083.445062749088
24815621	7507		15000.961199760437
24816630	7513		15033.148453369737
24817605	7474		14908.883828230202
24818613	7448		14903.82671995461
24819556	7367		14774.281856320798
24820572	7347		14714.691939540207
24821604	7335		14616.098220847547
24822637	7357		14594.61684332043
24823677	7374		14555.505540974438
24824703	7382		14564.636852487922
24825736	7371		14645.171162724495
24826869	7477		14517.612860098481
24827824	7425		14571.091674409807
24828888	7463		14745.388296976686
24829895	7450		14793.580943912268
24830872	7426		14864.666313275695
24831895	7398		14936.239819437265
24832954	7426		14876.799620702863
24833868	7306		14896.744317516685
24834970	7369		14849.44942072779
24835956	7313		14680.882315412164
24836971	7318		14705.982029028237
24838075	7370		14727.96713515371
24839057	7326		14641.754122391343
24840017	7271		14581.900411613286
24841072	7301		14518.689228996634
24842076	7293		14515.836619697511
24843085	7286		14527.837437197566
24844152	7306		14564.446604192257
24845209	7313		14543.419399142265
24846151	7232		14368.22983649373
24847145	7219		14271.743486620486
24848159	7233		14452.30239778012
24849197	7265		14584.322853021324
24850156	7204		14460.666251823306
24851193	7190		14503.04683881998
24852170	7150		14475.514941297472
24853127	7084		14407.69498706609
24854062	6965		14295.97681133449
24855024	6886		14148.929257839918
24856014	6850		14070.232072554529
24857027	6854		14068.833582535386
24858087	6898		14105.202203556895
24859123	6905		14099.19063743949
24860243	6984		13976.314497038722
24861292	7017		13956.472720198333
24862372	7057		13942.746290251613
24863447	7105		13988.519718147814
24864494	7113		13981.864541776478
24865487	7081		13987.464754082263
24866516	7072		13939.845771022141
24867538	7055		14094.716579273343
24868625	7099		14120.501466698945
24869717	7144		14319.160264208913
24870686	7101		14260.445930279791
24871718	7118		14256.793519362807
24872775	7172		14388.218633309007
24873861	7210		14314.472538761795
24874825	7140		14234.165238596499
24875859	7168		14261.185591109097
24876886	7185		14237.508005142212
24877907	7167		14192.784292377532
24878993	7219		14278.574418962002
24879933	7154		14293.943636581302
24880940	7122		14394.844364754856
24882024	7192		14384.535738371313
24883016	7163		14412.738053657115
24884041	7159		14506.252892963588
24885105	7217		14522.749328248203
24886135	7233		14670.430267944932
24887166	7223		14569.490611381829
24888183	7231		14483.82254293561
24889234	7235		14539.96368059516
24890274	7215		14497.457122981548
24891163	7042		14341.465272203088
24892145	7003		14304.136070095003
24893205	7045		14340.187015585601
24894232	7042		14361.862240210176
24895234	7041		14276.898472748697
24896270	7059		14246.496416121721
24897291	7074		14212.938452258706
24898328	7091		14058.584826469421
24899374	7108		14064.32332494855
24900344	7073		14054.715667456388
24901368	7097		14134.623960860074
24902364	7075		14165.669414870441
24903397	7082		14302.862393051386
24904463	7120		14398.73464345187
24905531	7144		14400.66331744194
24906469	7049		14299.476502284408
24907450	6995		14175.467823147774
24908478	7013		14219.374596320093
24909452	6953		14149.25870076567
24910438	6934		13998.611559212208
24911443	6931		14037.146614588797
24912497	6975		14022.032859265804
24913563	7017		13914.231756538153
24914520	6940		13817.11593810469
24915591	6981		13801.08141195029
24916558	6924		13720.064949296415
24917442	6799		13687.33566314727
24918421	6775		13576.200638875365
24919381	6696		13661.10285242647
24920380	6676		13595.334184706211
24921375	6648		13480.09088087827
24922384	6616		13493.353452652693
24923482	6686		13600.731048427522
24924459	6628		13521.190529763699
24925468	6634		13624.945844724774
24926592	6709		13690.637651905417
24927709	6813		13771.874947033823
24928814	6918		13788.220372617245
24929869	6939		13811.152140624821
24930827	6876		13662.015548609197
24931927	6943		13622.0337305367
24932905	6876		13504.681161262095
24933880	6827		13547.803574964404
24934919	6821		13634.054883792996
24935977	6842		13741.580804429948
24936994	6839		13680.608267895877
24938064	6875		13743.821053981781
24939129	6930		13857.36517368257
24940269	7054		13954.298942647874
24941316	7079		13908.71217713505
24942450	7165		13993.332388058305
24943610	7279		14120.790104821324
24944598	7267		14161.750483557582
24945600	7228		14040.059264026582
24946662	7245		14116.38977907598
24947678	7226		14169.997150674462
24948681	7184		14151.122134566307
24949693	7178		14283.69919692725
24950799	7269		14452.170378379524
24951786	7219		14353.135041765869
24952861	7264		14517.936012603343
24953983	7340		14542.262124158442
24955021	7336		14688.843734614551
24956071	7350		14614.38482902199
24957095	7365		14711.925528630614
24958113	7365		14795.061547234654
24959119	7332		14786.822197914124
24960169	7381		14838.806172572076
24961226	7387		14890.567374385893
24962284	7404		14790.02025487274
24963248	7343		14736.341394044459
24964222	7302		14524.080112092197
24965208	7253		14568.57137965411
24966183	7216		14444.334214001894
24967205	7194		14439.621045321226
24968307	7283		14589.430457361042
24969294	7265		14610.520152904093
24970317	7286		14677.957195274532
24971390	7308		14661.899310342968
24972383	7288		14677.854871086776
24973438	7336		14681.054351523519
24974354	7232		14451.50329298526
24975381	7218		14556.494597159326
24976418	7206		14575.800879657269
24977419	7207		14532.211768060923
24978373	7157		14554.536320000887
24979410	7157		14450.426874779165
24980420	7133		14539.458574391901
24981460	7146		14502.334970541298
24982462	7129		14414.856477752328
24983369	7031		14247.612538076937
24984300	6942		14218.86578964442
24985300	6940		14116.926327981055
24986392	7008		14240.227162703872
24987414	7023		14165.517989084125
24988434	7026		14099.129717886448
24989511	7081		14069.509698443115
24990557	7083		13977.64507188648
24991563	7088		13851.791999340057
24992620	7108		13843.362443551421
24993615	7068		13895.092148378491
24994654	7083		13873.72699508816
24995678	7105		13944.152707874775
24996720	7128		14149.120387405157
24997809	7183		14149.961735583842
24998860	7196		14197.171607621014
24999891	7193		14208.202996224165
25000908	7193		14316.147034071386
25001934	7208		14359.314093478024
25003020	7243		14399.685901679099
25004106	7326		14466.078107617795
25005107	7322		14529.963295280933
25006119	7307		14591.772757142782
25007114	7290		14529.724252589047
25008183	7336		14499.00055398792
25009250	7391		14665.896681703627
25010324	7432		14775.3147065714
25011278	7386		14688.98930837214
25012314	7373		14602.451615445316
25013393	7408		14590.675900369883
25014409	7367		14560.55833581835
25015509	7447		14642.343642182648
25016514	7435		14778.698648057878
25017571	7458		14764.31315163523
25018638	7522		14868.614173606038
25019599	7455		14865.640160679817
25020664	7507		14994.119488932192
25021704	7514		14942.371793068945
25022734	7535		14983.300538033247
25023704	7485		14908.524709746242
25024687	7463		14850.498520381749
25025659	7434		14994.537829264998
25026661	7414		14916.661301754415
25027696	7428		15000.76353944838
25028772	7481		14994.630526840687
25029783	7453		14977.522230111063
25030835	7468		14880.933269187808
25031882	7473		14776.150257132947
25032888	7454		14772.941730946302
25033889	7420		14786.045881420374
25035002	7492		14835.117863446474
25035980	7439		14958.211383499205
25036986	7398		14867.208354972303
25037966	7366		14916.934801481664
25038989	7378		14985.750426024199
25039983	7341		14901.916204988956
25041036	7368		14853.100940294564
25042147	7442		14880.400663666427
25043212	7490		14792.922268629074
25044322	7581		14788.685370326042
25045340	7587		14724.680866666138
25046295	7534		14635.084965839982
25047324	7544		14691.026602424681
25048381	7561		14757.942072309554
25049460	7611		14895.315795309842
25050487	7604		14873.585648611188
25051555	7656		15106.764895893633
25052467	7565		15053.242410644889
25053557	7617		15198.637348815799
25054651	7656		15286.968366384506
25055734	7705		15306.826812438667
25056774	7714		15332.78808452934
25057696	7635		15359.526571556926
25058778	7680		15483.09827156365
25059864	7719		15352.310183100402
25060760	7592		15204.374374218285
25061716	7544		15076.525990396738
25062797	7581		15165.862711846828
25063890	7628		15185.813823118806
25064865	7596		15053.601252093911
25065871	7577		15054.996949627995
25066867	7571		15135.112304873765
25067937	7632		15171.328231722116
25069065	7721		15111.25751272589
25070068	7673		15090.900999084115
25071097	7695		15195.2764653489
25072154	7704		15152.712103798985
25073210	7729		15217.586727708578
25074243	7760		15270.818806789815
25075233	7732		15296.592927336693
25076196	7686		15308.739607945085
25077255	7733		15470.888605058193
25078303	7739		15515.113144293427
25079367	7760		15585.18172724545
25080333	7698		15507.430203437805
25081331	7671		15498.917025081813
25082324	7627		15367.144786171615
25083354	7653		15385.118173800409
25084446	7732		15446.882244579494
25085482	7724		15508.272289171815
25086476	7685		15559.459754399955
25087491	7648		15468.135747462511
25088530	7681		15465.74574841559
25089475	7615		15447.637709379196
25090526	7624		15421.348774187267
25091579	7656		15597.088580936193
25092599	7661		15574.051437929273
25093584	7625		15473.501327998936
25094600	7590		15299.733477890491
25095593	7534		15222.54639198631
25096623	7553		15119.038816861808
25097600	7523		15045.647994190454
25098616	7491		14942.588494189084
25099676	7536		15116.309040166438
25100709	7542		15049.114850997925
25101745	7543		15042.217301286757
25102802	7549		15032.071055293083
25103867	7577		15209.193484254181
25104926	7604		15243.114699080586
25105883	7540		15257.115435257554
25106785	7431		15114.329266168177
25107827	7429		15086.905893214047
25108858	7415		15062.605985663831
25109895	7449		15230.181860662997
25110851	7400		15067.957103915513
25111864	7371		14966.766077756882
25112887	7354		14956.22935308516
25113842	7264		14684.712868608534
25114879	7258		14700.161385282874
25115833	7178		14628.38052919507
25116889	7225		14555.886022746563
25117864	7183		14437.264048546553
25118909	7201		14404.571021966636
25119999	7257		14489.646632187068
25121088	7302		14530.44313005358
25122075	7247		14400.896508909762
25123048	7207		14289.54755973816
25124113	7269		14483.330530710518
25125139	7278		14507.00361789763
25126091	7226		14477.91432902217
25127106	7208		14387.183271706104
25128110	7184		14358.392434112728
25129105	7136		14289.327381782234
25130188	7193		14312.340124696493
25131252	7233		14363.435038380325
25132262	7222		14479.945497721434
25133242	7177		14459.422502025962
25134251	7178		14565.754585906863
25135226	7133		14523.706653989851
25136191	7057		14333.824181959033
25137361	7206		14560.587934881449
25138424	7259		14654.755263969302
25139385	7188		14527.422925375402
25140435	7237		14615.699457623065
25141409	7171		14428.935952328146
25142359	7093		14310.187198974192
25143387	7109		14348.091870114207
25144340	7061		14363.274190068245
25145361	7076		14491.241285122931
25146439	7116		14440.656801968813
25147459	7125		14376.426237232983
25148479	7141		14315.87775554508
25149552	7171		14350.654586359859
25150570	7181		14295.767144493759
25151644	7217		14345.958527199924
25152679	7219		14186.904286555946
25153674	7171		14312.197428584099
25154688	7174		14295.053306855261
25155760	7196		14297.236658379436
25156725	7139		14230.405501574278
25157656	7063		14138.408650055528
25158663	7064		14171.434783063829
25159748	7131		14310.709930598736
25160839	7191		14278.056065194309
25161774	7120		14255.072835542262
25162744	7064		14259.897040262818
25163842	7107		14173.351660437882
25164912	7136		14180.879372641444
25165867	7091		14095.591079868376
25166872	7064		14182.32301428169
25167822	7009		14156.638169012964
25168883	7039		13953.651614814997
25169931	7034		13809.131745897233
25170840	6937		13873.399272821844
25171887	6950		13955.104819618165
25172898	6915		13946.694064877927
25173949	6934		13909.725140199065
25174958	6916		13889.831339009106
25175973	6912		13986.51418826729
25177010	6917		14072.014400713146
25177954	6833		13872.644127130508
25179093	6921		13765.16280143708
25180191	6976		13796.225731804967
25181263	7010		13880.46623159945
25182302	7022		13869.913263775408
25183385	7080		13925.29830468446
25184337	7009		13773.23210760206
25185281	6953		13713.33572203666
25186305	6933		13886.480034664273
25187423	7026		14028.932933740318
25188460	7035		13976.795626498759
25189479	7038		14022.426846951246
25190567	7126		14173.401609532535
25191584	7110		14101.298020154238
25192576	7100		14116.621931165457
25193611	7119		14041.963719114661
25194627	7118		14104.626662030816
25195668	7126		14109.021598048508
25196835	7253		14292.786673180759
25197809	7219		14341.770286649466
25198881	7246		14280.608985990286
25199890	7229		14337.553091622889
25200849	7181		14273.923662945628
25201833	7127		14261.122039824724
25202891	7140		14248.265562266111
25203996	7244		14434.839063346386
25204990	7216		14363.674375995994
25206060	7248		14451.817485786974
25207090	7269		14350.090549267828
25208103	7277		14351.42608641833
25209091	7218		14201.235345959663
25210106	7202		14174.516364507377
25211157	7234		14243.92151927948
25212171	7233		14207.234492748976
25213180	7207		14287.338104769588
25214230	7231		14265.54919796437
25215286	7256		14435.309218212962
25216275	7199		14422.462161026895
25217273	7193		14450.840061791241
25218262	7156		14615.284219942987
25219315	7182		14578.492577135563
25220331	7174		14549.743812903762
25221356	7157		14552.258206129074
25222401	7167		14401.903251081705
25223483	7232		14258.170974843204
25224530	7267		14332.515188246965
25225451	7180		14175.434261672199
25226481	7166		14206.554559767246
25227517	7177		14187.226110592484
25228476	7133		14228.84137584269
25229530	7133		14307.927737928927
25230599	7159		14395.836394540966
25231630	7178		14460.34477557242
25232759	7261		14396.496600493789
25233775	7229		14461.166093558073
25234807	7251		14394.853386305273
25235807	7218		14380.581487901509
25236764	7128		14349.11796503514
25237812	7151		14452.231287039816
25238822	7128		14478.39455652982
25239908	7167		14643.536317162216
25240992	7239		14644.901504650712
25242047	7258		14730.69751510024
25242985	7184		14521.372722260654
25243979	7161		14390.808811984956
25245042	7199		14416.844938613474
25246191	7307		14386.597794547677
25247154	7236		14273.805649012327
25248163	7212		14269.467734582722
25249282	7284		14398.562352217734
25250285	7269		14338.567121453583
25251337	7305		14383.872201308608
25252317	7281		14411.524218536913
25253254	7204		14457.208891630173
25254214	7149		14389.629471220076
25255216	7132		14363.183940149844
25256320	7235		14557.218736939132
25257364	7250		14640.43616770953
25258455	7300		14659.99557814002
25259481	7318		14587.734073966742
25260412	7238		14486.860528692603
25261484	7294		14435.073435813189
25262472	7282		14439.62909990549
25263475	7262		14427.406018100679
25264520	7293		14344.270606525242
25265566	7309		14465.90881215781
25266564	7280		14479.757862120867
25267695	7405		14592.098078794777
25268640	7327		14515.400890775025
25269686	7339		14446.79661628604
25270705	7329		14496.169194892049
25271709	7290		14486.206546574831
25272702	7254		14461.958276577294
25273792	7297		14426.80717484653
25274898	7352		14603.306720741093
25275947	7360		14512.842148117721
25277038	7396		14682.462745524943
25278043	7386		14585.18902490288
25279059	7372		14648.267593465745
25280047	7359		14637.170124664903
25281070	7352		14608.547725617886
25282063	7336		14712.179105080664
25283134	7358		14716.882919184864
25284119	7325		14719.761038891971
25285141	7337		14808.446958124638
25286140	7298		14611.105505466461
25287149	7286		14544.837891712785
25288249	7351		14747.288806147873
25289321	7383		14774.85610935837
25290302	7320		14717.366726979613
25291306	7289		14698.89357279241
25292297	7239		14652.895798496902
25293342	7255		14708.413267552853
25294376	7275		14693.293168731034
25295441	7303		14699.933076359332
25296487	7314		14773.624340951443
25297518	7319		14711.887510463595
25298504	7272		14543.000216729939
25299616	7364		14503.883423008025
25300614	7337		14408.474388733506
25301589	7312		14388.500386469066
25302584	7289		14401.468056306243
25303624	7327		14368.325198233128
25304622	7296		14389.119236551225
25305638	7279		14275.275425344706
25306697	7303		14427.60585692525
25307708	7308		14396.933301366866
25308755	7351		14536.694723054767
25309872	7453		14623.607937656343
25310865	7428		14655.31182231754
25311880	7412		14577.48980909586
25312901	7415		14671.083679899573
25313912	7412		14664.893934860826
25314945	7440		14717.814789250493
25315950	7411		14647.22919626534
25317041	7448		14712.693848095834
25318005	7412		14792.083560347557
25319059	7439		14843.926089182496
25320038	7411		14743.026073411107
25321085	7411		14761.750965468585
25322094	7380		14742.538831941783
25323091	7336		14751.266492970288
25324170	7377		14867.139279276133
25325219	7384		14725.128233507276
25326182	7329		14710.29901393503
25327258	7404		14745.705150470138
25328290	7409		14824.706026919186
25329310	7413		14895.144952215254
25330357	7454		14898.074226975441
25331309	7388		14850.855698026717
25332330	7401		14991.24465379864
25333383	7407		15079.829336307943
25334331	7346		15043.421029560268
25335294	7300		14998.56191239506
25336231	7230		14820.720901280642
25337372	7345		14981.720488987863
25338340	7305		14749.223761416972
25339344	7288		14654.411864094436
25340285	7209		14543.475434489548
25341389	7263		14526.038678787649
25342475	7308		14462.811742730439
25343520	7322		14466.237599030137
25344503	7267		14349.828181378543
25345569	7293		14411.982623264194
25346626	7301		14436.296597585082
25347680	7306		14304.578669086099
25348673	7251		14420.387323178351
25349684	7249		14492.841628439724
25350687	7213		14374.52159576863
25351707	7196		14386.769443243742
25352687	7137		14347.93403622508
25353703	7130		14307.062158450484
25354766	7145		14312.19208536297
25355764	7124		14145.332797929645
25356739	7053		14090.82385905087
25357753	7025		14028.341345362365
25358750	6992		14000.967626221478
25359788	7018		14015.59380429238
25360866	7071		14086.194187261164
25361884	7054		14073.162500113249
25362857	6988		14111.903675556183
25363868	6993		14021.69473027438
25364948	7027		14089.884819194674
25365919	6968		13942.793388821185
25366897	6921		13927.789655596018
25367906	6894		13897.72862777859
25368981	6944		13931.336907319725
25369954	6884		13906.278742834926
25370913	6827		13896.284073621035
25371983	6870		13970.494772285223
25372938	6824		13722.569190233946
25373919	6802		13759.030898302794
25375004	6831		13859.36508873105
25376072	6853		13880.732680641115
25377119	6865		13775.514470592141
25378201	6920		13639.417715504766
25379234	6905		13613.749533258379
25380189	6848		13451.525336235762
25381151	6782		13374.991980671883
25382252	6836		13392.469455078244
25383324	6905		13458.807497218251
25384231	6810		13449.542215205729
25385248	6780		13624.56389170885
25386218	6729		13613.35996491462
25387187	6678		13534.380871064961
25388232	6719		13488.442343786359
25389314	6749		13603.064439974725
25390374	6788		13579.619828492403
25391373	6741		13370.695376507938
25392440	6779		13329.665238201618
25393379	6714		13164.222415782511
25394416	6742		13157.1819178164
25395485	6779		13252.490013733506
25396496	6769		13369.44494933635
25397459	6691		13289.243011400104
25398522	6726		13282.086082652211
25399562	6728		13326.049340359867
25400621	6763		13393.517399325967
25401685	6818		13538.849820315838
25402717	6833		13564.696382313967
25403849	6923		13658.253611817956
25404882	6934		13788.728311441839
25405887	6933		13932.172347024083
25406905	6941		13853.660083405674
25407906	6901		13977.220548033714
25408883	6818		13925.5195530653
25409929	6843		13967.68742799759
25410904	6799		13883.077676206827
25411970	6852		13993.50630594045
25413031	6874		13997.64254117012
25414114	6932		14014.479272723198
25415129	6929		13843.252192817628
25416122	6912		13764.37877959758
25417148	6900		13596.707237705588
25418205	6911		13632.057963579893
25419253	6938		13677.544711463153
25420316	7000		13685.277877673507
25421355	7016		13678.602620571852
25422346	6994		13674.81317089498
25423339	6968		13706.381482034922
25424379	6992		13841.422682113945
25425431	7035		13861.642973899841
25426478	7077		13989.775673009455
25427509	7071		14153.42811280489
25428506	7034		14159.93660389632
25429537	7052		14117.849310919642
25430622	7090		14020.174266830087
25431592	7027		13939.390052080154
25432647	7034		14023.47627004981
25433660	7041		14113.67583103478
25434656	7005		14010.686738356948
25435694	6994		13953.80094127357
25436608	6903		13870.796102941036
25437587	6854		13894.13514918834
25438660	6866		13773.973493084311
25439715	6907		13842.433220274746
25440763	6919		13801.098581075668
25441705	6845		13686.903295055032
25442720	6850		13705.69326414913
25443676	6797		13647.835481129587
25444723	6807		13642.921337388456
25445676	6742		13579.213979840279
25446722	6774		13622.62369197607
25447738	6756		13555.450813747942
25448734	6727		13554.062715522945
25449859	6802		13594.240542761981
25450795	6729		13478.01871444285
25451744	6670		13438.882719181478
25452709	6612		13317.935983128846
25453663	6554		13403.13267404586
25454712	6595		13365.564470976591
25455709	6572		13241.971472464502
25456676	6539		13268.94489197433
25457769	6590		13124.988868921995
25458715	6530		12988.13758405298
25459646	6458		12913.345743626356
25460667	6444		12827.774530269206
25461665	6434		12877.593177251518
25462643	6400		12930.340312488377
25463626	6364		12972.956636793911
25464574	6304		12978.204844921827
25465529	6256		12948.012127295136
25466573	6266		13033.434607990086
25467574	6245		12971.799005821347
25468624	6279		12909.460022933781
25469639	6275		12924.982770085335
25470640	6260		12819.94084841013
25471681	6270		12740.233858123422
25472644	6210		12594.068582341075
25473606	6142		12565.194603689015
25474641	6141		12546.597717031837
25475673	6138		12537.333363950253
25476647	6103		12484.083232201636
25477719	6159		12540.134631216526
25478707	6120		12427.868480049074
25479746	6124		12375.477309584618
25480760	6129		12322.833387471735
25481774	6137		12272.786959730089
25482819	6139		12233.746031545103
25483832	6107		12288.92513230443
25484767	6009		12209.0871142447
25485733	5973		12165.81884741038
25486738	5967		12183.548670507967
25487794	5993		12246.834181435406
25488871	6047		12290.90639192611
25489956	6073		12270.592728242278
25490959	6062		12034.75243858248
25491961	6029		11896.289085358381
25492934	5996		11805.84052374214
25493978	6032		11922.969907991588
25494937	5972		11908.479905642569
25495994	6019		11963.984971314669
25497010	6030		12049.230153687298
25498053	6046		12120.964443936944
25499002	5983		12150.11894249171
25499990	5954		12065.567032180727
25500963	5925		11997.494437202811
25501971	5885		12046.654851846397
25503019	5890		12043.979055643082
25504034	5905		12044.22298642248
25505103	5931		11976.547232821584
25506081	5860		11819.171222418547
25507076	5832		11745.892213754356
25508123	5845		11649.856126897037
25509175	5848		11724.655799396336
25510217	5857		11817.611956089735
25511190	5781		11661.354415759444
25512231	5814		11614.079979203641
25513243	5806		11540.709383100271
25514298	5826		11636.983031354845
25515320	5846		11589.500920541584
25516396	5876		11665.31893222034
25517443	5911		11750.800147943199
25518440	5895		11840.327049598098
25519474	5911		11858.96425523609
25520562	5973		12066.694281667471
25521569	5956		12004.232861690223
25522514	5898		11998.577993385494
25523524	5887		11858.89460684359
25524644	5976		11865.400606960058
25525658	5943		11925.874004513025
25526562	5840		11713.115220859647
25527567	5815		11836.617259144783
25528551	5767		11639.384560719132
25529571	5732		11584.712947390974
25530619	5755		11735.955635637045
25531542	5676		11533.714100159705
25532558	5691		11420.628476269543
25533544	5669		11396.43512520194
25534490	5580		11287.717004448175
25535536	5596		11288.689899034798
25536536	5551		11123.739362083375
25537490	5501		11050.461120605469
25538542	5544		11220.276686653495
25539584	5575		11115.88416942954
25540617	5605		11127.186327919364
25541688	5672		11151.798563301563
25542757	5693		11100.667546130717
25543802	5737		11013.367260687053
25544804	5703		11150.52326207608
25545841	5712		11284.60590776056
25546878	5717		11356.49727831781
25547948	5759		11528.273965209723
25548939	5727		11508.817538872361
25549890	5678		11564.50693820417
25550858	5616		11428.004306092858
25551840	5570		11375.483596101403
25552801	5519		11290.607543542981
25553892	5560		11342.657546773553
25554938	5566		11272.719209082425
25555918	5530		11201.280990488827
25556947	5544		11117.249630503356
25558011	5576		10933.746460340917
25559125	5663		10998.395670808852
25560222	5721		11077.58617412299
25561267	5724		11066.31202621758
25562272	5714		11104.480515815318
25563308	5744		11203.591685019433
25564367	5784		11402.800360150635
25565390	5784		11494.914223082364
25566393	5785		11465.856310397387
25567360	5730		11439.774606652558
25568356	5724		11612.033144064248
25569458	5792		11741.855685636401
25570553	5847		11765.065027229488
25571611	5867		11793.815511129797
25572605	5843		11737.045433603227
25573622	5832		11559.96037427336
25574667	5840		11518.855199083686
25575747	5897		11585.75661727786
25576735	5885		11698.97888662666
25577776	5903		11785.452633835375
25578790	5880		11735.175753824413
25579786	5839		11728.685912579298
25580762	5778		11696.444530196488
25581836	5819		11772.445277005434
25582812	5766		11632.219961181283
25583803	5740		11601.63382577151
25584806	5713		11541.088293164968
25585819	5698		11567.983247339725
25586824	5684		11438.498776569963
25587829	5657		11421.51027712226
25588861	5636		11332.946961931884
25589770	5517		11262.313175708055
25590777	5516		11318.21352340281
25591817	5537		11397.321167610586
25592782	5498		11416.214105300605
25593802	5518		11364.37381245941
25594825	5501		11175.481423951685
25595862	5520		10994.02591598779
25596794	5430		10920.075949855149
25597864	5469		10905.0495903939
25598815	5416		10831.003713421524
25599724	5321		10842.739618904889
25600670	5254		10830.793002717197
25601662	5229		10724.345944300294
25602633	5175		10671.300852112472
25603669	5177		10706.70414480567
25604703	5182		10645.204664543271
25605700	5128		10400.018927499652
25606716	5121		10323.329426169395
25607691	5078		10245.927011579275
25608686	5073		10218.57494943589
25609761	5124		10233.456903353333
25610746	5083		10170.415839396417
25611816	5087		10177.430360667408
25612774	5023		10117.359272047877
25613865	5090		10105.449266076088
25614909	5108		10216.326050624251
25615932	5094		10139.239152163267
25616946	5075		10083.283717483282
25618014	5123		10098.891488298774
25619146	5205		10263.033066019416
25620075	5108		10068.219421617687
25621116	5132		10199.660991981626
25622131	5120		10152.815223798156
25623194	5169		10274.154869616032
25624246	5198		10305.779744274914
25625270	5190		10283.759340241551
25626288	5190		10230.283251106739
25627258	5133		10222.923886418343
25628326	5165		10364.227898038924
25629321	5143		10437.184753336012
25630368	5171		10429.51654472202
25631471	5260		10537.309767842293
25632404	5159		10336.276932016015
25633460	5193		10431.906242214143
25634490	5206		10463.638936243951
25635462	5164		10429.842757835984
25636548	5230		10569.872588776052
25637601	5265		10651.029697045684
25638615	5266		10562.223836824298
25639708	5315		10461.625150412321
25640659	5237		10398.646225847304
25641766	5303		10584.250049382448
25642808	5302		10584.022561840713
25643821	5286		10644.114503920078
25644831	5292		10857.639335900545
25645817	5236		10665.710466086864
25646843	5231		10695.493156708777
25647867	5207		10569.695822969079
25648858	5186		10477.085813388228
25649841	5163		10258.434509687126
25650784	5086		10238.998695872724
25651811	5107		10281.830750882626
25652864	5131		10390.801240742207
25653840	5106		10259.282448463142
25654924	5185		10396.052704311907
25655917	5176		10274.409873627126
25656978	5201		10260.821266964078
25658040	5222		10291.462126351893
25659087	5245		10396.56882660836
25660039	5167		10304.123189985752
25661119	5199		10290.74303277582
25662175	5206		10230.312109723687
25663227	5255		10231.957146652043
25664259	5236		10210.358818762004
25665248	5204		10085.083074331284
25666313	5233		10158.14817994088
25667359	5241		10200.328415207565
25668330	5211		10305.121757693589
25669367	5239		10298.164737217128
25670368	5211		10400.054640360177
25671481	5286		10438.12472947687
25672593	5346		10655.979695051908
25673560	5299		10547.779958754778
25674569	5292		10569.233087591827
25675699	5375		10465.4511635378
25676803	5428		10600.638328261673
25677777	5387		10589.627176873386
25678705	5309		10415.525016218424
25679699	5265		10366.935008466244
25680770	5293		10496.942768365145
25681752	5269		10556.550844788551
25682875	5345		10513.665133796632
25683878	5333		10436.445502236485
25684927	5355		10467.103797324002
25686099	5494		10603.571197159588
25687148	5505		10705.726163931191
25688162	5505		10771.432548351586
25689222	5532		10878.374954387546
25690194	5476		10829.010603278875
25691279	5561		10953.035148151219
25692463	5718		11219.005495406687
25693533	5767		11359.571457900107
25694554	5763		11371.394787535071
25695638	5821		11438.903135299683
25696575	5742		11303.943839125335
25697505	5660		11216.812644563615
25698512	5667		11321.310358598828
25699594	5745		11301.416330568492
25700603	5746		11220.999665893614
25701651	5760		11304.583126820624
25702620	5712		11252.993220768869
25703659	5712		11235.976788692176
25704662	5705		11240.910093665123
25705719	5729		11404.061232954264
25706794	5798		11612.286619827151
25707754	5751		11490.524641513824
25708798	5779		11446.237260684371
25709896	5843		11544.258224509656
25710926	5831		11467.588874071836
25711973	5838		11474.469128765166
25712974	5831		11497.458524756134
25714002	5846		11496.940000735223
25715118	5929		11544.271648153663
25716174	5967		11695.817357391119
25717220	5966		11793.802641250193
25718202	5938		11739.58583316952
25719334	6041		11838.221534468234
25720405	6082		11903.934876397252
25721466	6090		11972.451951690018
25722572	6160		12021.147674776614
25723603	6156		11929.613848216832
25724593	6142		11919.14560148865
25725591	6129		11974.050718411803
25726707	6228		12136.372418828309
25727734	6246		12171.41591655463
25728825	6328		12439.964370407164
25729855	6343		12479.47480724752
25730913	6382		12507.187979362905
25731887	6314		12456.617901302874
25732951	6348		12590.628933422267
25734059	6417		12755.391624301672
25735061	6396		12828.004092819989
25736146	6476		12943.792655594647
25737064	6386		12947.628123536706
25738162	6457		13000.876324117184
25739180	6473		13054.875200852752
25740149	6416		12844.484004408121
25741115	6362		12783.6053436324
25742099	6337		12758.95180760324
25743070	6283		12592.529675327241
25744183	6371		12679.823423817754
25745256	6424		12742.179109737277
25746278	6396		12738.993886969984
25747278	6396		12766.362722188234
25748369	6466		12682.184059351683
25749364	6433		12606.708121202886
25750327	6395		12701.435639493167
25751290	6336		12749.341218218207
25752216	6241		12738.638139337301
25753253	6230		12626.971606217325
25754262	6218		12615.746445685625
25755252	6197		12629.175467707217
25756265	6193		12617.78184414655
25757233	6140		12400.550808310509
25758275	6172		12329.280841700733
25759185	6038		12212.712008915842
25760137	5972		12229.641778059304
25761165	5986		12234.763682126999
25762176	5977		12136.6259913221
25763220	5985		12189.533388659358
25764319	6054		12214.791196234524
25765358	6083		12117.506359994411
25766364	6079		12015.141646564007
25767386	6084		11927.384519189596
25768295	5978		11761.583249859512
25769348	5992		11848.853405378759
25770350	5982		11885.453503459692
25771408	6012		12017.711529873312
25772347	5943		11925.330103605986
25773333	5905		11905.876408703625
25774343	5903		11798.920985624194
25775343	5895		11798.3670527488
25776363	5876		11796.086288586259
25777348	5836		11904.744014203548
25778312	5800		11887.341934636235
25779332	5776		11876.674934662879
25780341	5768		11838.22560557723
25781330	5719		11777.479172185063
25782378	5723		11655.320857830346
25783463	5789		11598.0982914716
25784521	5811		11410.22618817538
25785474	5738		11396.330727860332
25786551	5784		11341.103494137526
25787574	5805		11387.935953006148
25788625	5810		11339.220175385475
25789589	5737		11332.261747464538
25790597	5700		11425.975994609296
25791646	5711		11522.187541045249
25792705	5755		11513.260133199394
25793723	5762		11573.046053439379
25794702	5717		11486.159751459956
25795724	5725		11284.251986078918
25796735	5730		11312.095634549856
25797777	5750		11380.908809773624
25798789	5749		11529.896311298013
25799752	5712		11489.78284098208
25800731	5689		11391.236440502107
25801780	5696		11448.424450673163
25802765	5645		11335.47390063852
25803701	5571		11325.752130128443
25804765	5578		11323.83271817118
25805742	5540		11175.779742240906
25806776	5540		11237.039820969105
25807794	5525		11172.64990349114
25808785	5504		11080.816447034478
25809810	5523		11142.08784084022
25810749	5425		11077.24222843349
25811814	5484		11122.118225455284
25812935	5566		11291.919567525387
25814004	5601		11231.338559165597
25815059	5636		11268.938170470297
25816108	5644		11177.824789218605
25817126	5632		11252.481161534786
25818173	5623		11257.187208548188
25819127	5576		11265.910387732089
25820122	5544		11284.868149086833
25821121	5534		11215.040475308895
25822140	5548		11206.1069868505
25823223	5603		11181.698080010712
25824257	5603		11286.270467318594
25825264	5579		11190.291857883334
25826344	5625		11144.994970209897
25827399	5628		11177.234323211014
25828394	5599		11331.00258012116
25829433	5599		11133.30530834943
25830513	5649		11212.54647873342
25831576	5694		11277.455805458128
25832625	5700		11376.269608773291
25833680	5706		11319.526448823512
25834778	5777		11335.634030006826
25835796	5782		11417.347129777074
25836874	5852		11499.460231646895
25837972	5904		11655.753424234688
25838988	5890		11614.816973648965
25840100	5963		11622.05554113537
25841236	6064		11812.644001193345
25842303	6119		11921.633987277746
25843353	6122		12004.608806528151
25844396	6122		11969.918595783412
25845373	6060		12031.969986483455
25846397	6073		12069.166716694832
25847443	6109		12215.401679851115
25848549	6186		12291.242886729538
25849588	6188		12214.836240708828
25850602	6193		12157.57584437728
25851597	6153		12037.413761809468
25852622	6147		12157.90220182389
25853623	6134		12117.137423969805
25854658	6123		12224.124913394451
25855702	6143		12264.883432731032
25856750	6148		12200.373966395855
25857797	6142		12182.924029186368
25858842	6142		12151.452920548618
25859843	6132		12011.63278913498
25860848	6117		12063.455457761884
25861806	6066		12137.903411872685
25862814	6058		12177.03758648038
25863844	6049		12206.285749822855
25864841	5985		12079.147480905056
25865931	6040		12188.09784372896
25866965	6025		12076.323860369623
25868011	6067		12160.665373139083
25869068	6108		12195.371687069535
25870083	6095		12269.152440682054
25871210	6186		12218.335203260183
25872208	6162		12369.347687877715
25873304	6240		12388.246547721326
25874442	6355		12451.782261796296
25875484	6359		12469.117041639984
25876489	6344		12389.165774554014
25877572	6377		12541.494876131415
25878641	6416		12473.4490038082
25879697	6468		12652.213148891926
25880684	6423		12820.449903897941
25881756	6442		12848.454283311963
25882778	6397		12814.951703101397
25883819	6430		12895.77693156898
25884827	6427		12857.158141873777
25885855	6455		12882.629104807973
25886875	6474		12811.610654175282
25887994	6571		12851.54866334796
25888982	6558		12837.661296762526
25890008	6532		12836.798166923225
25890979	6491		12899.625980876386
25891951	6445		12841.47558055818
25892992	6457		12997.756417512894
25893996	6438		13116.638883531094
25895025	6446		13154.629293888807
25896077	6494		13171.927555449307
25897142	6515		13132.414756596088
25898162	6487		13051.880354598165
25899188	6475		13065.145335800946
25900200	6485		12991.763532623649
25901221	6505		13024.04969201982
25902226	6473		13020.982317119837
25903321	6536		13080.639729470015
25904374	6543		13038.29051233083
25905405	6546		13116.8111577183
25906391	6516		13046.627887107432
25907441	6530		13115.947899706662
25908490	6547		13134.512509442866
25909491	6528		13052.478609852493
25910560	6579		13142.304349184036
25911586	6599		13112.233463846147
25912627	6626		13052.332467861474
25913656	6625		13158.81990545243
25914673	6603		13042.84554193914
25915667	6590		13030.295694030821
25916718	6625		13118.152470849454
25917783	6663		13221.860985942185
25918888	6726		13350.045020885766
25919903	6734		13357.94400781393
25920909	6732		13360.94191531092
25921903	6707		13344.465105861425
25922904	6697		13321.710042200983
25923941	6686		13219.766849696636
25924938	6640		13182.67184831202
25926000	6690		13275.97171265632
25927000	6685		13269.14755731076
25927899	6576		13251.412949688733
25928809	6470		13231.581189319491
25929867	6518		13319.639148898423
25930881	6496		13338.089072167873
25931946	6536		13392.430451631546
25932952	6516		13287.237999603152
25934012	6568		13286.808865614235
25935063	6562		13085.584430404007
25936005	6492		13017.699853308499
25937038	6493		13072.882389493287
25938032	6474		13092.32848188281
25939001	6441		13063.10378395766
25939959	6383		13040.946515478194
25940956	6361		13115.937520287931
25941979	6360		13022.227877244353
25942933	6266		12813.086916811764
25943991	6300		12882.60218372941
25945039	6310		12902.947188861668
25945951	6222		12694.25328886509
25946935	6175		12505.915823236108
25947973	6190		12489.112025365233
25948998	6181		12433.92323564738
25949956	6117		12542.704191796482
25951057	6216		12632.992791838944
25952179	6311		12578.679581306875
25953198	6284		12551.92479903996
25954183	6227		12550.618112906814
25955164	6202		12372.4804167673
25956155	6187		12174.685082495213
25957156	6179		12246.982384234667
25958133	6133		12340.812845855951
25959093	6086		12222.63154321909
25960141	6104		12175.254922606051
25961183	6114		12165.378894560039
25962153	6061		12227.638863548636
25963108	5991		12185.173341743648
25964095	5963		12103.243272311985
25965043	5875		12061.369613088667
25966077	5906		12051.291314512491
25967059	5833		12007.831431999803
25968120	5890		11859.400883816183
25969110	5848		11683.394294038415
25970101	5815		11621.206382475793
25971128	5802		11557.407426595688
25972132	5760		11444.382321923971
25973084	5711		11521.997154474258
25974065	5668		11545.136591248214
25975100	5702		11459.655740082264
25976076	5668		11432.184224024415
25977093	5683		11453.62691283226
25978090	5658		11406.851725660264
25979086	5637		11378.00446973741
25980126	5665		11391.972444862127
25981288	5817		11590.731204770505
25982354	5843		11672.907115787268
25983379	5867		11730.86581916362
25984423	5889		11767.460398644209
25985392	5833		11721.782179236412
25986398	5792		11653.90865176171
25987502	5863		11812.072704695165
25988613	5923		11767.214014567435
25989649	5911		11800.300429433584
25990668	5892		11669.728787250817
25991713	5903		11624.284390233457
25992735	5905		11676.742565095425
25993718	5860		11737.17709286511
25994743	5845		11718.274836614728
25995736	5812		11676.553886584938
25996739	5814		11692.617503337562
25997760	5801		11626.507811918855
25998720	5718		11482.82561890781
25999722	5702		11497.910300426185
26000691	5626		11427.045580200851
26001646	5581		11261.244555786252
26002654	5576		11261.086284272373
26003742	5664		11348.708741605282
26004777	5673		11353.427415981889
26005837	5688		11332.433040082455
26006847	5674		11276.008445166051
26007913	5706		11215.313508734107
26008921	5658		11333.669688798487
26009956	5683		11288.908404454589
26011037	5743		11373.852711997926
26012107	5769		11378.802279599011
26013196	5819		11402.80109706521
26014281	5862		11460.09703682363
26015331	5911		11483.603884994984
26016437	5974		11633.282727785408
26017462	5986		11744.807012200356
26018423	5922		11737.105022877455
26019523	5999		11838.93226250261
26020531	5985		11891.716008231044
26021631	6046		12032.422296211123
26022618	6019		11936.575086981058
26023698	6087		11930.526776738465
26024716	6066		11740.715446047485
26025831	6164		11838.744954355061
26026950	6245		12098.921857304871
26027993	6277		12232.03682988882
26029149	6388		12443.222263373435
26030113	6336		12552.412204697728
26031206	6416		12741.455927327275
26032269	6445		12913.01232213527
26033238	6370		12831.193141140044
26034305	6435		12973.175517454743
26035435	6545		13129.700003832579
26036519	6575		13068.042966216803
26037470	6526		13005.577287465334
26038474	6510		12994.653188079596
26039470	6503		12960.98297189176
26040484	6498		13063.412312589586
26041432	6408		12994.501523151994
26042454	6398		12993.549004808068
26043527	6436		12988.06573061645
26044465	6352		12860.102274388075
26045461	6328		12787.165827661753
26046539	6386		12799.700753495097
26047569	6389		12753.627209752798
26048520	6336		12728.356445148587
26049522	6338		12736.630278505385
26050588	6402		12843.133933402598
26051720	6491		12944.258323729038
26052793	6555		13078.964058250189
26053853	6580		13075.715597525239
26054863	6544		13094.07129277289
26055833	6511		12949.096114434302
26056944	6570		13043.064158938825
26058011	6598		13186.444380410016
26059064	6620		13316.533500313759
26060021	6564		13284.897119112313
26061103	6640		13236.178401142359
26062140	6628		13167.479201518
26063174	6662		13234.698310166597
26064141	6610		13096.917128019035
26065131	6587		13029.547810003161
26066158	6589		12983.11274240166
26067138	6535		12943.94555927068
26068241	6597		13016.49385842681
26069228	6551		12977.03919366002
26070199	6513		12992.857384674251
26071260	6547		13128.989331163466
26072334	6609		13131.280789807439
26073378	6604		13169.012854479253
26074440	6617		13193.21538696438
26075477	6611		13158.821909025311
26076468	6579		13151.685578294098
26077596	6685		13201.553663745522
26078650	6688		13222.342531010509
26079653	6659		13160.796768285334
26080675	6636		13080.692012771964
26081707	6661		13182.425753697753
26082697	6604		13179.265542909503
26083741	6622		13204.379429124296
26084765	6600		13189.15033275634
26085706	6533		13152.68853712827
26086698	6496		13128.047612704337
26087741	6519		13093.769904054701
26088714	6488		13043.907715402544
26089737	6484		12946.296191625297
26090766	6497		13018.864116631448
26091689	6414		12827.372621625662
26092665	6379		12709.05173074454
26093789	6442		12854.332941569388
26094802	6433		12766.231073752046
26095895	6498		12974.752495631576
26096911	6502		12885.110971853137
26097966	6523		12929.57843606174
26099026	6567		12910.89493187517
26100084	6580		12958.611962810159
26101114	6565		12981.25273963809
26102111	6541		13036.169216431677
26103132	6534		13082.1663114056
26104182	6559		13083.525634676218
26105202	6562		13043.950226016343
26106322	6658		13235.922378838062
26107389	6681		13250.714467190206
26108458	6738		13146.577637083828
26109454	6723		13140.64320359379
26110457	6686		13115.323413357139
26111481	6693		13112.62840423733
26112498	6696		13120.79463980347
26113622	6805		13202.824730493128
26114652	6797		13372.553876072168
26115655	6755		13287.557221323252
26116693	6747		13335.495534323156
26117660	6694		13274.540703564882
26118694	6728		13302.674937084317
26119671	6646		13360.81206908822
26120739	6706		13452.358639337122
26121741	6696		13397.2414111197
26122782	6721		13346.10538969934
26123854	6752		13251.575965449214
26124897	6748		13233.986061736941
26125892	6698		13180.991685643792
26126883	6656		13077.219856798649
26127912	6678		13129.358748853207
26128855	6605		12997.961037769914
26129886	6606		13163.165650390089
26130850	6566		13214.319867171347
26131901	6578		13163.872069187462
26132935	6581		13169.136874377728
26134003	6610		13174.142017163336
26135009	6579		13110.228024974465
26135987	6530		13085.49655739218
26137039	6531		12963.904336631298
26138133	6606		13070.938544109464
26139137	6602		13154.323612391949
26140136	6576		13080.652335487306
26141084	6490		12993.282579503953
26142049	6454		12935.15907971561
26143061	6451		13020.641886562109
26144086	6444		12918.654606707394
26145141	6454		13080.940414220095
26146115	6394		13010.045355536044
26147202	6442		12969.073276884854
26148190	6418		12939.092386968434
26149220	6446		12881.088051751256
26150130	6349		12811.66866607219
26151193	6397		12816.451364554465
26152214	6413		12731.24881504476
26153201	6387		12716.654082387686
26154195	6363		12686.465917348862
26155201	6330		12694.699580691755
26156216	6334		12750.833382815123
26157232	6310		12624.610138632357
26158179	6231		12581.588188394904
26159246	6259		12665.122245050967
26160226	6226		12608.798821821809
26161171	6161		12471.983833931386
26162235	6214		12527.07800360024
26163135	6110		12386.540716044605
26164146	6107		12295.405112229288
26165121	6074		12292.50706090033
26166138	6078		12343.173942267895
26167186	6091		12327.048676222563
26168300	6159		12499.313573390245
26169302	6149		12369.287609495223
26170374	6194		12424.718447729945
26171436	6231		12451.698600664735
26172497	6274		12473.90282522887
26173519	6266		12450.179486438632
26174508	6238		12452.117853604257
26175512	6199		12377.337195247412
26176560	6204		12428.198014073074
26177486	6091		12380.058159314096
26178543	6106		12426.202915124595
26179563	6091		12306.821451954544
26180635	6126		12297.862009823322
26181716	6173		12445.475923657417
26182748	6168		12455.718138866127
26183794	6169		12315.237945407629
26184795	6157		12311.526923939586
26185804	6155		12429.796437114477
26186808	6153		12450.841507785022
26187883	6194		12468.18418520689
26188937	6217		12446.586577236652
26189944	6224		12442.415946759284
26190902	6137		12344.075653091073
26191934	6115		12274.036722242832
26192910	6080		12237.743679873645
26193980	6115		12242.028246812522
26194917	6038		12212.12844133377
26195953	6065		12186.443824633956
26196932	6025		12092.466752104461
26197906	5983		12014.742636658251
26198977	6034		12053.502803385258
26199889	5940		12055.602795414627
26200981	5987		11973.250260062516
26202018	5994		12065.455850362778
26203111	6063		12057.339489087462
26204116	6028		11934.887929737568
26205126	6024		11943.136702507734
26206132	6017		11946.326106399298
26207121	5989		11988.939966917038
26208116	5951		11990.182464502752
26209161	5952		11993.21075026691
26210236	5997		12162.901775412261
26211320	6044		12174.204636588693
26212318	6027		12078.040346890688
26213440	6132		12144.754469655454
26214420	6103		11985.574290499091
26215439	6116		12041.81176815182
26216444	6118		12009.750534206629
26217410	6058		12050.518800847232
26218408	6016		12037.300666101277
26219484	6054		12217.24926276505
26220463	6033		12177.455377422273
26221498	6049		12272.776517085731
26222465	6011		12275.075449638069
26223444	5947		12086.085001207888
26224575	6056		12070.653740048409
26225535	6014		12018.544120118022
26226614	6062		12014.014075286686
26227626	6072		11883.285011269152
26228663	6077		11832.941224902868
26229611	6004		11689.783754862845
26230630	5983		11865.349912039936
26231744	6069		12012.448540233076
26232827	6101		12079.998428858817
26233832	6096		12139.764027684927
26234864	6086		12165.79444553703
26235872	6064		12183.453066386282
26236904	6080		12193.83605914563
26237913	6062		12222.432460844517
26238920	6057		12210.510326191783
26239901	6023		12195.263733953238
26240850	5952		12129.277249790728
26241801	5865		11987.234532766044
26242858	5885		11977.05812267214
26243851	5869		11861.221827030182
26244922	5899		11889.732996560633
26245896	5859		11800.730897724628
26246876	5839		11590.745058909059
26247969	5927		11632.907591067255
26248980	5907		11671.1190867275
26249953	5865		11744.697662502527
26251057	5937		11716.221167065203
26252133	5986		11727.169395029545
26253150	6003		11763.98560603708
26254184	6022		11786.640185698867
26255192	6016		11789.600257605314
26256250	6053		11846.049320824444
26257230	6008		12001.254886880517
26258155	5931		12027.279508002102
26259215	5970		12078.289544411004
26260175	5916		12032.018852084875
26261221	5937		12014.308091275394
26262228	5927		11985.222882926464
26263245	5883		11811.77277314663
26264256	5885		11645.512858435512
26265308	5906		11719.080539487302
26266342	5908		11645.004747740924
26267365	5917		11772.781861431897
26268349	5883		11676.65885321796
26269398	5902		11827.795952491462
26270400	5903		11829.035375595093
26271485	5954		11879.326374292374
26272541	5974		12027.239277504385
26273552	5973		11994.244572982192
26274485	5876		11884.307715900242
26275479	5854		11807.090502209961
26276484	5806		11766.193422608078
26277463	5754		11771.552217960358
26278486	5733		11802.687963277102
26279467	5708		11745.909160882235
26280460	5670		11550.127770148218
26281467	5651		11593.179618753493
26282519	5690		11652.328353837132
26283572	5739		11684.193066805601
26284547	5687		11550.156696103513
26285604	5705		11386.948300741613
26286634	5716		11445.26160825789
26287588	5625		11293.396029233932
26288622	5630		11381.692871689796
26289584	5551		11285.441150255501
26290686	5607		11311.744625374675
26291766	5682		11451.590576320887
26292791	5688		11375.74734852463
26293804	5692		11231.909203410149
26294784	5661		11229.074781641364
26295814	5652		11230.20786343515
26296842	5676		11380.950273290277
26297880	5681		11392.09198346734
26298927	5716		11464.352928936481
26300017	5760		11538.730221107602
26301110	5853		11604.345121659338
26302026	5766		11462.893549077213
26303020	5757		11421.374946594238
26304023	5745		11476.979915760458
26305067	5756		11408.9466740489
26306028	5704		11470.353838063776
26307072	5713		11459.880266793072
26308064	5662		11361.94254077971
26309062	5632		11382.87513679266
26310060	5584		11433.687498956919
26311055	5555		11445.330652549863
26312137	5613		11456.375746615231
26313135	5575		11423.592237077653
26314103	5496		11256.14926058799
26315135	5501		11173.827518694103
26316133	5457		11102.77812422067
26317157	5472		11133.702091559768
26318132	5395		10907.48386388272
26319165	5410		10881.110586561263
26320172	5370		10810.183587506413
26321174	5341		10685.543301180005
26322131	5298		10623.188654147089
26323183	5333		10700.359543219209
26324142	5285		10628.00720051676
26325176	5299		10632.545767374337
26326208	5301		10518.361882269382
26327287	5371		10624.511571355164
26328269	5329		10564.491282269359
26329267	5290		10452.40798945725
26330339	5317		10504.42544066906
26331313	5279		10504.675902590156
26332303	5237		10489.348508484662
26333411	5329		10571.981204390526
26334401	5307		10541.175753585994
26335477	5329		10576.954273283482
26336497	5311		10460.0508107692
26337457	5257		10384.694150663912
26338690	5449		10700.202440924942
26339702	5457		10676.869345702231
26340737	5453		10789.518753096461
26341735	5409		10720.318550348282
26342738	5367		10588.695561051369
26343835	5431		10729.632653601468
26344913	5500		10858.53912512213
26345924	5509		10790.242771297693
26346951	5526		10853.110991828144
26347926	5476		10994.941417217255
26348942	5428		10970.483401864767
26349946	5402		10859.45920290798
26350960	5393		10916.843333944678
26352010	5423		10934.38500020653
26353057	5426		10860.74830135703
26354083	5440		10851.783623374999
26355046	5390		10880.8783371225
26356012	5327		10833.556197151542
26357128	5397		10973.417079612613
26358149	5410		10978.448595039546
26359245	5485		10962.53433920443
26360207	5410		10818.492880024016
26361192	5371		10698.490314863622
26362227	5391		10674.568710878491
26363345	5475		10846.439546257257
26364348	5441		10968.380613580346
26365450	5498		11038.428957812488
26366471	5488		11002.931293308735
26367516	5513		11114.431497812271
26368635	5592		11314.632976308465
26369639	5563		11178.270140707493
26370706	5598		11178.558318309486
26371762	5609		11222.345178753138
26372740	5583		11186.735444284976
26373740	5574		11098.88471802324
26374728	5544		11129.165213808417
26375759	5560		11177.09053954482
26376787	5585		11319.723900198936
26377831	5617		11251.79246199876
26378841	5589		11218.978921301663
26379841	5564		11130.537915445864
26380878	5551		11160.268477723002
26381893	5539		11239.39665261656
26382956	5594		11186.048924550414
26383949	5540		11128.174925930798
26384926	5501		10959.230752296746
26385920	5486		10931.180931009352
26386984	5541		10928.733207717538
26388041	5565		10908.436876177788
26388976	5494		10869.832013905048
26389976	5485		10750.239626809955
26390920	5418		10661.342608682811
26391970	5435		10763.988233365119
26392985	5397		10687.084071844816
26394036	5406		10758.509795621037
26395051	5378		10749.191980674863
26396074	5376		10842.91458246857
26397088	5381		10843.798178650439
26398146	5434		10955.446165539324
26399080	5353		10910.494023703039
26400042	5298		10717.82480559498
26401010	5252		10664.133243843913
26402021	5214		10669.399730809033
26403031	5203		10627.41865490377
26404029	5194		10576.775085374713
26405062	5202		10469.039398565888
26406081	5180		10435.61484836042
26407098	5149		10252.519252546132
26408086	5111		10229.544303253293
26409148	5158		10384.086673900485
26410108	5099		10455.161783076823
26411197	5150		10366.835078373551
26412216	5133		10343.650765992701
26413245	5153		10377.078796163201
26414330	5226		10306.734053201973
26415307	5184		10173.132570162416
26416269	5137		10203.164408653975
26417265	5122		10263.884834744036
26418318	5143		10362.425052970648
26419429	5242		10665.905613675714
26420538	5306		10722.377784006298
26421614	5334		10684.517989650369
26422699	5392		10710.960575081408
26423706	5387		10597.472283057868
26424749	5377		10622.229164212942
26425784	5379		10666.651222795248
26426818	5381		10774.145549342036
26427910	5430		10868.72221492976
26428932	5405		10869.338766507804
26429967	5397		10863.783353202045
26431010	5417		10917.340024717152
26432076	5456		10881.9357521981
26433088	5455		10896.009412899613
26434054	5413		10787.915971793234
26435129	5445		10786.9175715819
26436202	5496		10707.039211779833
26437189	5470		10706.348890572786
26438148	5420		10704.162950709462
26439241	5462		10692.269279748201
26440330	5540		10868.513219639659
26441332	5522		11011.128123641014
26442292	5465		10934.850513532758
26443301	5472		10878.729099273682
26444300	5451		10868.034833438694
26445271	5418		10891.134741097689
26446317	5446		10928.4350425601
26447367	5480		10872.373140655458
26448416	5494		10944.860462613404
26449444	5497		11036.830767773092
26450441	5487		11009.273788258433
26451458	5494		10968.941325373948
26452476	5484		10965.728549212217
26453537	5528		11025.941135846078
26454518	5504		11004.043877929449
26455541	5501		10967.734864979982
26456580	5503		10903.989335685968
26457652	5544		11127.425396099687
26458682	5572		11176.96984487027
26459724	5599		11186.835308670998
26460709	5556		11100.741458006203
26461673	5504		11051.943868629634
26462710	5503		11090.810746595263
26463758	5509		11017.140569470823
26464756	5480		10994.019319184124
26465725	5429		10902.767203688622
26466772	5472		10937.190009988844
26467806	5499		11038.310756348073
26468795	5442		10962.17709606886
26469826	5473		11108.444894865155
26470883	5511		10986.199813179672
26471938	5540		11025.40433613956
26472903	5504		11034.44975220412
26473865	5431		10934.060842767358
26474995	5524		11013.3413477242
26476020	5535		11030.027717240155
26477088	5602		11155.350722633302
26478143	5639		11234.39709419012
26479138	5629		11131.191003076732
26480183	5672		11124.327588535845
26481241	5718		11267.259995132685
26482259	5714		11282.431467145681
26483255	5690		11148.658156231046
26484315	5727		11111.289308644831
26485376	5748		11178.152038484812
26486443	5798		11303.058809377253
26487429	5778		11265.023254923522
26488369	5682		11248.119634963572
26489339	5630		11335.898371823132
26490288	5574		11417.309406496584
26491304	5564		11385.407439678907
26492259	5495		11264.38478422165
26493254	5489		11126.122074350715
26494353	5552		11048.321337655187
26495448	5628		11102.204824626446
26496431	5571		10973.164046235383
26497447	5558		10943.391360864043
26498437	5528		11019.024001389742
26499399	5472		11003.770880021155
26500347	5411		11065.570827685297
26501308	5359		11081.212788946927
26502275	5321		11055.58880712837
26503364	5388		10992.014984056354
26504482	5475		10978.066886037588
26505528	5487		10967.042923934758
26506545	5502		10989.609929412603
26507563	5520		10979.889497935772
26508609	5540		11077.51744184643
26509600	5519		11210.498107336462
26510555	5467		11121.626774936914
26511638	5541		11117.19957061857
26512651	5518		11146.476195961237
26513690	5506		11186.879759594798
26514683	5481		10982.128065913916
26515670	5425		10781.861363351345
26516687	5442		10884.543757349253
26517716	5454		10789.04569440335
26518679	5371		10666.386870346963
26519724	5384		10682.037380054593
26520756	5378		10764.734670743346
26521763	5366		10780.897962473333
26522807	5374		10858.649110488594
26523773	5315		10776.059923037887
26524864	5358		10719.871613614261
26525750	5204		10547.32161065936
26526764	5173		10567.483568564057
26527695	5099		10489.785431988537
26528712	5103		10507.741526894271
26529797	5161		10595.427110888064
26530866	5196		10543.465088509023
26531893	5204		10447.958856478333
26532921	5225		10289.519666485488
26533923	5197		10175.48541752994
26534949	5216		10206.778300695121
26535911	5175		10167.42979504168
26537005	5238		10244.489578574896
26538053	5272		10370.380553811789
26539071	5262		10441.909156374633
26540150	5319		10507.16894622147
26541226	5357		10598.49951056391
26542271	5397		10763.564433842897
26543301	5412		10818.285955570638
26544363	5440		10907.066324956715
26545384	5423		10977.12637488544
26546431	5445		11060.74496294558
26547406	5408		10933.819865629077
26548419	5411		10907.313608266413
26549392	5369		10805.61056290567
26550436	5392		10767.426837563515
26551454	5402		10797.250709816813
26552472	5419		10936.354630701244
26553502	5448		10924.643654949963
26554415	5332		10826.976348377764
26555429	5316		10730.906440138817
26556457	5307		10668.373888649046
26557486	5336		10724.512236148119
26558450	5265		10775.16680778563
26559583	5361		10791.280049808323
26560595	5366		10823.520164355636
26561607	5366		10767.323641642928
26562596	5354		10796.244716197252
26563572	5323		10608.439656414092
26564622	5353		10624.216998249292
26565692	5380		10708.352348901331
26566699	5346		10695.574572302401
26567787	5415		10764.664182156324
26568816	5397		10711.178469836712
26569906	5460		10930.024085454643
26570876	5428		11025.392459265888
26572016	5559		11094.436623856425
26573085	5572		11152.351506836712
26574066	5527		11141.963431157172
26575135	5551		11110.204067751765
26576186	5590		11082.435980774462
26577288	5652		11129.546415187418
26578282	5620		11152.385152034461
26579358	5639		11026.45225711912
26580423	5676		11159.05171328038
26581369	5592		11093.897871382535
26582325	5544		11140.207546643913
26583403	5593		11261.607594884932
26584481	5631		11295.278409093618
26585514	5627		11350.093756869435
26586494	5567		11188.162850797176
26587598	5621		11232.884807929397
26588625	5639		11219.11696114391
26589591	5587		11138.263517990708
26590670	5637		11147.856280870736
26591651	5607		11115.286549299955
26592591	5542		11130.875988155603
26593524	5462		10992.348158553243
26594503	5419		11002.76179061085
26595514	5389		11116.213482573628
26596537	5376		11024.71747367084
26597533	5345		10921.227545619011
26598615	5380		10826.643004961312
26599708	5436		10727.234076663852
26600764	5485		10629.197027415037
26601806	5515		10656.143697477877
26602793	5446		10711.811797864735
26603829	5463		10774.081989713013
26604871	5484		10864.59750353545
26605978	5567		11212.375633396208
26606938	5480		11092.590122431517
26607979	5493		11044.973663069308
26609085	5566		11067.471843406558
26610043	5515		10897.015720821917
26611038	5501		10852.522423267365
26612076	5518		10905.215921103954
26613105	5547		10870.637620985508
26614110	5551		10996.361583851278
26615196	5633		11217.159465685487
26616215	5621		11180.548713386059
26617360	5724		11298.591699063778
26618359	5694		11222.622315771878
26619460	5775		11396.520222574472
26620523	5822		11565.781148687005
26621538	5837		11586.643620751798
26622540	5833		11550.811868548393
26623451	5728		11460.560472741723
26624537	5784		11576.63724450022
26625567	5792		11476.785485647619
26626643	5818		11546.386027686298
26627615	5736		11491.320660635829
26628686	5775		11663.418508283794
26629673	5750		11623.110584557056
26630742	5776		11721.037275210023
26631792	5780		11778.101252377033
26632890	5838		11762.432879127562
26633901	5815		11639.364521510899
26634911	5821		11607.165407307446
26635907	5791		11519.19826655835
26636973	5847		11468.04000876844
26637995	5850		11389.924950547516
26639009	5858		11462.96709625423
26640071	5883		11603.39524795115
26641090	5881		11723.306360982358
26642164	5931		11742.332923322916
26643146	5911		11859.784091316164
26644220	5979		11906.989148207009
26645304	6044		11935.650049366057
26646343	6075		11825.674499161541
26647369	6048		11642.273783482611
26648336	5988		11641.225214630365
26649256	5879		11547.52410966158
26650347	5914		11657.861676841974
26651330	5875		11825.534546419978
26652352	5858		11900.299276351929
26653371	5845		11912.057800360024
26654373	5795		11657.256618216634
26655326	5747		11469.070966482162
26656290	5711		11547.96644961834
26657344	5735		11417.983411371708
26658289	5678		11429.642705120146
26659295	5661		11382.48160481453
26660291	5617		11420.024456255138
26661218	5543		11257.931073315442
26662318	5628		11323.842963337898
26663369	5629		11378.996642529964
26664400	5649		11280.32656700164
26665436	5669		11172.227854892612
26666492	5715		11256.838448032737
26667537	5750		11307.784677609801
26668512	5711		11334.045699760318
26669539	5727		11369.354905888438
26670484	5656		11271.056943021715
26671572	5710		11464.40462988615
26672556	5669		11397.059684060514
26673603	5666		11416.61499734968
26674547	5593		11190.782828211784
26675669	5679		11334.596910230815
26676779	5776		11494.276979766786
26677843	5839		11415.846283949912
26678933	5907		11411.318227149546
26679952	5918		11468.350688070059
26680936	5901		11513.404071226716
26681966	5910		11494.291419453919
26683018	5937		11609.299136020243
26684015	5930		11684.42497485876
26685021	5927		11739.335455797613
26685978	5875		11775.622854828835
26687049	5923		11785.971691474319
26688100	5925		11896.487856425345
26689105	5908		11830.274120733142
26690112	5885		11885.478020116687
26691182	5896		11820.971118576825
26692173	5887		11827.510394468904
26693183	5854		11895.913499169052
26694143	5795		11770.336536541581
26695175	5799		11751.766275703907
26696137	5757		11561.388402760029
26697174	5774		11548.836634121835
26698246	5812		11538.007841847837
26699279	5844		11476.654558457434
26700326	5845		11350.320222355425
26701317	5810		11370.033883206546
26702310	5772		11428.180403076112
26703353	5786		11528.025604821742
26704349	5779		11586.940667383373
26705320	5709		11549.110110223293
26706344	5709		11585.672303974628
26707428	5789		11633.812886938453
26708415	5775		11524.899570465088
26709407	5739		11386.75354102254
26710424	5749		11551.655583299696
26711460	5773		11569.577255412936
26712395	5704		11684.034672752023
